SHARC Initial conditions file, version 4.0   <Excited>
Ninit     100
Natom     6
Repr      MCH
Eref         -78.0361508400
Eharm           0.0000000000
States    3 0 0


Equilibrium
C 6.0 -1.24471768 -0.00000000 0.00000000 12.01100000 0.00000000 0.00000000 0.00000000
C 6.0 1.24471768 0.00000000 0.00000000 12.01100000 0.00000000 0.00000000 0.00000000
H 1.0 -2.31902940 1.73159638 -0.00000000 1.00800000 0.00000000 0.00000000 0.00000000
H 1.0 2.31902940 1.73159638 -0.00000000 1.00800000 0.00000000 0.00000000 0.00000000
H 1.0 2.31902940 -1.73159638 0.00000000 1.00800000 0.00000000 0.00000000 0.00000000
H 1.0 -2.31902940 -1.73159638 -0.00000000 1.00800000 0.00000000 0.00000000 0.00000000


Index     1
Atoms
C 6.0 0.00000000 0.00000000 0.00000000 12.01100000 0.00000000 0.00000000 0.00000000
C 6.0 2.07869874 0.00000000 0.00000000 12.01100000 0.00000000 0.00000000 0.00000000
H 1.0 -1.06776399 1.74578200 0.00000000 1.00800000 0.00000000 0.00000000 0.00000000
H 1.0 3.14646273 1.74578198 0.00030470 1.00800000 0.00000000 0.00000000 0.00000000
H 1.0 3.14646273 -1.74578198 -0.00030470 1.00800000 0.00000000 0.00000000 0.00000000
H 1.0 -1.06776399 -1.74578200 -0.00000000 1.00800000 0.00000000 0.00000000 0.00000000
States
001    -77.94089139 -77.94089139   0.00000000   0.00000000   0.00000000   0.00000000   0.00000000   0.00000000   0.00000000   0.00000000
002    -77.54246328 -77.94089139   0.00000000   0.00000000   0.00000000   0.00000000   0.00000000   0.00000000   0.39842811   0.00000000
003    -77.18427394 -77.94089139   0.00000000   0.00000000   0.00000000   0.00000000   0.00000000   0.00000000   0.75661745   0.00000000
Ekin    0.00000000 a.u.
Epot_harm    0.00000000 a.u.
Epot    0.09525945 a.u.
Etot_harm    0.00000000 a.u.
Etot    0.09525945 a.u.


Index     2
Atoms
C 6.0 0.00000000 0.00000000 0.00000000 12.01100000 0.00000000 0.00000000 0.00000000
C 6.0 2.07869874 0.00000000 0.00000000 12.01100000 0.00000000 0.00000000 0.00000000
H 1.0 -1.06776399 1.74578200 0.00000000 1.00800000 0.00000000 0.00000000 0.00000000
H 1.0 3.14646273 1.64039422 0.59737892 1.00800000 0.00000000 0.00000000 0.00000000
H 1.0 3.14646273 -1.64039422 -0.59737892 1.00800000 0.00000000 0.00000000 0.00000000
H 1.0 -1.06776399 -1.74578200 -0.00000000 1.00800000 0.00000000 0.00000000 0.00000000
States
001    -77.93108607 -77.93108607   0.00000000   0.00000000   0.00000000   0.00000000   0.00000000   0.00000000   0.00000000   0.00000000
002    -77.59026681 -77.93108607   0.00000000   0.00000000   0.00000000   0.00000000   0.00000000   0.00000000   0.34081926   0.00000000
003    -77.31167027 -77.93108607   0.00000000   0.00000000   0.00000000   0.00000000   0.00000000   0.00000000   0.61941580   0.00000000
Ekin    0.00000000 a.u.
Epot_harm    0.00000000 a.u.
Epot    0.10506477 a.u.
Etot_harm    0.00000000 a.u.
Etot    0.10506477 a.u.


Index     3
Atoms
C 6.0 0.00000000 0.00000000 0.00000000 12.01100000 0.00000000 0.00000000 0.00000000
C 6.0 2.07869874 0.00000000 0.00000000 12.01100000 0.00000000 0.00000000 0.00000000
H 1.0 -1.06776399 1.74578200 0.00000000 1.00800000 0.00000000 0.00000000 0.00000000
H 1.0 3.14646273 1.33715072 1.12240043 1.00800000 0.00000000 0.00000000 0.00000000
H 1.0 3.14646273 -1.33715072 -1.12240043 1.00800000 0.00000000 0.00000000 0.00000000
H 1.0 -1.06776399 -1.74578200 -0.00000000 1.00800000 0.00000000 0.00000000 0.00000000
States
001    -77.90029479 -77.90029479   0.00000000   0.00000000   0.00000000   0.00000000   0.00000000   0.00000000   0.00000000   0.00000000
002    -77.63797970 -77.90029479   0.00000000   0.00000000   0.00000000   0.00000000   0.00000000   0.00000000   0.26231509   0.00000000
003    -77.44076479 -77.90029479   0.00000000   0.00000000   0.00000000   0.00000000   0.00000000   0.00000000   0.45953000   0.00000000
Ekin    0.00000000 a.u.
Epot_harm    0.00000000 a.u.
Epot    0.13585605 a.u.
Etot_harm    0.00000000 a.u.
Etot    0.13585605 a.u.


Index     4
Atoms
C 6.0 0.00000000 0.00000000 0.00000000 12.01100000 0.00000000 0.00000000 0.00000000
C 6.0 2.07869874 0.00000000 0.00000000 12.01100000 0.00000000 0.00000000 0.00000000
H 1.0 -1.06776399 1.74578200 0.00000000 1.00800000 0.00000000 0.00000000 0.00000000
H 1.0 3.14646273 0.87262711 1.51204389 1.00800000 0.00000000 0.00000000 0.00000000
H 1.0 3.14646273 -0.87262711 -1.51204389 1.00800000 0.00000000 0.00000000 0.00000000
H 1.0 -1.06776399 -1.74578200 -0.00000000 1.00800000 0.00000000 0.00000000 0.00000000
States
001    -77.84966253 -77.84966253   0.00000000   0.00000000   0.00000000   0.00000000   0.00000000   0.00000000   0.00000000   0.00000000
002    -77.67147865 -77.84966253   0.00000000   0.00000000   0.00000000   0.00000000   0.00000000   0.00000000   0.17818388   0.00000000
003    -77.56092391 -77.84966253   0.00000000   0.00000000   0.00000000   0.00000000   0.00000000   0.00000000   0.28873862   0.00000000
Ekin    0.00000000 a.u.
Epot_harm    0.00000000 a.u.
Epot    0.18648831 a.u.
Etot_harm    0.00000000 a.u.
Etot    0.18648831 a.u.


Index     5
Atoms
C 6.0 0.00000000 0.00000000 0.00000000 12.01100000 0.00000000 0.00000000 0.00000000
C 6.0 2.07869874 0.00000000 0.00000000 12.01100000 0.00000000 0.00000000 0.00000000
H 1.0 -1.06776399 1.74578200 0.00000000 1.00800000 0.00000000 0.00000000 0.00000000
H 1.0 3.14646273 0.30285180 1.71931253 1.00800000 0.00000000 0.00000000 0.00000000
H 1.0 3.14646273 -0.30285180 -1.71931253 1.00800000 0.00000000 0.00000000 0.00000000
H 1.0 -1.06776399 -1.74578200 -0.00000000 1.00800000 0.00000000 0.00000000 0.00000000
States
001    -77.78608261 -77.78608261   0.00000000   0.00000000   0.00000000   0.00000000   0.00000000   0.00000000   0.00000000   0.00000000
002    -77.68876625 -77.78608261   0.00000000   0.00000000   0.00000000   0.00000000   0.00000000   0.00000000   0.09731636   0.00000000
003    -77.66041003 -77.78608261   0.00000000   0.00000000   0.00000000   0.00000000   0.00000000   0.00000000   0.12567258   0.00000000
Ekin    0.00000000 a.u.
Epot_harm    0.00000000 a.u.
Epot    0.25006823 a.u.
Etot_harm    0.00000000 a.u.
Etot    0.25006823 a.u.


Index     6
Atoms
C 6.0 0.00000000 0.00000000 0.00000000 12.01100000 0.00000000 0.00000000 0.00000000
C 6.0 2.07869874 0.00000000 0.00000000 12.01100000 0.00000000 0.00000000 0.00000000
H 1.0 -1.06776399 1.74578200 0.00000000 1.00800000 0.00000000 0.00000000 0.00000000
H 1.0 3.14646273 -0.30345192 1.71920671 1.00800000 0.00000000 0.00000000 0.00000000
H 1.0 3.14646273 0.30345192 -1.71920671 1.00800000 0.00000000 0.00000000 0.00000000
H 1.0 -1.06776399 -1.74578200 -0.00000000 1.00800000 0.00000000 0.00000000 0.00000000
States
001    -77.78614194 -77.78614194   0.00000000   0.00000000   0.00000000   0.00000000   0.00000000   0.00000000   0.00000000   0.00000000
002    -77.68875751 -77.78614194   0.00000000   0.00000000   0.00000000   0.00000000   0.00000000   0.00000000   0.09738443   0.00000000
003    -77.66033254 -77.78614194   0.00000000   0.00000000   0.00000000   0.00000000   0.00000000   0.00000000   0.12580940   0.00000000
Ekin    0.00000000 a.u.
Epot_harm    0.00000000 a.u.
Epot    0.25000890 a.u.
Etot_harm    0.00000000 a.u.
Etot    0.25000890 a.u.


Index     7
Atoms
C 6.0 0.00000000 0.00000000 0.00000000 12.01100000 0.00000000 0.00000000 0.00000000
C 6.0 2.07869874 0.00000000 0.00000000 12.01100000 0.00000000 0.00000000 0.00000000
H 1.0 -1.06776399 1.74578200 0.00000000 1.00800000 0.00000000 0.00000000 0.00000000
H 1.0 3.14646273 -0.87315485 1.51173919 1.00800000 0.00000000 0.00000000 0.00000000
H 1.0 3.14646273 0.87315485 -1.51173919 1.00800000 0.00000000 0.00000000 0.00000000
H 1.0 -1.06776399 -1.74578200 -0.00000000 1.00800000 0.00000000 0.00000000 0.00000000
States
001    -77.84972208 -77.84972208   0.00000000   0.00000000   0.00000000   0.00000000   0.00000000   0.00000000   0.00000000   0.00000000
002    -77.67145299 -77.84972208   0.00000000   0.00000000   0.00000000   0.00000000   0.00000000   0.00000000   0.17826909   0.00000000
003    -77.56081106 -77.84972208   0.00000000   0.00000000   0.00000000   0.00000000   0.00000000   0.00000000   0.28891102   0.00000000
Ekin    0.00000000 a.u.
Epot_harm    0.00000000 a.u.
Epot    0.18642876 a.u.
Etot_harm    0.00000000 a.u.
Etot    0.18642876 a.u.


Index     8
Atoms
C 6.0 0.00000000 0.00000000 0.00000000 12.01100000 0.00000000 0.00000000 0.00000000
C 6.0 2.07869874 0.00000000 0.00000000 12.01100000 0.00000000 0.00000000 0.00000000
H 1.0 -1.06776399 1.74578200 0.00000000 1.00800000 0.00000000 0.00000000 0.00000000
H 1.0 3.14646273 -1.33754244 1.12193361 1.00800000 0.00000000 0.00000000 0.00000000
H 1.0 3.14646273 1.33754244 -1.12193361 1.00800000 0.00000000 0.00000000 0.00000000
H 1.0 -1.06776399 -1.74578200 -0.00000000 1.00800000 0.00000000 0.00000000 0.00000000
States
001    -77.90033579 -77.90033579   0.00000000   0.00000000   0.00000000   0.00000000   0.00000000   0.00000000   0.00000000   0.00000000
002    -77.63793868 -77.90033579   0.00000000   0.00000000   0.00000000   0.00000000   0.00000000   0.00000000   0.26239711   0.00000000
003    -77.44063878 -77.90033579   0.00000000   0.00000000   0.00000000   0.00000000   0.00000000   0.00000000   0.45969701   0.00000000
Ekin    0.00000000 a.u.
Epot_harm    0.00000000 a.u.
Epot    0.13581505 a.u.
Etot_harm    0.00000000 a.u.
Etot    0.13581505 a.u.


Index     9
Atoms
C 6.0 0.00000000 0.00000000 0.00000000 12.01100000 0.00000000 0.00000000 0.00000000
C 6.0 2.07869874 0.00000000 0.00000000 12.01100000 0.00000000 0.00000000 0.00000000
H 1.0 -1.06776399 1.74578200 0.00000000 1.00800000 0.00000000 0.00000000 0.00000000
H 1.0 3.14646273 -1.64060266 0.59680628 1.00800000 0.00000000 0.00000000 0.00000000
H 1.0 3.14646273 1.64060266 -0.59680628 1.00800000 0.00000000 0.00000000 0.00000000
H 1.0 -1.06776399 -1.74578200 -0.00000000 1.00800000 0.00000000 0.00000000 0.00000000
States
001    -77.93110657 -77.93110657   0.00000000   0.00000000   0.00000000   0.00000000   0.00000000   0.00000000   0.00000000   0.00000000
002    -77.59021301 -77.93110657   0.00000000   0.00000000   0.00000000   0.00000000   0.00000000   0.00000000   0.34089356   0.00000000
003    -77.31153971 -77.93110657   0.00000000   0.00000000   0.00000000   0.00000000   0.00000000   0.00000000   0.61956686   0.00000000
Ekin    0.00000000 a.u.
Epot_harm    0.00000000 a.u.
Epot    0.10504427 a.u.
Etot_harm    0.00000000 a.u.
Etot    0.10504427 a.u.


Index     10
Atoms
C 6.0 0.00000000 0.00000000 0.00000000 12.01100000 0.00000000 0.00000000 0.00000000
C 6.0 2.07869874 0.00000000 0.00000000 12.01100000 0.00000000 0.00000000 0.00000000
H 1.0 -1.06776399 1.74578200 0.00000000 1.00800000 0.00000000 0.00000000 0.00000000
H 1.0 3.14646273 -1.74578198 -0.00030470 1.00800000 0.00000000 0.00000000 0.00000000
H 1.0 3.14646273 1.74578198 0.00030470 1.00800000 0.00000000 0.00000000 0.00000000
H 1.0 -1.06776399 -1.74578200 -0.00000000 1.00800000 0.00000000 0.00000000 0.00000000
States
001    -77.94089139 -77.94089139   0.00000000   0.00000000   0.00000000   0.00000000   0.00000000   0.00000000   0.00000000   0.00000000
002    -77.54246328 -77.94089139   0.00000000   0.00000000   0.00000000   0.00000000   0.00000000   0.00000000   0.39842811   0.00000000
003    -77.18427394 -77.94089139   0.00000000   0.00000000   0.00000000   0.00000000   0.00000000   0.00000000   0.75661745   0.00000000
Ekin    0.00000000 a.u.
Epot_harm    0.00000000 a.u.
Epot    0.09525945 a.u.
Etot_harm    0.00000000 a.u.
Etot    0.09525945 a.u.


Index     11
Atoms
C 6.0 0.00000000 0.00000000 0.00000000 12.01100000 0.00000000 0.00000000 0.00000000
C 6.0 2.47764092 0.00000000 0.00000000 12.01100000 0.00000000 0.00000000 0.00000000
H 1.0 -1.06776399 1.74578200 0.00000000 1.00800000 0.00000000 0.00000000 0.00000000
H 1.0 3.54540491 1.74578198 0.00030470 1.00800000 0.00000000 0.00000000 0.00000000
H 1.0 3.54540491 -1.74578198 -0.00030470 1.00800000 0.00000000 0.00000000 0.00000000
H 1.0 -1.06776399 -1.74578200 -0.00000000 1.00800000 0.00000000 0.00000000 0.00000000
States
001    -78.05368050 -78.05368050   0.00000000   0.00000000   0.00000000   0.00000000   0.00000000   0.00000000   0.00000000   0.00000000
002    -77.68204164 -78.05368050   0.00000000   0.00000000   0.00000000   0.00000000   0.00000000   0.00000000   0.37163886   0.00000000
003    -77.48256614 -78.05368050   0.00000000   0.00000000   0.00000000   0.00000000   0.00000000   0.00000000   0.57111436   0.00000000
Ekin    0.00000000 a.u.
Epot_harm    0.00000000 a.u.
Epot    -0.01752966 a.u.
Etot_harm    0.00000000 a.u.
Etot    -0.01752966 a.u.


Index     12
Atoms
C 6.0 0.00000000 0.00000000 0.00000000 12.01100000 0.00000000 0.00000000 0.00000000
C 6.0 2.47764092 0.00000000 0.00000000 12.01100000 0.00000000 0.00000000 0.00000000
H 1.0 -1.06776399 1.74578200 0.00000000 1.00800000 0.00000000 0.00000000 0.00000000
H 1.0 3.54540491 1.64039422 0.59737892 1.00800000 0.00000000 0.00000000 0.00000000
H 1.0 3.54540491 -1.64039422 -0.59737892 1.00800000 0.00000000 0.00000000 0.00000000
H 1.0 -1.06776399 -1.74578200 -0.00000000 1.00800000 0.00000000 0.00000000 0.00000000
States
001    -78.03915657 -78.03915657   0.00000000   0.00000000   0.00000000   0.00000000   0.00000000   0.00000000   0.00000000   0.00000000
002    -77.71894292 -78.03915657   0.00000000   0.00000000   0.00000000   0.00000000   0.00000000   0.00000000   0.32021365   0.00000000
003    -77.53235864 -78.03915657   0.00000000   0.00000000   0.00000000   0.00000000   0.00000000   0.00000000   0.50679793   0.00000000
Ekin    0.00000000 a.u.
Epot_harm    0.00000000 a.u.
Epot    -0.00300573 a.u.
Etot_harm    0.00000000 a.u.
Etot    -0.00300573 a.u.


Index     13
Atoms
C 6.0 0.00000000 0.00000000 0.00000000 12.01100000 0.00000000 0.00000000 0.00000000
C 6.0 2.47764092 0.00000000 0.00000000 12.01100000 0.00000000 0.00000000 0.00000000
H 1.0 -1.06776399 1.74578200 0.00000000 1.00800000 0.00000000 0.00000000 0.00000000
H 1.0 3.54540491 1.33715072 1.12240043 1.00800000 0.00000000 0.00000000 0.00000000
H 1.0 3.54540491 -1.33715072 -1.12240043 1.00800000 0.00000000 0.00000000 0.00000000
H 1.0 -1.06776399 -1.74578200 -0.00000000 1.00800000 0.00000000 0.00000000 0.00000000
States
001    -78.01171550 -78.01171550   0.00000000   0.00000000   0.00000000   0.00000000   0.00000000   0.00000000   0.00000000   0.00000000
002    -77.75894069 -78.01171550   0.00000000   0.00000000   0.00000000   0.00000000   0.00000000   0.00000000   0.25277481   0.00000000
003    -77.62149898 -78.01171550   0.00000000   0.00000000   0.00000000   0.00000000   0.00000000   0.00000000   0.39021652   0.00000000
Ekin    0.00000000 a.u.
Epot_harm    0.00000000 a.u.
Epot    0.02443534 a.u.
Etot_harm    0.00000000 a.u.
Etot    0.02443534 a.u.


Index     14
Atoms
C 6.0 0.00000000 0.00000000 0.00000000 12.01100000 0.00000000 0.00000000 0.00000000
C 6.0 2.47764092 0.00000000 0.00000000 12.01100000 0.00000000 0.00000000 0.00000000
H 1.0 -1.06776399 1.74578200 0.00000000 1.00800000 0.00000000 0.00000000 0.00000000
H 1.0 3.54540491 0.87262711 1.51204389 1.00800000 0.00000000 0.00000000 0.00000000
H 1.0 3.54540491 -0.87262711 -1.51204389 1.00800000 0.00000000 0.00000000 0.00000000
H 1.0 -1.06776399 -1.74578200 -0.00000000 1.00800000 0.00000000 0.00000000 0.00000000
States
001    -77.97065093 -77.97065093   0.00000000   0.00000000   0.00000000   0.00000000   0.00000000   0.00000000   0.00000000   0.00000000
002    -77.78768980 -77.97065093   0.00000000   0.00000000   0.00000000   0.00000000   0.00000000   0.00000000   0.18296113   0.00000000
003    -77.71265667 -77.97065093   0.00000000   0.00000000   0.00000000   0.00000000   0.00000000   0.00000000   0.25799426   0.00000000
Ekin    0.00000000 a.u.
Epot_harm    0.00000000 a.u.
Epot    0.06549991 a.u.
Etot_harm    0.00000000 a.u.
Etot    0.06549991 a.u.


Index     15
Atoms
C 6.0 0.00000000 0.00000000 0.00000000 12.01100000 0.00000000 0.00000000 0.00000000
C 6.0 2.47764092 0.00000000 0.00000000 12.01100000 0.00000000 0.00000000 0.00000000
H 1.0 -1.06776399 1.74578200 0.00000000 1.00800000 0.00000000 0.00000000 0.00000000
H 1.0 3.54540491 0.30285180 1.71931253 1.00800000 0.00000000 0.00000000 0.00000000
H 1.0 3.54540491 -0.30285180 -1.71931253 1.00800000 0.00000000 0.00000000 0.00000000
H 1.0 -1.06776399 -1.74578200 -0.00000000 1.00800000 0.00000000 0.00000000 0.00000000
States
001    -77.92544507 -77.92544507   0.00000000   0.00000000   0.00000000   0.00000000   0.00000000   0.00000000   0.00000000   0.00000000
002    -77.80259346 -77.92544507   0.00000000   0.00000000   0.00000000   0.00000000   0.00000000   0.00000000   0.12285161   0.00000000
003    -77.78486659 -77.92544507   0.00000000   0.00000000   0.00000000   0.00000000   0.00000000   0.00000000   0.14057848   0.00000000
Ekin    0.00000000 a.u.
Epot_harm    0.00000000 a.u.
Epot    0.11070577 a.u.
Etot_harm    0.00000000 a.u.
Etot    0.11070577 a.u.


Index     16
Atoms
C 6.0 0.00000000 0.00000000 0.00000000 12.01100000 0.00000000 0.00000000 0.00000000
C 6.0 2.47764092 0.00000000 0.00000000 12.01100000 0.00000000 0.00000000 0.00000000
H 1.0 -1.06776399 1.74578200 0.00000000 1.00800000 0.00000000 0.00000000 0.00000000
H 1.0 3.54540491 -0.30345192 1.71920671 1.00800000 0.00000000 0.00000000 0.00000000
H 1.0 3.54540491 0.30345192 -1.71920671 1.00800000 0.00000000 0.00000000 0.00000000
H 1.0 -1.06776399 -1.74578200 -0.00000000 1.00800000 0.00000000 0.00000000 0.00000000
States
001    -77.92548087 -77.92548087   0.00000000   0.00000000   0.00000000   0.00000000   0.00000000   0.00000000   0.00000000   0.00000000
002    -77.80258592 -77.92548087   0.00000000   0.00000000   0.00000000   0.00000000   0.00000000   0.00000000   0.12289495   0.00000000
003    -77.78481699 -77.92548087   0.00000000   0.00000000   0.00000000   0.00000000   0.00000000   0.00000000   0.14066388   0.00000000
Ekin    0.00000000 a.u.
Epot_harm    0.00000000 a.u.
Epot    0.11066997 a.u.
Etot_harm    0.00000000 a.u.
Etot    0.11066997 a.u.


Index     17
Atoms
C 6.0 0.00000000 0.00000000 0.00000000 12.01100000 0.00000000 0.00000000 0.00000000
C 6.0 2.47764092 0.00000000 0.00000000 12.01100000 0.00000000 0.00000000 0.00000000
H 1.0 -1.06776399 1.74578200 0.00000000 1.00800000 0.00000000 0.00000000 0.00000000
H 1.0 3.54540491 -0.87315485 1.51173919 1.00800000 0.00000000 0.00000000 0.00000000
H 1.0 3.54540491 0.87315485 -1.51173919 1.00800000 0.00000000 0.00000000 0.00000000
H 1.0 -1.06776399 -1.74578200 -0.00000000 1.00800000 0.00000000 0.00000000 0.00000000
States
001    -77.97069735 -77.97069735   0.00000000   0.00000000   0.00000000   0.00000000   0.00000000   0.00000000   0.00000000   0.00000000
002    -77.78766769 -77.97069735   0.00000000   0.00000000   0.00000000   0.00000000   0.00000000   0.00000000   0.18302966   0.00000000
003    -77.71257064 -77.97069735   0.00000000   0.00000000   0.00000000   0.00000000   0.00000000   0.00000000   0.25812671   0.00000000
Ekin    0.00000000 a.u.
Epot_harm    0.00000000 a.u.
Epot    0.06545349 a.u.
Etot_harm    0.00000000 a.u.
Etot    0.06545349 a.u.


Index     18
Atoms
C 6.0 0.00000000 0.00000000 0.00000000 12.01100000 0.00000000 0.00000000 0.00000000
C 6.0 2.47764092 0.00000000 0.00000000 12.01100000 0.00000000 0.00000000 0.00000000
H 1.0 -1.06776399 1.74578200 0.00000000 1.00800000 0.00000000 0.00000000 0.00000000
H 1.0 3.54540491 -1.33754244 1.12193361 1.00800000 0.00000000 0.00000000 0.00000000
H 1.0 3.54540491 1.33754244 -1.12193361 1.00800000 0.00000000 0.00000000 0.00000000
H 1.0 -1.06776399 -1.74578200 -0.00000000 1.00800000 0.00000000 0.00000000 0.00000000
States
001    -78.01175010 -78.01175010   0.00000000   0.00000000   0.00000000   0.00000000   0.00000000   0.00000000   0.00000000   0.00000000
002    -77.75890569 -78.01175010   0.00000000   0.00000000   0.00000000   0.00000000   0.00000000   0.00000000   0.25284441   0.00000000
003    -77.62140551 -78.01175010   0.00000000   0.00000000   0.00000000   0.00000000   0.00000000   0.00000000   0.39034459   0.00000000
Ekin    0.00000000 a.u.
Epot_harm    0.00000000 a.u.
Epot    0.02440074 a.u.
Etot_harm    0.00000000 a.u.
Etot    0.02440074 a.u.


Index     19
Atoms
C 6.0 0.00000000 0.00000000 0.00000000 12.01100000 0.00000000 0.00000000 0.00000000
C 6.0 2.47764092 0.00000000 0.00000000 12.01100000 0.00000000 0.00000000 0.00000000
H 1.0 -1.06776399 1.74578200 0.00000000 1.00800000 0.00000000 0.00000000 0.00000000
H 1.0 3.54540491 -1.64060266 0.59680628 1.00800000 0.00000000 0.00000000 0.00000000
H 1.0 3.54540491 1.64060266 -0.59680628 1.00800000 0.00000000 0.00000000 0.00000000
H 1.0 -1.06776399 -1.74578200 -0.00000000 1.00800000 0.00000000 0.00000000 0.00000000
States
001    -78.03917715 -78.03917715   0.00000000   0.00000000   0.00000000   0.00000000   0.00000000   0.00000000   0.00000000   0.00000000
002    -77.71889897 -78.03917715   0.00000000   0.00000000   0.00000000   0.00000000   0.00000000   0.00000000   0.32027818   0.00000000
003    -77.53227880 -78.03917715   0.00000000   0.00000000   0.00000000   0.00000000   0.00000000   0.00000000   0.50689835   0.00000000
Ekin    0.00000000 a.u.
Epot_harm    0.00000000 a.u.
Epot    -0.00302631 a.u.
Etot_harm    0.00000000 a.u.
Etot    -0.00302631 a.u.


Index     20
Atoms
C 6.0 0.00000000 0.00000000 0.00000000 12.01100000 0.00000000 0.00000000 0.00000000
C 6.0 2.47764092 0.00000000 0.00000000 12.01100000 0.00000000 0.00000000 0.00000000
H 1.0 -1.06776399 1.74578200 0.00000000 1.00800000 0.00000000 0.00000000 0.00000000
H 1.0 3.54540491 -1.74578198 -0.00030470 1.00800000 0.00000000 0.00000000 0.00000000
H 1.0 3.54540491 1.74578198 0.00030470 1.00800000 0.00000000 0.00000000 0.00000000
H 1.0 -1.06776399 -1.74578200 -0.00000000 1.00800000 0.00000000 0.00000000 0.00000000
States
001    -78.05368050 -78.05368050   0.00000000   0.00000000   0.00000000   0.00000000   0.00000000   0.00000000   0.00000000   0.00000000
002    -77.68204164 -78.05368050   0.00000000   0.00000000   0.00000000   0.00000000   0.00000000   0.00000000   0.37163886   0.00000000
003    -77.48256614 -78.05368050   0.00000000   0.00000000   0.00000000   0.00000000   0.00000000   0.00000000   0.57111436   0.00000000
Ekin    0.00000000 a.u.
Epot_harm    0.00000000 a.u.
Epot    -0.01752966 a.u.
Etot_harm    0.00000000 a.u.
Etot    -0.01752966 a.u.


Index     21
Atoms
C 6.0 0.00000000 0.00000000 0.00000000 12.01100000 0.00000000 0.00000000 0.00000000
C 6.0 2.87658310 0.00000000 0.00000000 12.01100000 0.00000000 0.00000000 0.00000000
H 1.0 -1.06776399 1.74578200 0.00000000 1.00800000 0.00000000 0.00000000 0.00000000
H 1.0 3.94434709 1.74578198 0.00030470 1.00800000 0.00000000 0.00000000 0.00000000
H 1.0 3.94434709 -1.74578198 -0.00030470 1.00800000 0.00000000 0.00000000 0.00000000
H 1.0 -1.06776399 -1.74578200 -0.00000000 1.00800000 0.00000000 0.00000000 0.00000000
States
001    -78.02830822 -78.02830822   0.00000000   0.00000000   0.00000000   0.00000000   0.00000000   0.00000000   0.00000000   0.00000000
002    -77.70274324 -78.02830822   0.00000000   0.00000000   0.00000000   0.00000000   0.00000000   0.00000000   0.32556498   0.00000000
003    -77.58019277 -78.02830822   0.00000000   0.00000000   0.00000000   0.00000000   0.00000000   0.00000000   0.44811545   0.00000000
Ekin    0.00000000 a.u.
Epot_harm    0.00000000 a.u.
Epot    0.00784262 a.u.
Etot_harm    0.00000000 a.u.
Etot    0.00784262 a.u.


Index     22
Atoms
C 6.0 0.00000000 0.00000000 0.00000000 12.01100000 0.00000000 0.00000000 0.00000000
C 6.0 2.87658310 0.00000000 0.00000000 12.01100000 0.00000000 0.00000000 0.00000000
H 1.0 -1.06776399 1.74578200 0.00000000 1.00800000 0.00000000 0.00000000 0.00000000
H 1.0 3.94434709 1.64039422 0.59737892 1.00800000 0.00000000 0.00000000 0.00000000
H 1.0 3.94434709 -1.64039422 -0.59737892 1.00800000 0.00000000 0.00000000 0.00000000
H 1.0 -1.06776399 -1.74578200 -0.00000000 1.00800000 0.00000000 0.00000000 0.00000000
States
001    -78.01734483 -78.01734483   0.00000000   0.00000000   0.00000000   0.00000000   0.00000000   0.00000000   0.00000000   0.00000000
002    -77.71966029 -78.01734483   0.00000000   0.00000000   0.00000000   0.00000000   0.00000000   0.00000000   0.29768454   0.00000000
003    -77.60588783 -78.01734483   0.00000000   0.00000000   0.00000000   0.00000000   0.00000000   0.00000000   0.41145700   0.00000000
Ekin    0.00000000 a.u.
Epot_harm    0.00000000 a.u.
Epot    0.01880601 a.u.
Etot_harm    0.00000000 a.u.
Etot    0.01880601 a.u.


Index     23
Atoms
C 6.0 0.00000000 0.00000000 0.00000000 12.01100000 0.00000000 0.00000000 0.00000000
C 6.0 2.87658310 0.00000000 0.00000000 12.01100000 0.00000000 0.00000000 0.00000000
H 1.0 -1.06776399 1.74578200 0.00000000 1.00800000 0.00000000 0.00000000 0.00000000
H 1.0 3.94434709 1.33715072 1.12240043 1.00800000 0.00000000 0.00000000 0.00000000
H 1.0 3.94434709 -1.33715072 -1.12240043 1.00800000 0.00000000 0.00000000 0.00000000
H 1.0 -1.06776399 -1.74578200 -0.00000000 1.00800000 0.00000000 0.00000000 0.00000000
States
001    -77.99410276 -77.99410276   0.00000000   0.00000000   0.00000000   0.00000000   0.00000000   0.00000000   0.00000000   0.00000000
002    -77.74705304 -77.99410276   0.00000000   0.00000000   0.00000000   0.00000000   0.00000000   0.00000000   0.24704972   0.00000000
003    -77.66231167 -77.99410276   0.00000000   0.00000000   0.00000000   0.00000000   0.00000000   0.00000000   0.33179109   0.00000000
Ekin    0.00000000 a.u.
Epot_harm    0.00000000 a.u.
Epot    0.04204808 a.u.
Etot_harm    0.00000000 a.u.
Etot    0.04204808 a.u.


Index     24
Atoms
C 6.0 0.00000000 0.00000000 0.00000000 12.01100000 0.00000000 0.00000000 0.00000000
C 6.0 2.87658310 0.00000000 0.00000000 12.01100000 0.00000000 0.00000000 0.00000000
H 1.0 -1.06776399 1.74578200 0.00000000 1.00800000 0.00000000 0.00000000 0.00000000
H 1.0 3.94434709 0.87262711 1.51204389 1.00800000 0.00000000 0.00000000 0.00000000
H 1.0 3.94434709 -0.87262711 -1.51204389 1.00800000 0.00000000 0.00000000 0.00000000
H 1.0 -1.06776399 -1.74578200 -0.00000000 1.00800000 0.00000000 0.00000000 0.00000000
States
001    -77.96360100 -77.96360100   0.00000000   0.00000000   0.00000000   0.00000000   0.00000000   0.00000000   0.00000000   0.00000000
002    -77.76880513 -77.96360100   0.00000000   0.00000000   0.00000000   0.00000000   0.00000000   0.00000000   0.19479587   0.00000000
003    -77.72417713 -77.96360100   0.00000000   0.00000000   0.00000000   0.00000000   0.00000000   0.00000000   0.23942387   0.00000000
Ekin    0.00000000 a.u.
Epot_harm    0.00000000 a.u.
Epot    0.07254984 a.u.
Etot_harm    0.00000000 a.u.
Etot    0.07254984 a.u.


Index     25
Atoms
C 6.0 0.00000000 0.00000000 0.00000000 12.01100000 0.00000000 0.00000000 0.00000000
C 6.0 2.87658310 0.00000000 0.00000000 12.01100000 0.00000000 0.00000000 0.00000000
H 1.0 -1.06776399 1.74578200 0.00000000 1.00800000 0.00000000 0.00000000 0.00000000
H 1.0 3.94434709 0.30285180 1.71931253 1.00800000 0.00000000 0.00000000 0.00000000
H 1.0 3.94434709 -0.30285180 -1.71931253 1.00800000 0.00000000 0.00000000 0.00000000
H 1.0 -1.06776399 -1.74578200 -0.00000000 1.00800000 0.00000000 0.00000000 0.00000000
States
001    -77.93574104 -77.93574104   0.00000000   0.00000000   0.00000000   0.00000000   0.00000000   0.00000000   0.00000000   0.00000000
002    -77.78043123 -77.93574104   0.00000000   0.00000000   0.00000000   0.00000000   0.00000000   0.00000000   0.15530981   0.00000000
003    -77.77000656 -77.93574104   0.00000000   0.00000000   0.00000000   0.00000000   0.00000000   0.00000000   0.16573448   0.00000000
Ekin    0.00000000 a.u.
Epot_harm    0.00000000 a.u.
Epot    0.10040980 a.u.
Etot_harm    0.00000000 a.u.
Etot    0.10040980 a.u.


Index     26
Atoms
C 6.0 0.00000000 0.00000000 0.00000000 12.01100000 0.00000000 0.00000000 0.00000000
C 6.0 2.87658310 0.00000000 0.00000000 12.01100000 0.00000000 0.00000000 0.00000000
H 1.0 -1.06776399 1.74578200 0.00000000 1.00800000 0.00000000 0.00000000 0.00000000
H 1.0 3.94434709 -0.30345192 1.71920671 1.00800000 0.00000000 0.00000000 0.00000000
H 1.0 3.94434709 0.30345192 -1.71920671 1.00800000 0.00000000 0.00000000 0.00000000
H 1.0 -1.06776399 -1.74578200 -0.00000000 1.00800000 0.00000000 0.00000000 0.00000000
States
001    -77.93575972 -77.93575972   0.00000000   0.00000000   0.00000000   0.00000000   0.00000000   0.00000000   0.00000000   0.00000000
002    -77.78042530 -77.93575972   0.00000000   0.00000000   0.00000000   0.00000000   0.00000000   0.00000000   0.15533442   0.00000000
003    -77.76997855 -77.93575972   0.00000000   0.00000000   0.00000000   0.00000000   0.00000000   0.00000000   0.16578117   0.00000000
Ekin    0.00000000 a.u.
Epot_harm    0.00000000 a.u.
Epot    0.10039112 a.u.
Etot_harm    0.00000000 a.u.
Etot    0.10039112 a.u.


Index     27
Atoms
C 6.0 0.00000000 0.00000000 0.00000000 12.01100000 0.00000000 0.00000000 0.00000000
C 6.0 2.87658310 0.00000000 0.00000000 12.01100000 0.00000000 0.00000000 0.00000000
H 1.0 -1.06776399 1.74578200 0.00000000 1.00800000 0.00000000 0.00000000 0.00000000
H 1.0 3.94434709 -0.87315485 1.51173919 1.00800000 0.00000000 0.00000000 0.00000000
H 1.0 3.94434709 0.87315485 -1.51173919 1.00800000 0.00000000 0.00000000 0.00000000
H 1.0 -1.06776399 -1.74578200 -0.00000000 1.00800000 0.00000000 0.00000000 0.00000000
States
001    -77.96363309 -77.96363309   0.00000000   0.00000000   0.00000000   0.00000000   0.00000000   0.00000000   0.00000000   0.00000000
002    -77.76878802 -77.96363309   0.00000000   0.00000000   0.00000000   0.00000000   0.00000000   0.00000000   0.19484507   0.00000000
003    -77.72411916 -77.96363309   0.00000000   0.00000000   0.00000000   0.00000000   0.00000000   0.00000000   0.23951393   0.00000000
Ekin    0.00000000 a.u.
Epot_harm    0.00000000 a.u.
Epot    0.07251775 a.u.
Etot_harm    0.00000000 a.u.
Etot    0.07251775 a.u.


Index     28
Atoms
C 6.0 0.00000000 0.00000000 0.00000000 12.01100000 0.00000000 0.00000000 0.00000000
C 6.0 2.87658310 0.00000000 0.00000000 12.01100000 0.00000000 0.00000000 0.00000000
H 1.0 -1.06776399 1.74578200 0.00000000 1.00800000 0.00000000 0.00000000 0.00000000
H 1.0 3.94434709 -1.33754244 1.12193361 1.00800000 0.00000000 0.00000000 0.00000000
H 1.0 3.94434709 1.33754244 -1.12193361 1.00800000 0.00000000 0.00000000 0.00000000
H 1.0 -1.06776399 -1.74578200 -0.00000000 1.00800000 0.00000000 0.00000000 0.00000000
States
001    -77.99413029 -77.99413029   0.00000000   0.00000000   0.00000000   0.00000000   0.00000000   0.00000000   0.00000000   0.00000000
002    -77.74702728 -77.99413029   0.00000000   0.00000000   0.00000000   0.00000000   0.00000000   0.00000000   0.24710301   0.00000000
003    -77.66224914 -77.99413029   0.00000000   0.00000000   0.00000000   0.00000000   0.00000000   0.00000000   0.33188115   0.00000000
Ekin    0.00000000 a.u.
Epot_harm    0.00000000 a.u.
Epot    0.04202055 a.u.
Etot_harm    0.00000000 a.u.
Etot    0.04202055 a.u.


Index     29
Atoms
C 6.0 0.00000000 0.00000000 0.00000000 12.01100000 0.00000000 0.00000000 0.00000000
C 6.0 2.87658310 0.00000000 0.00000000 12.01100000 0.00000000 0.00000000 0.00000000
H 1.0 -1.06776399 1.74578200 0.00000000 1.00800000 0.00000000 0.00000000 0.00000000
H 1.0 3.94434709 -1.64060266 0.59680628 1.00800000 0.00000000 0.00000000 0.00000000
H 1.0 3.94434709 1.64060266 -0.59680628 1.00800000 0.00000000 0.00000000 0.00000000
H 1.0 -1.06776399 -1.74578200 -0.00000000 1.00800000 0.00000000 0.00000000 0.00000000
States
001    -78.01736340 -78.01736340   0.00000000   0.00000000   0.00000000   0.00000000   0.00000000   0.00000000   0.00000000   0.00000000
002    -77.71963345 -78.01736340   0.00000000   0.00000000   0.00000000   0.00000000   0.00000000   0.00000000   0.29772995   0.00000000
003    -77.60584162 -78.01736340   0.00000000   0.00000000   0.00000000   0.00000000   0.00000000   0.00000000   0.41152178   0.00000000
Ekin    0.00000000 a.u.
Epot_harm    0.00000000 a.u.
Epot    0.01878744 a.u.
Etot_harm    0.00000000 a.u.
Etot    0.01878744 a.u.


Index     30
Atoms
C 6.0 0.00000000 0.00000000 0.00000000 12.01100000 0.00000000 0.00000000 0.00000000
C 6.0 2.87658310 0.00000000 0.00000000 12.01100000 0.00000000 0.00000000 0.00000000
H 1.0 -1.06776399 1.74578200 0.00000000 1.00800000 0.00000000 0.00000000 0.00000000
H 1.0 3.94434709 -1.74578198 -0.00030470 1.00800000 0.00000000 0.00000000 0.00000000
H 1.0 3.94434709 1.74578198 0.00030470 1.00800000 0.00000000 0.00000000 0.00000000
H 1.0 -1.06776399 -1.74578200 -0.00000000 1.00800000 0.00000000 0.00000000 0.00000000
States
001    -78.02830822 -78.02830822   0.00000000   0.00000000   0.00000000   0.00000000   0.00000000   0.00000000   0.00000000   0.00000000
002    -77.70274324 -78.02830822   0.00000000   0.00000000   0.00000000   0.00000000   0.00000000   0.00000000   0.32556498   0.00000000
003    -77.58019277 -78.02830822   0.00000000   0.00000000   0.00000000   0.00000000   0.00000000   0.00000000   0.44811545   0.00000000
Ekin    0.00000000 a.u.
Epot_harm    0.00000000 a.u.
Epot    0.00784262 a.u.
Etot_harm    0.00000000 a.u.
Etot    0.00784262 a.u.


Index     31
Atoms
C 6.0 0.00000000 0.00000000 0.00000000 12.01100000 0.00000000 0.00000000 0.00000000
C 6.0 3.27552528 0.00000000 0.00000000 12.01100000 0.00000000 0.00000000 0.00000000
H 1.0 -1.06776399 1.74578200 0.00000000 1.00800000 0.00000000 0.00000000 0.00000000
H 1.0 4.34328927 1.74578198 0.00030470 1.00800000 0.00000000 0.00000000 0.00000000
H 1.0 4.34328927 -1.74578198 -0.00030470 1.00800000 0.00000000 0.00000000 0.00000000
H 1.0 -1.06776399 -1.74578200 -0.00000000 1.00800000 0.00000000 0.00000000 0.00000000
States
001    -77.96490292 -77.96490292   0.00000000   0.00000000   0.00000000   0.00000000   0.00000000   0.00000000   0.00000000   0.00000000
002    -77.66545301 -77.96490292   0.00000000   0.00000000   0.00000000   0.00000000   0.00000000   0.00000000   0.29944991   0.00000000
003    -77.59259513 -77.96490292   0.00000000   0.00000000   0.00000000   0.00000000   0.00000000   0.00000000   0.37230779   0.00000000
Ekin    0.00000000 a.u.
Epot_harm    0.00000000 a.u.
Epot    0.07124792 a.u.
Etot_harm    0.00000000 a.u.
Etot    0.07124792 a.u.


Index     32
Atoms
C 6.0 0.00000000 0.00000000 0.00000000 12.01100000 0.00000000 0.00000000 0.00000000
C 6.0 3.27552528 0.00000000 0.00000000 12.01100000 0.00000000 0.00000000 0.00000000
H 1.0 -1.06776399 1.74578200 0.00000000 1.00800000 0.00000000 0.00000000 0.00000000
H 1.0 4.34328927 1.64039422 0.59737892 1.00800000 0.00000000 0.00000000 0.00000000
H 1.0 4.34328927 -1.64039422 -0.59737892 1.00800000 0.00000000 0.00000000 0.00000000
H 1.0 -1.06776399 -1.74578200 -0.00000000 1.00800000 0.00000000 0.00000000 0.00000000
States
001    -77.95745201 -77.95745201   0.00000000   0.00000000   0.00000000   0.00000000   0.00000000   0.00000000   0.00000000   0.00000000
002    -77.67423430 -77.95745201   0.00000000   0.00000000   0.00000000   0.00000000   0.00000000   0.00000000   0.28321771   0.00000000
003    -77.60753318 -77.95745201   0.00000000   0.00000000   0.00000000   0.00000000   0.00000000   0.00000000   0.34991883   0.00000000
Ekin    0.00000000 a.u.
Epot_harm    0.00000000 a.u.
Epot    0.07869883 a.u.
Etot_harm    0.00000000 a.u.
Etot    0.07869883 a.u.


Index     33
Atoms
C 6.0 0.00000000 0.00000000 0.00000000 12.01100000 0.00000000 0.00000000 0.00000000
C 6.0 3.27552528 0.00000000 0.00000000 12.01100000 0.00000000 0.00000000 0.00000000
H 1.0 -1.06776399 1.74578200 0.00000000 1.00800000 0.00000000 0.00000000 0.00000000
H 1.0 4.34328927 1.33715072 1.12240043 1.00800000 0.00000000 0.00000000 0.00000000
H 1.0 4.34328927 -1.33715072 -1.12240043 1.00800000 0.00000000 0.00000000 0.00000000
H 1.0 -1.06776399 -1.74578200 -0.00000000 1.00800000 0.00000000 0.00000000 0.00000000
States
001    -77.94028750 -77.94028750   0.00000000   0.00000000   0.00000000   0.00000000   0.00000000   0.00000000   0.00000000   0.00000000
002    -77.69155433 -77.94028750   0.00000000   0.00000000   0.00000000   0.00000000   0.00000000   0.00000000   0.24873317   0.00000000
003    -77.64278435 -77.94028750   0.00000000   0.00000000   0.00000000   0.00000000   0.00000000   0.00000000   0.29750315   0.00000000
Ekin    0.00000000 a.u.
Epot_harm    0.00000000 a.u.
Epot    0.09586334 a.u.
Etot_harm    0.00000000 a.u.
Etot    0.09586334 a.u.


Index     34
Atoms
C 6.0 0.00000000 0.00000000 0.00000000 12.01100000 0.00000000 0.00000000 0.00000000
C 6.0 3.27552528 0.00000000 0.00000000 12.01100000 0.00000000 0.00000000 0.00000000
H 1.0 -1.06776399 1.74578200 0.00000000 1.00800000 0.00000000 0.00000000 0.00000000
H 1.0 4.34328927 0.87262711 1.51204389 1.00800000 0.00000000 0.00000000 0.00000000
H 1.0 4.34328927 -0.87262711 -1.51204389 1.00800000 0.00000000 0.00000000 0.00000000
H 1.0 -1.06776399 -1.74578200 -0.00000000 1.00800000 0.00000000 0.00000000 0.00000000
States
001    -77.91972738 -77.91972738   0.00000000   0.00000000   0.00000000   0.00000000   0.00000000   0.00000000   0.00000000   0.00000000
002    -77.70681849 -77.91972738   0.00000000   0.00000000   0.00000000   0.00000000   0.00000000   0.00000000   0.21290889   0.00000000
003    -77.68203213 -77.91972738   0.00000000   0.00000000   0.00000000   0.00000000   0.00000000   0.00000000   0.23769525   0.00000000
Ekin    0.00000000 a.u.
Epot_harm    0.00000000 a.u.
Epot    0.11642346 a.u.
Etot_harm    0.00000000 a.u.
Etot    0.11642346 a.u.


Index     35
Atoms
C 6.0 0.00000000 0.00000000 0.00000000 12.01100000 0.00000000 0.00000000 0.00000000
C 6.0 3.27552528 0.00000000 0.00000000 12.01100000 0.00000000 0.00000000 0.00000000
H 1.0 -1.06776399 1.74578200 0.00000000 1.00800000 0.00000000 0.00000000 0.00000000
H 1.0 4.34328927 0.30285180 1.71931253 1.00800000 0.00000000 0.00000000 0.00000000
H 1.0 4.34328927 -0.30285180 -1.71931253 1.00800000 0.00000000 0.00000000 0.00000000
H 1.0 -1.06776399 -1.74578200 -0.00000000 1.00800000 0.00000000 0.00000000 0.00000000
States
001    -77.90386862 -77.90386862   0.00000000   0.00000000   0.00000000   0.00000000   0.00000000   0.00000000   0.00000000   0.00000000
002    -77.71531065 -77.90386862   0.00000000   0.00000000   0.00000000   0.00000000   0.00000000   0.00000000   0.18855797   0.00000000
003    -77.70913845 -77.90386862   0.00000000   0.00000000   0.00000000   0.00000000   0.00000000   0.00000000   0.19473017   0.00000000
Ekin    0.00000000 a.u.
Epot_harm    0.00000000 a.u.
Epot    0.13228222 a.u.
Etot_harm    0.00000000 a.u.
Etot    0.13228222 a.u.


Index     36
Atoms
C 6.0 0.00000000 0.00000000 0.00000000 12.01100000 0.00000000 0.00000000 0.00000000
C 6.0 3.27552528 0.00000000 0.00000000 12.01100000 0.00000000 0.00000000 0.00000000
H 1.0 -1.06776399 1.74578200 0.00000000 1.00800000 0.00000000 0.00000000 0.00000000
H 1.0 4.34328927 -0.30345192 1.71920671 1.00800000 0.00000000 0.00000000 0.00000000
H 1.0 4.34328927 0.30345192 -1.71920671 1.00800000 0.00000000 0.00000000 0.00000000
H 1.0 -1.06776399 -1.74578200 -0.00000000 1.00800000 0.00000000 0.00000000 0.00000000
States
001    -77.90387812 -77.90387812   0.00000000   0.00000000   0.00000000   0.00000000   0.00000000   0.00000000   0.00000000   0.00000000
002    -77.71530628 -77.90387812   0.00000000   0.00000000   0.00000000   0.00000000   0.00000000   0.00000000   0.18857184   0.00000000
003    -77.70912302 -77.90387812   0.00000000   0.00000000   0.00000000   0.00000000   0.00000000   0.00000000   0.19475510   0.00000000
Ekin    0.00000000 a.u.
Epot_harm    0.00000000 a.u.
Epot    0.13227272 a.u.
Etot_harm    0.00000000 a.u.
Etot    0.13227272 a.u.


Index     37
Atoms
C 6.0 0.00000000 0.00000000 0.00000000 12.01100000 0.00000000 0.00000000 0.00000000
C 6.0 3.27552528 0.00000000 0.00000000 12.01100000 0.00000000 0.00000000 0.00000000
H 1.0 -1.06776399 1.74578200 0.00000000 1.00800000 0.00000000 0.00000000 0.00000000
H 1.0 4.34328927 -0.87315485 1.51173919 1.00800000 0.00000000 0.00000000 0.00000000
H 1.0 4.34328927 0.87315485 -1.51173919 1.00800000 0.00000000 0.00000000 0.00000000
H 1.0 -1.06776399 -1.74578200 -0.00000000 1.00800000 0.00000000 0.00000000 0.00000000
States
001    -77.91974741 -77.91974741   0.00000000   0.00000000   0.00000000   0.00000000   0.00000000   0.00000000   0.00000000   0.00000000
002    -77.70680614 -77.91974741   0.00000000   0.00000000   0.00000000   0.00000000   0.00000000   0.00000000   0.21294127   0.00000000
003    -77.68199615 -77.91974741   0.00000000   0.00000000   0.00000000   0.00000000   0.00000000   0.00000000   0.23775126   0.00000000
Ekin    0.00000000 a.u.
Epot_harm    0.00000000 a.u.
Epot    0.11640343 a.u.
Etot_harm    0.00000000 a.u.
Etot    0.11640343 a.u.


Index     38
Atoms
C 6.0 0.00000000 0.00000000 0.00000000 12.01100000 0.00000000 0.00000000 0.00000000
C 6.0 3.27552528 0.00000000 0.00000000 12.01100000 0.00000000 0.00000000 0.00000000
H 1.0 -1.06776399 1.74578200 0.00000000 1.00800000 0.00000000 0.00000000 0.00000000
H 1.0 4.34328927 -1.33754244 1.12193361 1.00800000 0.00000000 0.00000000 0.00000000
H 1.0 4.34328927 1.33754244 -1.12193361 1.00800000 0.00000000 0.00000000 0.00000000
H 1.0 -1.06776399 -1.74578200 -0.00000000 1.00800000 0.00000000 0.00000000 0.00000000
States
001    -77.94030732 -77.94030732   0.00000000   0.00000000   0.00000000   0.00000000   0.00000000   0.00000000   0.00000000   0.00000000
002    -77.69153687 -77.94030732   0.00000000   0.00000000   0.00000000   0.00000000   0.00000000   0.00000000   0.24877045   0.00000000
003    -77.64274446 -77.94030732   0.00000000   0.00000000   0.00000000   0.00000000   0.00000000   0.00000000   0.29756286   0.00000000
Ekin    0.00000000 a.u.
Epot_harm    0.00000000 a.u.
Epot    0.09584352 a.u.
Etot_harm    0.00000000 a.u.
Etot    0.09584352 a.u.


Index     39
Atoms
C 6.0 0.00000000 0.00000000 0.00000000 12.01100000 0.00000000 0.00000000 0.00000000
C 6.0 3.27552528 0.00000000 0.00000000 12.01100000 0.00000000 0.00000000 0.00000000
H 1.0 -1.06776399 1.74578200 0.00000000 1.00800000 0.00000000 0.00000000 0.00000000
H 1.0 4.34328927 -1.64060266 0.59680628 1.00800000 0.00000000 0.00000000 0.00000000
H 1.0 4.34328927 1.64060266 -0.59680628 1.00800000 0.00000000 0.00000000 0.00000000
H 1.0 -1.06776399 -1.74578200 -0.00000000 1.00800000 0.00000000 0.00000000 0.00000000
States
001    -77.95746558 -77.95746558   0.00000000   0.00000000   0.00000000   0.00000000   0.00000000   0.00000000   0.00000000   0.00000000
002    -77.67421890 -77.95746558   0.00000000   0.00000000   0.00000000   0.00000000   0.00000000   0.00000000   0.28324668   0.00000000
003    -77.60750536 -77.95746558   0.00000000   0.00000000   0.00000000   0.00000000   0.00000000   0.00000000   0.34996022   0.00000000
Ekin    0.00000000 a.u.
Epot_harm    0.00000000 a.u.
Epot    0.07868526 a.u.
Etot_harm    0.00000000 a.u.
Etot    0.07868526 a.u.


Index     40
Atoms
C 6.0 0.00000000 0.00000000 0.00000000 12.01100000 0.00000000 0.00000000 0.00000000
C 6.0 3.27552528 0.00000000 0.00000000 12.01100000 0.00000000 0.00000000 0.00000000
H 1.0 -1.06776399 1.74578200 0.00000000 1.00800000 0.00000000 0.00000000 0.00000000
H 1.0 4.34328927 -1.74578198 -0.00030470 1.00800000 0.00000000 0.00000000 0.00000000
H 1.0 4.34328927 1.74578198 0.00030470 1.00800000 0.00000000 0.00000000 0.00000000
H 1.0 -1.06776399 -1.74578200 -0.00000000 1.00800000 0.00000000 0.00000000 0.00000000
States
001    -77.96490292 -77.96490292   0.00000000   0.00000000   0.00000000   0.00000000   0.00000000   0.00000000   0.00000000   0.00000000
002    -77.66545301 -77.96490292   0.00000000   0.00000000   0.00000000   0.00000000   0.00000000   0.00000000   0.29944991   0.00000000
003    -77.59259513 -77.96490292   0.00000000   0.00000000   0.00000000   0.00000000   0.00000000   0.00000000   0.37230779   0.00000000
Ekin    0.00000000 a.u.
Epot_harm    0.00000000 a.u.
Epot    0.07124792 a.u.
Etot_harm    0.00000000 a.u.
Etot    0.07124792 a.u.


Index     41
Atoms
C 6.0 0.00000000 0.00000000 0.00000000 12.01100000 0.00000000 0.00000000 0.00000000
C 6.0 3.67446746 0.00000000 0.00000000 12.01100000 0.00000000 0.00000000 0.00000000
H 1.0 -1.06776399 1.74578200 0.00000000 1.00800000 0.00000000 0.00000000 0.00000000
H 1.0 4.74223145 1.74578198 0.00030470 1.00800000 0.00000000 0.00000000 0.00000000
H 1.0 4.74223145 -1.74578198 -0.00030470 1.00800000 0.00000000 0.00000000 0.00000000
H 1.0 -1.06776399 -1.74578200 -0.00000000 1.00800000 0.00000000 0.00000000 0.00000000
States
001    -77.89858218 -77.89858218   0.00000000   0.00000000   0.00000000   0.00000000   0.00000000   0.00000000   0.00000000   0.00000000
002    -77.60963760 -77.89858218   0.00000000   0.00000000   0.00000000   0.00000000   0.00000000   0.00000000   0.28894458   0.00000000
003    -77.56772186 -77.89858218   0.00000000   0.00000000   0.00000000   0.00000000   0.00000000   0.00000000   0.33086032   0.00000000
Ekin    0.00000000 a.u.
Epot_harm    0.00000000 a.u.
Epot    0.13756866 a.u.
Etot_harm    0.00000000 a.u.
Etot    0.13756866 a.u.


Index     42
Atoms
C 6.0 0.00000000 0.00000000 0.00000000 12.01100000 0.00000000 0.00000000 0.00000000
C 6.0 3.67446746 0.00000000 0.00000000 12.01100000 0.00000000 0.00000000 0.00000000
H 1.0 -1.06776399 1.74578200 0.00000000 1.00800000 0.00000000 0.00000000 0.00000000
H 1.0 4.74223145 1.64039422 0.59737892 1.00800000 0.00000000 0.00000000 0.00000000
H 1.0 4.74223145 -1.64039422 -0.59737892 1.00800000 0.00000000 0.00000000 0.00000000
H 1.0 -1.06776399 -1.74578200 -0.00000000 1.00800000 0.00000000 0.00000000 0.00000000
States
001    -77.89379699 -77.89379699   0.00000000   0.00000000   0.00000000   0.00000000   0.00000000   0.00000000   0.00000000   0.00000000
002    -77.61458167 -77.89379699   0.00000000   0.00000000   0.00000000   0.00000000   0.00000000   0.00000000   0.27921532   0.00000000
003    -77.57664976 -77.89379699   0.00000000   0.00000000   0.00000000   0.00000000   0.00000000   0.00000000   0.31714723   0.00000000
Ekin    0.00000000 a.u.
Epot_harm    0.00000000 a.u.
Epot    0.14235385 a.u.
Etot_harm    0.00000000 a.u.
Etot    0.14235385 a.u.


Index     43
Atoms
C 6.0 0.00000000 0.00000000 0.00000000 12.01100000 0.00000000 0.00000000 0.00000000
C 6.0 3.67446746 0.00000000 0.00000000 12.01100000 0.00000000 0.00000000 0.00000000
H 1.0 -1.06776399 1.74578200 0.00000000 1.00800000 0.00000000 0.00000000 0.00000000
H 1.0 4.74223145 1.33715072 1.12240043 1.00800000 0.00000000 0.00000000 0.00000000
H 1.0 4.74223145 -1.33715072 -1.12240043 1.00800000 0.00000000 0.00000000 0.00000000
H 1.0 -1.06776399 -1.74578200 -0.00000000 1.00800000 0.00000000 0.00000000 0.00000000
States
001    -77.88242416 -77.88242416   0.00000000   0.00000000   0.00000000   0.00000000   0.00000000   0.00000000   0.00000000   0.00000000
002    -77.62535764 -77.88242416   0.00000000   0.00000000   0.00000000   0.00000000   0.00000000   0.00000000   0.25706652   0.00000000
003    -77.59825559 -77.88242416   0.00000000   0.00000000   0.00000000   0.00000000   0.00000000   0.00000000   0.28416857   0.00000000
Ekin    0.00000000 a.u.
Epot_harm    0.00000000 a.u.
Epot    0.15372668 a.u.
Etot_harm    0.00000000 a.u.
Etot    0.15372668 a.u.


Index     44
Atoms
C 6.0 0.00000000 0.00000000 0.00000000 12.01100000 0.00000000 0.00000000 0.00000000
C 6.0 3.67446746 0.00000000 0.00000000 12.01100000 0.00000000 0.00000000 0.00000000
H 1.0 -1.06776399 1.74578200 0.00000000 1.00800000 0.00000000 0.00000000 0.00000000
H 1.0 4.74223145 0.87262711 1.51204389 1.00800000 0.00000000 0.00000000 0.00000000
H 1.0 4.74223145 -0.87262711 -1.51204389 1.00800000 0.00000000 0.00000000 0.00000000
H 1.0 -1.06776399 -1.74578200 -0.00000000 1.00800000 0.00000000 0.00000000 0.00000000
States
001    -77.86958066 -77.86958066   0.00000000   0.00000000   0.00000000   0.00000000   0.00000000   0.00000000   0.00000000   0.00000000
002    -77.63563513 -77.86958066   0.00000000   0.00000000   0.00000000   0.00000000   0.00000000   0.00000000   0.23394553   0.00000000
003    -77.62214124 -77.86958066   0.00000000   0.00000000   0.00000000   0.00000000   0.00000000   0.00000000   0.24743942   0.00000000
Ekin    0.00000000 a.u.
Epot_harm    0.00000000 a.u.
Epot    0.16657018 a.u.
Etot_harm    0.00000000 a.u.
Etot    0.16657018 a.u.


Index     45
Atoms
C 6.0 0.00000000 0.00000000 0.00000000 12.01100000 0.00000000 0.00000000 0.00000000
C 6.0 3.67446746 0.00000000 0.00000000 12.01100000 0.00000000 0.00000000 0.00000000
H 1.0 -1.06776399 1.74578200 0.00000000 1.00800000 0.00000000 0.00000000 0.00000000
H 1.0 4.74223145 0.30285180 1.71931253 1.00800000 0.00000000 0.00000000 0.00000000
H 1.0 4.74223145 -0.30285180 -1.71931253 1.00800000 0.00000000 0.00000000 0.00000000
H 1.0 -1.06776399 -1.74578200 -0.00000000 1.00800000 0.00000000 0.00000000 0.00000000
States
001    -77.86072207 -77.86072207   0.00000000   0.00000000   0.00000000   0.00000000   0.00000000   0.00000000   0.00000000   0.00000000
002    -77.64157590 -77.86072207   0.00000000   0.00000000   0.00000000   0.00000000   0.00000000   0.00000000   0.21914617   0.00000000
003    -77.63786030 -77.86072207   0.00000000   0.00000000   0.00000000   0.00000000   0.00000000   0.00000000   0.22286177   0.00000000
Ekin    0.00000000 a.u.
Epot_harm    0.00000000 a.u.
Epot    0.17542877 a.u.
Etot_harm    0.00000000 a.u.
Etot    0.17542877 a.u.


Index     46
Atoms
C 6.0 0.00000000 0.00000000 0.00000000 12.01100000 0.00000000 0.00000000 0.00000000
C 6.0 3.67446746 0.00000000 0.00000000 12.01100000 0.00000000 0.00000000 0.00000000
H 1.0 -1.06776399 1.74578200 0.00000000 1.00800000 0.00000000 0.00000000 0.00000000
H 1.0 4.74223145 -0.30345192 1.71920671 1.00800000 0.00000000 0.00000000 0.00000000
H 1.0 4.74223145 0.30345192 -1.71920671 1.00800000 0.00000000 0.00000000 0.00000000
H 1.0 -1.06776399 -1.74578200 -0.00000000 1.00800000 0.00000000 0.00000000 0.00000000
States
001    -77.86072705 -77.86072705   0.00000000   0.00000000   0.00000000   0.00000000   0.00000000   0.00000000   0.00000000   0.00000000
002    -77.64157281 -77.86072705   0.00000000   0.00000000   0.00000000   0.00000000   0.00000000   0.00000000   0.21915424   0.00000000
003    -77.63785166 -77.86072705   0.00000000   0.00000000   0.00000000   0.00000000   0.00000000   0.00000000   0.22287539   0.00000000
Ekin    0.00000000 a.u.
Epot_harm    0.00000000 a.u.
Epot    0.17542379 a.u.
Etot_harm    0.00000000 a.u.
Etot    0.17542379 a.u.


Index     47
Atoms
C 6.0 0.00000000 0.00000000 0.00000000 12.01100000 0.00000000 0.00000000 0.00000000
C 6.0 3.67446746 0.00000000 0.00000000 12.01100000 0.00000000 0.00000000 0.00000000
H 1.0 -1.06776399 1.74578200 0.00000000 1.00800000 0.00000000 0.00000000 0.00000000
H 1.0 4.74223145 -0.87315485 1.51173919 1.00800000 0.00000000 0.00000000 0.00000000
H 1.0 4.74223145 0.87315485 -1.51173919 1.00800000 0.00000000 0.00000000 0.00000000
H 1.0 -1.06776399 -1.74578200 -0.00000000 1.00800000 0.00000000 0.00000000 0.00000000
States
001    -77.86959248 -77.86959248   0.00000000   0.00000000   0.00000000   0.00000000   0.00000000   0.00000000   0.00000000   0.00000000
002    -77.63562660 -77.86959248   0.00000000   0.00000000   0.00000000   0.00000000   0.00000000   0.00000000   0.23396588   0.00000000
003    -77.62211980 -77.86959248   0.00000000   0.00000000   0.00000000   0.00000000   0.00000000   0.00000000   0.24747268   0.00000000
Ekin    0.00000000 a.u.
Epot_harm    0.00000000 a.u.
Epot    0.16655836 a.u.
Etot_harm    0.00000000 a.u.
Etot    0.16655836 a.u.


Index     48
Atoms
C 6.0 0.00000000 0.00000000 0.00000000 12.01100000 0.00000000 0.00000000 0.00000000
C 6.0 3.67446746 0.00000000 0.00000000 12.01100000 0.00000000 0.00000000 0.00000000
H 1.0 -1.06776399 1.74578200 0.00000000 1.00800000 0.00000000 0.00000000 0.00000000
H 1.0 4.74223145 -1.33754244 1.12193361 1.00800000 0.00000000 0.00000000 0.00000000
H 1.0 4.74223145 1.33754244 -1.12193361 1.00800000 0.00000000 0.00000000 0.00000000
H 1.0 -1.06776399 -1.74578200 -0.00000000 1.00800000 0.00000000 0.00000000 0.00000000
States
001    -77.88243712 -77.88243712   0.00000000   0.00000000   0.00000000   0.00000000   0.00000000   0.00000000   0.00000000   0.00000000
002    -77.62534624 -77.88243712   0.00000000   0.00000000   0.00000000   0.00000000   0.00000000   0.00000000   0.25709088   0.00000000
003    -77.59823102 -77.88243712   0.00000000   0.00000000   0.00000000   0.00000000   0.00000000   0.00000000   0.28420610   0.00000000
Ekin    0.00000000 a.u.
Epot_harm    0.00000000 a.u.
Epot    0.15371372 a.u.
Etot_harm    0.00000000 a.u.
Etot    0.15371372 a.u.


Index     49
Atoms
C 6.0 0.00000000 0.00000000 0.00000000 12.01100000 0.00000000 0.00000000 0.00000000
C 6.0 3.67446746 0.00000000 0.00000000 12.01100000 0.00000000 0.00000000 0.00000000
H 1.0 -1.06776399 1.74578200 0.00000000 1.00800000 0.00000000 0.00000000 0.00000000
H 1.0 4.74223145 -1.64060266 0.59680628 1.00800000 0.00000000 0.00000000 0.00000000
H 1.0 4.74223145 1.64060266 -0.59680628 1.00800000 0.00000000 0.00000000 0.00000000
H 1.0 -1.06776399 -1.74578200 -0.00000000 1.00800000 0.00000000 0.00000000 0.00000000
States
001    -77.89380591 -77.89380591   0.00000000   0.00000000   0.00000000   0.00000000   0.00000000   0.00000000   0.00000000   0.00000000
002    -77.61457265 -77.89380591   0.00000000   0.00000000   0.00000000   0.00000000   0.00000000   0.00000000   0.27923326   0.00000000
003    -77.57663293 -77.89380591   0.00000000   0.00000000   0.00000000   0.00000000   0.00000000   0.00000000   0.31717298   0.00000000
Ekin    0.00000000 a.u.
Epot_harm    0.00000000 a.u.
Epot    0.14234493 a.u.
Etot_harm    0.00000000 a.u.
Etot    0.14234493 a.u.


Index     50
Atoms
C 6.0 0.00000000 0.00000000 0.00000000 12.01100000 0.00000000 0.00000000 0.00000000
C 6.0 3.67446746 0.00000000 0.00000000 12.01100000 0.00000000 0.00000000 0.00000000
H 1.0 -1.06776399 1.74578200 0.00000000 1.00800000 0.00000000 0.00000000 0.00000000
H 1.0 4.74223145 -1.74578198 -0.00030470 1.00800000 0.00000000 0.00000000 0.00000000
H 1.0 4.74223145 1.74578198 0.00030470 1.00800000 0.00000000 0.00000000 0.00000000
H 1.0 -1.06776399 -1.74578200 -0.00000000 1.00800000 0.00000000 0.00000000 0.00000000
States
001    -77.89858218 -77.89858218   0.00000000   0.00000000   0.00000000   0.00000000   0.00000000   0.00000000   0.00000000   0.00000000
002    -77.60963760 -77.89858218   0.00000000   0.00000000   0.00000000   0.00000000   0.00000000   0.00000000   0.28894458   0.00000000
003    -77.56772186 -77.89858218   0.00000000   0.00000000   0.00000000   0.00000000   0.00000000   0.00000000   0.33086032   0.00000000
Ekin    0.00000000 a.u.
Epot_harm    0.00000000 a.u.
Epot    0.13756866 a.u.
Etot_harm    0.00000000 a.u.
Etot    0.13756866 a.u.


Index     51
Atoms
C 6.0 0.00000000 0.00000000 0.00000000 12.01100000 0.00000000 0.00000000 0.00000000
C 6.0 4.07340966 0.00000000 0.00000000 12.01100000 0.00000000 0.00000000 0.00000000
H 1.0 -1.06776399 1.74578200 0.00000000 1.00800000 0.00000000 0.00000000 0.00000000
H 1.0 5.14117365 1.74578198 0.00030470 1.00800000 0.00000000 0.00000000 0.00000000
H 1.0 5.14117365 -1.74578198 -0.00030470 1.00800000 0.00000000 0.00000000 0.00000000
H 1.0 -1.06776399 -1.74578200 -0.00000000 1.00800000 0.00000000 0.00000000 0.00000000
States
001    -77.84012128 -77.84012128   0.00000000   0.00000000   0.00000000   0.00000000   0.00000000   0.00000000   0.00000000   0.00000000
002    -77.55091548 -77.84012128   0.00000000   0.00000000   0.00000000   0.00000000   0.00000000   0.00000000   0.28920580   0.00000000
003    -77.52735193 -77.84012128   0.00000000   0.00000000   0.00000000   0.00000000   0.00000000   0.00000000   0.31276935   0.00000000
Ekin    0.00000000 a.u.
Epot_harm    0.00000000 a.u.
Epot    0.19602956 a.u.
Etot_harm    0.00000000 a.u.
Etot    0.19602956 a.u.


Index     52
Atoms
C 6.0 0.00000000 0.00000000 0.00000000 12.01100000 0.00000000 0.00000000 0.00000000
C 6.0 4.07340966 0.00000000 0.00000000 12.01100000 0.00000000 0.00000000 0.00000000
H 1.0 -1.06776399 1.74578200 0.00000000 1.00800000 0.00000000 0.00000000 0.00000000
H 1.0 5.14117365 1.64039422 0.59737892 1.00800000 0.00000000 0.00000000 0.00000000
H 1.0 5.14117365 -1.64039422 -0.59737892 1.00800000 0.00000000 0.00000000 0.00000000
H 1.0 -1.06776399 -1.74578200 -0.00000000 1.00800000 0.00000000 0.00000000 0.00000000
States
001    -77.83718453 -77.83718453   0.00000000   0.00000000   0.00000000   0.00000000   0.00000000   0.00000000   0.00000000   0.00000000
002    -77.55382438 -77.83718453   0.00000000   0.00000000   0.00000000   0.00000000   0.00000000   0.00000000   0.28336015   0.00000000
003    -77.53266391 -77.83718453   0.00000000   0.00000000   0.00000000   0.00000000   0.00000000   0.00000000   0.30452062   0.00000000
Ekin    0.00000000 a.u.
Epot_harm    0.00000000 a.u.
Epot    0.19896631 a.u.
Etot_harm    0.00000000 a.u.
Etot    0.19896631 a.u.


Index     53
Atoms
C 6.0 0.00000000 0.00000000 0.00000000 12.01100000 0.00000000 0.00000000 0.00000000
C 6.0 4.07340966 0.00000000 0.00000000 12.01100000 0.00000000 0.00000000 0.00000000
H 1.0 -1.06776399 1.74578200 0.00000000 1.00800000 0.00000000 0.00000000 0.00000000
H 1.0 5.14117365 1.33715072 1.12240043 1.00800000 0.00000000 0.00000000 0.00000000
H 1.0 5.14117365 -1.33715072 -1.12240043 1.00800000 0.00000000 0.00000000 0.00000000
H 1.0 -1.06776399 -1.74578200 -0.00000000 1.00800000 0.00000000 0.00000000 0.00000000
States
001    -77.83012026 -77.83012026   0.00000000   0.00000000   0.00000000   0.00000000   0.00000000   0.00000000   0.00000000   0.00000000
002    -77.56053025 -77.83012026   0.00000000   0.00000000   0.00000000   0.00000000   0.00000000   0.00000000   0.26959001   0.00000000
003    -77.54565063 -77.83012026   0.00000000   0.00000000   0.00000000   0.00000000   0.00000000   0.00000000   0.28446963   0.00000000
Ekin    0.00000000 a.u.
Epot_harm    0.00000000 a.u.
Epot    0.20603058 a.u.
Etot_harm    0.00000000 a.u.
Etot    0.20603058 a.u.


Index     54
Atoms
C 6.0 0.00000000 0.00000000 0.00000000 12.01100000 0.00000000 0.00000000 0.00000000
C 6.0 4.07340966 0.00000000 0.00000000 12.01100000 0.00000000 0.00000000 0.00000000
H 1.0 -1.06776399 1.74578200 0.00000000 1.00800000 0.00000000 0.00000000 0.00000000
H 1.0 5.14117365 0.87262711 1.51204389 1.00800000 0.00000000 0.00000000 0.00000000
H 1.0 5.14117365 -0.87262711 -1.51204389 1.00800000 0.00000000 0.00000000 0.00000000
H 1.0 -1.06776399 -1.74578200 -0.00000000 1.00800000 0.00000000 0.00000000 0.00000000
States
001    -77.82238526 -77.82238526   0.00000000   0.00000000   0.00000000   0.00000000   0.00000000   0.00000000   0.00000000   0.00000000
002    -77.56729329 -77.82238526   0.00000000   0.00000000   0.00000000   0.00000000   0.00000000   0.00000000   0.25509197   0.00000000
003    -77.55991775 -77.82238526   0.00000000   0.00000000   0.00000000   0.00000000   0.00000000   0.00000000   0.26246751   0.00000000
Ekin    0.00000000 a.u.
Epot_harm    0.00000000 a.u.
Epot    0.21376558 a.u.
Etot_harm    0.00000000 a.u.
Etot    0.21376558 a.u.


Index     55
Atoms
C 6.0 0.00000000 0.00000000 0.00000000 12.01100000 0.00000000 0.00000000 0.00000000
C 6.0 4.07340966 0.00000000 0.00000000 12.01100000 0.00000000 0.00000000 0.00000000
H 1.0 -1.06776399 1.74578200 0.00000000 1.00800000 0.00000000 0.00000000 0.00000000
H 1.0 5.14117365 0.30285180 1.71931253 1.00800000 0.00000000 0.00000000 0.00000000
H 1.0 5.14117365 -0.30285180 -1.71931253 1.00800000 0.00000000 0.00000000 0.00000000
H 1.0 -1.06776399 -1.74578200 -0.00000000 1.00800000 0.00000000 0.00000000 0.00000000
States
001    -77.81735444 -77.81735444   0.00000000   0.00000000   0.00000000   0.00000000   0.00000000   0.00000000   0.00000000   0.00000000
002    -77.57133104 -77.81735444   0.00000000   0.00000000   0.00000000   0.00000000   0.00000000   0.00000000   0.24602340   0.00000000
003    -77.56908564 -77.81735444   0.00000000   0.00000000   0.00000000   0.00000000   0.00000000   0.00000000   0.24826880   0.00000000
Ekin    0.00000000 a.u.
Epot_harm    0.00000000 a.u.
Epot    0.21879640 a.u.
Etot_harm    0.00000000 a.u.
Etot    0.21879640 a.u.


Index     56
Atoms
C 6.0 0.00000000 0.00000000 0.00000000 12.01100000 0.00000000 0.00000000 0.00000000
C 6.0 4.07340966 0.00000000 0.00000000 12.01100000 0.00000000 0.00000000 0.00000000
H 1.0 -1.06776399 1.74578200 0.00000000 1.00800000 0.00000000 0.00000000 0.00000000
H 1.0 5.14117365 -0.30345192 1.71920671 1.00800000 0.00000000 0.00000000 0.00000000
H 1.0 5.14117365 0.30345192 -1.71920671 1.00800000 0.00000000 0.00000000 0.00000000
H 1.0 -1.06776399 -1.74578200 -0.00000000 1.00800000 0.00000000 0.00000000 0.00000000
States
001    -77.81735697 -77.81735697   0.00000000   0.00000000   0.00000000   0.00000000   0.00000000   0.00000000   0.00000000   0.00000000
002    -77.57132903 -77.81735697   0.00000000   0.00000000   0.00000000   0.00000000   0.00000000   0.00000000   0.24602794   0.00000000
003    -77.56908078 -77.81735697   0.00000000   0.00000000   0.00000000   0.00000000   0.00000000   0.00000000   0.24827619   0.00000000
Ekin    0.00000000 a.u.
Epot_harm    0.00000000 a.u.
Epot    0.21879387 a.u.
Etot_harm    0.00000000 a.u.
Etot    0.21879387 a.u.


Index     57
Atoms
C 6.0 0.00000000 0.00000000 0.00000000 12.01100000 0.00000000 0.00000000 0.00000000
C 6.0 4.07340966 0.00000000 0.00000000 12.01100000 0.00000000 0.00000000 0.00000000
H 1.0 -1.06776399 1.74578200 0.00000000 1.00800000 0.00000000 0.00000000 0.00000000
H 1.0 5.14117365 -0.87315485 1.51173919 1.00800000 0.00000000 0.00000000 0.00000000
H 1.0 5.14117365 0.87315485 -1.51173919 1.00800000 0.00000000 0.00000000 0.00000000
H 1.0 -1.06776399 -1.74578200 -0.00000000 1.00800000 0.00000000 0.00000000 0.00000000
States
001    -77.82239216 -77.82239216   0.00000000   0.00000000   0.00000000   0.00000000   0.00000000   0.00000000   0.00000000   0.00000000
002    -77.56728755 -77.82239216   0.00000000   0.00000000   0.00000000   0.00000000   0.00000000   0.00000000   0.25510461   0.00000000
003    -77.55990508 -77.82239216   0.00000000   0.00000000   0.00000000   0.00000000   0.00000000   0.00000000   0.26248708   0.00000000
Ekin    0.00000000 a.u.
Epot_harm    0.00000000 a.u.
Epot    0.21375868 a.u.
Etot_harm    0.00000000 a.u.
Etot    0.21375868 a.u.


Index     58
Atoms
C 6.0 0.00000000 0.00000000 0.00000000 12.01100000 0.00000000 0.00000000 0.00000000
C 6.0 4.07340966 0.00000000 0.00000000 12.01100000 0.00000000 0.00000000 0.00000000
H 1.0 -1.06776399 1.74578200 0.00000000 1.00800000 0.00000000 0.00000000 0.00000000
H 1.0 5.14117365 -1.33754244 1.12193361 1.00800000 0.00000000 0.00000000 0.00000000
H 1.0 5.14117365 1.33754244 -1.12193361 1.00800000 0.00000000 0.00000000 0.00000000
H 1.0 -1.06776399 -1.74578200 -0.00000000 1.00800000 0.00000000 0.00000000 0.00000000
States
001    -77.83012826 -77.83012826   0.00000000   0.00000000   0.00000000   0.00000000   0.00000000   0.00000000   0.00000000   0.00000000
002    -77.56052293 -77.83012826   0.00000000   0.00000000   0.00000000   0.00000000   0.00000000   0.00000000   0.26960533   0.00000000
003    -77.54563585 -77.83012826   0.00000000   0.00000000   0.00000000   0.00000000   0.00000000   0.00000000   0.28449241   0.00000000
Ekin    0.00000000 a.u.
Epot_harm    0.00000000 a.u.
Epot    0.20602258 a.u.
Etot_harm    0.00000000 a.u.
Etot    0.20602258 a.u.


Index     59
Atoms
C 6.0 0.00000000 0.00000000 0.00000000 12.01100000 0.00000000 0.00000000 0.00000000
C 6.0 4.07340966 0.00000000 0.00000000 12.01100000 0.00000000 0.00000000 0.00000000
H 1.0 -1.06776399 1.74578200 0.00000000 1.00800000 0.00000000 0.00000000 0.00000000
H 1.0 5.14117365 -1.64060266 0.59680628 1.00800000 0.00000000 0.00000000 0.00000000
H 1.0 5.14117365 1.64060266 -0.59680628 1.00800000 0.00000000 0.00000000 0.00000000
H 1.0 -1.06776399 -1.74578200 -0.00000000 1.00800000 0.00000000 0.00000000 0.00000000
States
001    -77.83719005 -77.83719005   0.00000000   0.00000000   0.00000000   0.00000000   0.00000000   0.00000000   0.00000000   0.00000000
002    -77.55381897 -77.83719005   0.00000000   0.00000000   0.00000000   0.00000000   0.00000000   0.00000000   0.28337108   0.00000000
003    -77.53265385 -77.83719005   0.00000000   0.00000000   0.00000000   0.00000000   0.00000000   0.00000000   0.30453620   0.00000000
Ekin    0.00000000 a.u.
Epot_harm    0.00000000 a.u.
Epot    0.19896079 a.u.
Etot_harm    0.00000000 a.u.
Etot    0.19896079 a.u.


Index     60
Atoms
C 6.0 0.00000000 0.00000000 0.00000000 12.01100000 0.00000000 0.00000000 0.00000000
C 6.0 4.07340966 0.00000000 0.00000000 12.01100000 0.00000000 0.00000000 0.00000000
H 1.0 -1.06776399 1.74578200 0.00000000 1.00800000 0.00000000 0.00000000 0.00000000
H 1.0 5.14117365 -1.74578198 -0.00030470 1.00800000 0.00000000 0.00000000 0.00000000
H 1.0 5.14117365 1.74578198 0.00030470 1.00800000 0.00000000 0.00000000 0.00000000
H 1.0 -1.06776399 -1.74578200 -0.00000000 1.00800000 0.00000000 0.00000000 0.00000000
States
001    -77.84012128 -77.84012128   0.00000000   0.00000000   0.00000000   0.00000000   0.00000000   0.00000000   0.00000000   0.00000000
002    -77.55091548 -77.84012128   0.00000000   0.00000000   0.00000000   0.00000000   0.00000000   0.00000000   0.28920580   0.00000000
003    -77.52735193 -77.84012128   0.00000000   0.00000000   0.00000000   0.00000000   0.00000000   0.00000000   0.31276935   0.00000000
Ekin    0.00000000 a.u.
Epot_harm    0.00000000 a.u.
Epot    0.19602956 a.u.
Etot_harm    0.00000000 a.u.
Etot    0.19602956 a.u.


Index     61
Atoms
C 6.0 0.00000000 0.00000000 0.00000000 12.01100000 0.00000000 0.00000000 0.00000000
C 6.0 4.47235184 0.00000000 0.00000000 12.01100000 0.00000000 0.00000000 0.00000000
H 1.0 -1.06776399 1.74578200 0.00000000 1.00800000 0.00000000 0.00000000 0.00000000
H 1.0 5.54011583 1.74578198 0.00030470 1.00800000 0.00000000 0.00000000 0.00000000
H 1.0 5.54011583 -1.74578198 -0.00030470 1.00800000 0.00000000 0.00000000 0.00000000
H 1.0 -1.06776399 -1.74578200 -0.00000000 1.00800000 0.00000000 0.00000000 0.00000000
States
001    -77.79107632 -77.79107632   0.00000000   0.00000000   0.00000000   0.00000000   0.00000000   0.00000000   0.00000000   0.00000000
002    -77.49529878 -77.79107632   0.00000000   0.00000000   0.00000000   0.00000000   0.00000000   0.00000000   0.29577754   0.00000000
003    -77.48220061 -77.79107632   0.00000000   0.00000000   0.00000000   0.00000000   0.00000000   0.00000000   0.30887571   0.00000000
Ekin    0.00000000 a.u.
Epot_harm    0.00000000 a.u.
Epot    0.24507452 a.u.
Etot_harm    0.00000000 a.u.
Etot    0.24507452 a.u.


Index     62
Atoms
C 6.0 0.00000000 0.00000000 0.00000000 12.01100000 0.00000000 0.00000000 0.00000000
C 6.0 4.47235184 0.00000000 0.00000000 12.01100000 0.00000000 0.00000000 0.00000000
H 1.0 -1.06776399 1.74578200 0.00000000 1.00800000 0.00000000 0.00000000 0.00000000
H 1.0 5.54011583 1.64039422 0.59737892 1.00800000 0.00000000 0.00000000 0.00000000
H 1.0 5.54011583 -1.64039422 -0.59737892 1.00800000 0.00000000 0.00000000 0.00000000
H 1.0 -1.06776399 -1.74578200 -0.00000000 1.00800000 0.00000000 0.00000000 0.00000000
States
001    -77.78932149 -77.78932149   0.00000000   0.00000000   0.00000000   0.00000000   0.00000000   0.00000000   0.00000000   0.00000000
002    -77.49704818 -77.78932149   0.00000000   0.00000000   0.00000000   0.00000000   0.00000000   0.00000000   0.29227331   0.00000000
003    -77.48533472 -77.78932149   0.00000000   0.00000000   0.00000000   0.00000000   0.00000000   0.00000000   0.30398677   0.00000000
Ekin    0.00000000 a.u.
Epot_harm    0.00000000 a.u.
Epot    0.24682935 a.u.
Etot_harm    0.00000000 a.u.
Etot    0.24682935 a.u.


Index     63
Atoms
C 6.0 0.00000000 0.00000000 0.00000000 12.01100000 0.00000000 0.00000000 0.00000000
C 6.0 4.47235184 0.00000000 0.00000000 12.01100000 0.00000000 0.00000000 0.00000000
H 1.0 -1.06776399 1.74578200 0.00000000 1.00800000 0.00000000 0.00000000 0.00000000
H 1.0 5.54011583 1.33715072 1.12240043 1.00800000 0.00000000 0.00000000 0.00000000
H 1.0 5.54011583 -1.33715072 -1.12240043 1.00800000 0.00000000 0.00000000 0.00000000
H 1.0 -1.06776399 -1.74578200 -0.00000000 1.00800000 0.00000000 0.00000000 0.00000000
States
001    -77.78506288 -77.78506288   0.00000000   0.00000000   0.00000000   0.00000000   0.00000000   0.00000000   0.00000000   0.00000000
002    -77.50122120 -77.78506288   0.00000000   0.00000000   0.00000000   0.00000000   0.00000000   0.00000000   0.28384168   0.00000000
003    -77.49305028 -77.78506288   0.00000000   0.00000000   0.00000000   0.00000000   0.00000000   0.00000000   0.29201260   0.00000000
Ekin    0.00000000 a.u.
Epot_harm    0.00000000 a.u.
Epot    0.25108796 a.u.
Etot_harm    0.00000000 a.u.
Etot    0.25108796 a.u.


Index     64
Atoms
C 6.0 0.00000000 0.00000000 0.00000000 12.01100000 0.00000000 0.00000000 0.00000000
C 6.0 4.47235184 0.00000000 0.00000000 12.01100000 0.00000000 0.00000000 0.00000000
H 1.0 -1.06776399 1.74578200 0.00000000 1.00800000 0.00000000 0.00000000 0.00000000
H 1.0 5.54011583 0.87262711 1.51204389 1.00800000 0.00000000 0.00000000 0.00000000
H 1.0 5.54011583 -0.87262711 -1.51204389 1.00800000 0.00000000 0.00000000 0.00000000
H 1.0 -1.06776399 -1.74578200 -0.00000000 1.00800000 0.00000000 0.00000000 0.00000000
States
001    -77.78044114 -77.78044114   0.00000000   0.00000000   0.00000000   0.00000000   0.00000000   0.00000000   0.00000000   0.00000000
002    -77.50559885 -77.78044114   0.00000000   0.00000000   0.00000000   0.00000000   0.00000000   0.00000000   0.27484229   0.00000000
003    -77.50153103 -77.78044114   0.00000000   0.00000000   0.00000000   0.00000000   0.00000000   0.00000000   0.27891011   0.00000000
Ekin    0.00000000 a.u.
Epot_harm    0.00000000 a.u.
Epot    0.25570970 a.u.
Etot_harm    0.00000000 a.u.
Etot    0.25570970 a.u.


Index     65
Atoms
C 6.0 0.00000000 0.00000000 0.00000000 12.01100000 0.00000000 0.00000000 0.00000000
C 6.0 4.47235184 0.00000000 0.00000000 12.01100000 0.00000000 0.00000000 0.00000000
H 1.0 -1.06776399 1.74578200 0.00000000 1.00800000 0.00000000 0.00000000 0.00000000
H 1.0 5.54011583 0.30285180 1.71931253 1.00800000 0.00000000 0.00000000 0.00000000
H 1.0 5.54011583 -0.30285180 -1.71931253 1.00800000 0.00000000 0.00000000 0.00000000
H 1.0 -1.06776399 -1.74578200 -0.00000000 1.00800000 0.00000000 0.00000000 0.00000000
States
001    -77.77750329 -77.77750329   0.00000000   0.00000000   0.00000000   0.00000000   0.00000000   0.00000000   0.00000000   0.00000000
002    -77.50828208 -77.77750329   0.00000000   0.00000000   0.00000000   0.00000000   0.00000000   0.00000000   0.26922121   0.00000000
003    -77.50694073 -77.77750329   0.00000000   0.00000000   0.00000000   0.00000000   0.00000000   0.00000000   0.27056256   0.00000000
Ekin    0.00000000 a.u.
Epot_harm    0.00000000 a.u.
Epot    0.25864755 a.u.
Etot_harm    0.00000000 a.u.
Etot    0.25864755 a.u.


Index     66
Atoms
C 6.0 0.00000000 0.00000000 0.00000000 12.01100000 0.00000000 0.00000000 0.00000000
C 6.0 4.47235184 0.00000000 0.00000000 12.01100000 0.00000000 0.00000000 0.00000000
H 1.0 -1.06776399 1.74578200 0.00000000 1.00800000 0.00000000 0.00000000 0.00000000
H 1.0 5.54011583 -0.30345192 1.71920671 1.00800000 0.00000000 0.00000000 0.00000000
H 1.0 5.54011583 0.30345192 -1.71920671 1.00800000 0.00000000 0.00000000 0.00000000
H 1.0 -1.06776399 -1.74578200 -0.00000000 1.00800000 0.00000000 0.00000000 0.00000000
States
001    -77.77750487 -77.77750487   0.00000000   0.00000000   0.00000000   0.00000000   0.00000000   0.00000000   0.00000000   0.00000000
002    -77.50828065 -77.77750487   0.00000000   0.00000000   0.00000000   0.00000000   0.00000000   0.00000000   0.26922422   0.00000000
003    -77.50693782 -77.77750487   0.00000000   0.00000000   0.00000000   0.00000000   0.00000000   0.00000000   0.27056705   0.00000000
Ekin    0.00000000 a.u.
Epot_harm    0.00000000 a.u.
Epot    0.25864597 a.u.
Etot_harm    0.00000000 a.u.
Etot    0.25864597 a.u.


Index     67
Atoms
C 6.0 0.00000000 0.00000000 0.00000000 12.01100000 0.00000000 0.00000000 0.00000000
C 6.0 4.47235184 0.00000000 0.00000000 12.01100000 0.00000000 0.00000000 0.00000000
H 1.0 -1.06776399 1.74578200 0.00000000 1.00800000 0.00000000 0.00000000 0.00000000
H 1.0 5.54011583 -0.87315485 1.51173919 1.00800000 0.00000000 0.00000000 0.00000000
H 1.0 5.54011583 0.87315485 -1.51173919 1.00800000 0.00000000 0.00000000 0.00000000
H 1.0 -1.06776399 -1.74578200 -0.00000000 1.00800000 0.00000000 0.00000000 0.00000000
States
001    -77.78044522 -77.78044522   0.00000000   0.00000000   0.00000000   0.00000000   0.00000000   0.00000000   0.00000000   0.00000000
002    -77.50559507 -77.78044522   0.00000000   0.00000000   0.00000000   0.00000000   0.00000000   0.00000000   0.27485015   0.00000000
003    -77.50152352 -77.78044522   0.00000000   0.00000000   0.00000000   0.00000000   0.00000000   0.00000000   0.27892170   0.00000000
Ekin    0.00000000 a.u.
Epot_harm    0.00000000 a.u.
Epot    0.25570562 a.u.
Etot_harm    0.00000000 a.u.
Etot    0.25570562 a.u.


Index     68
Atoms
C 6.0 0.00000000 0.00000000 0.00000000 12.01100000 0.00000000 0.00000000 0.00000000
C 6.0 4.47235184 0.00000000 0.00000000 12.01100000 0.00000000 0.00000000 0.00000000
H 1.0 -1.06776399 1.74578200 0.00000000 1.00800000 0.00000000 0.00000000 0.00000000
H 1.0 5.54011583 -1.33754244 1.12193361 1.00800000 0.00000000 0.00000000 0.00000000
H 1.0 5.54011583 1.33754244 -1.12193361 1.00800000 0.00000000 0.00000000 0.00000000
H 1.0 -1.06776399 -1.74578200 -0.00000000 1.00800000 0.00000000 0.00000000 0.00000000
States
001    -77.78506770 -77.78506770   0.00000000   0.00000000   0.00000000   0.00000000   0.00000000   0.00000000   0.00000000   0.00000000
002    -77.50121655 -77.78506770   0.00000000   0.00000000   0.00000000   0.00000000   0.00000000   0.00000000   0.28385115   0.00000000
003    -77.49304148 -77.78506770   0.00000000   0.00000000   0.00000000   0.00000000   0.00000000   0.00000000   0.29202622   0.00000000
Ekin    0.00000000 a.u.
Epot_harm    0.00000000 a.u.
Epot    0.25108314 a.u.
Etot_harm    0.00000000 a.u.
Etot    0.25108314 a.u.


Index     69
Atoms
C 6.0 0.00000000 0.00000000 0.00000000 12.01100000 0.00000000 0.00000000 0.00000000
C 6.0 4.47235184 0.00000000 0.00000000 12.01100000 0.00000000 0.00000000 0.00000000
H 1.0 -1.06776399 1.74578200 0.00000000 1.00800000 0.00000000 0.00000000 0.00000000
H 1.0 5.54011583 -1.64060266 0.59680628 1.00800000 0.00000000 0.00000000 0.00000000
H 1.0 5.54011583 1.64060266 -0.59680628 1.00800000 0.00000000 0.00000000 0.00000000
H 1.0 -1.06776399 -1.74578200 -0.00000000 1.00800000 0.00000000 0.00000000 0.00000000
States
001    -77.78932480 -77.78932480   0.00000000   0.00000000   0.00000000   0.00000000   0.00000000   0.00000000   0.00000000   0.00000000
002    -77.49704489 -77.78932480   0.00000000   0.00000000   0.00000000   0.00000000   0.00000000   0.00000000   0.29227991   0.00000000
003    -77.48532876 -77.78932480   0.00000000   0.00000000   0.00000000   0.00000000   0.00000000   0.00000000   0.30399604   0.00000000
Ekin    0.00000000 a.u.
Epot_harm    0.00000000 a.u.
Epot    0.24682604 a.u.
Etot_harm    0.00000000 a.u.
Etot    0.24682604 a.u.


Index     70
Atoms
C 6.0 0.00000000 0.00000000 0.00000000 12.01100000 0.00000000 0.00000000 0.00000000
C 6.0 4.47235184 0.00000000 0.00000000 12.01100000 0.00000000 0.00000000 0.00000000
H 1.0 -1.06776399 1.74578200 0.00000000 1.00800000 0.00000000 0.00000000 0.00000000
H 1.0 5.54011583 -1.74578198 -0.00030470 1.00800000 0.00000000 0.00000000 0.00000000
H 1.0 5.54011583 1.74578198 0.00030470 1.00800000 0.00000000 0.00000000 0.00000000
H 1.0 -1.06776399 -1.74578200 -0.00000000 1.00800000 0.00000000 0.00000000 0.00000000
States
001    -77.79107632 -77.79107632   0.00000000   0.00000000   0.00000000   0.00000000   0.00000000   0.00000000   0.00000000   0.00000000
002    -77.49529878 -77.79107632   0.00000000   0.00000000   0.00000000   0.00000000   0.00000000   0.00000000   0.29577754   0.00000000
003    -77.48220061 -77.79107632   0.00000000   0.00000000   0.00000000   0.00000000   0.00000000   0.00000000   0.30887571   0.00000000
Ekin    0.00000000 a.u.
Epot_harm    0.00000000 a.u.
Epot    0.24507452 a.u.
Etot_harm    0.00000000 a.u.
Etot    0.24507452 a.u.


Index     71
Atoms
C 6.0 0.00000000 0.00000000 0.00000000 12.01100000 0.00000000 0.00000000 0.00000000
C 6.0 4.87129402 0.00000000 0.00000000 12.01100000 0.00000000 0.00000000 0.00000000
H 1.0 -1.06776399 1.74578200 0.00000000 1.00800000 0.00000000 0.00000000 0.00000000
H 1.0 5.93905801 1.74578198 0.00030470 1.00800000 0.00000000 0.00000000 0.00000000
H 1.0 5.93905801 -1.74578198 -0.00030470 1.00800000 0.00000000 0.00000000 0.00000000
H 1.0 -1.06776399 -1.74578200 -0.00000000 1.00800000 0.00000000 0.00000000 0.00000000
States
001    -77.75034317 -77.75034317   0.00000000   0.00000000   0.00000000   0.00000000   0.00000000   0.00000000   0.00000000   0.00000000
002    -77.44499719 -77.75034317   0.00000000   0.00000000   0.00000000   0.00000000   0.00000000   0.00000000   0.30534598   0.00000000
003    -77.43774606 -77.75034317   0.00000000   0.00000000   0.00000000   0.00000000   0.00000000   0.00000000   0.31259711   0.00000000
Ekin    0.00000000 a.u.
Epot_harm    0.00000000 a.u.
Epot    0.28580767 a.u.
Etot_harm    0.00000000 a.u.
Etot    0.28580767 a.u.


Index     72
Atoms
C 6.0 0.00000000 0.00000000 0.00000000 12.01100000 0.00000000 0.00000000 0.00000000
C 6.0 4.87129402 0.00000000 0.00000000 12.01100000 0.00000000 0.00000000 0.00000000
H 1.0 -1.06776399 1.74578200 0.00000000 1.00800000 0.00000000 0.00000000 0.00000000
H 1.0 5.93905801 1.64039422 0.59737892 1.00800000 0.00000000 0.00000000 0.00000000
H 1.0 5.93905801 -1.64039422 -0.59737892 1.00800000 0.00000000 0.00000000 0.00000000
H 1.0 -1.06776399 -1.74578200 -0.00000000 1.00800000 0.00000000 0.00000000 0.00000000
States
001    -77.74930528 -77.74930528   0.00000000   0.00000000   0.00000000   0.00000000   0.00000000   0.00000000   0.00000000   0.00000000
002    -77.44605846 -77.74930528   0.00000000   0.00000000   0.00000000   0.00000000   0.00000000   0.00000000   0.30324682   0.00000000
003    -77.43958573 -77.74930528   0.00000000   0.00000000   0.00000000   0.00000000   0.00000000   0.00000000   0.30971955   0.00000000
Ekin    0.00000000 a.u.
Epot_harm    0.00000000 a.u.
Epot    0.28684556 a.u.
Etot_harm    0.00000000 a.u.
Etot    0.28684556 a.u.


Index     73
Atoms
C 6.0 0.00000000 0.00000000 0.00000000 12.01100000 0.00000000 0.00000000 0.00000000
C 6.0 4.87129402 0.00000000 0.00000000 12.01100000 0.00000000 0.00000000 0.00000000
H 1.0 -1.06776399 1.74578200 0.00000000 1.00800000 0.00000000 0.00000000 0.00000000
H 1.0 5.93905801 1.33715072 1.12240043 1.00800000 0.00000000 0.00000000 0.00000000
H 1.0 5.93905801 -1.33715072 -1.12240043 1.00800000 0.00000000 0.00000000 0.00000000
H 1.0 -1.06776399 -1.74578200 -0.00000000 1.00800000 0.00000000 0.00000000 0.00000000
States
001    -77.74676327 -77.74676327   0.00000000   0.00000000   0.00000000   0.00000000   0.00000000   0.00000000   0.00000000   0.00000000
002    -77.44864569 -77.74676327   0.00000000   0.00000000   0.00000000   0.00000000   0.00000000   0.00000000   0.29811758   0.00000000
003    -77.44414402 -77.74676327   0.00000000   0.00000000   0.00000000   0.00000000   0.00000000   0.00000000   0.30261925   0.00000000
Ekin    0.00000000 a.u.
Epot_harm    0.00000000 a.u.
Epot    0.28938757 a.u.
Etot_harm    0.00000000 a.u.
Etot    0.28938757 a.u.


Index     74
Atoms
C 6.0 0.00000000 0.00000000 0.00000000 12.01100000 0.00000000 0.00000000 0.00000000
C 6.0 4.87129402 0.00000000 0.00000000 12.01100000 0.00000000 0.00000000 0.00000000
H 1.0 -1.06776399 1.74578200 0.00000000 1.00800000 0.00000000 0.00000000 0.00000000
H 1.0 5.93905801 0.87262711 1.51204389 1.00800000 0.00000000 0.00000000 0.00000000
H 1.0 5.93905801 -0.87262711 -1.51204389 1.00800000 0.00000000 0.00000000 0.00000000
H 1.0 -1.06776399 -1.74578200 -0.00000000 1.00800000 0.00000000 0.00000000 0.00000000
States
001    -77.74399179 -77.74399179   0.00000000   0.00000000   0.00000000   0.00000000   0.00000000   0.00000000   0.00000000   0.00000000
002    -77.45143670 -77.74399179   0.00000000   0.00000000   0.00000000   0.00000000   0.00000000   0.00000000   0.29255509   0.00000000
003    -77.44918154 -77.74399179   0.00000000   0.00000000   0.00000000   0.00000000   0.00000000   0.00000000   0.29481025   0.00000000
Ekin    0.00000000 a.u.
Epot_harm    0.00000000 a.u.
Epot    0.29215905 a.u.
Etot_harm    0.00000000 a.u.
Etot    0.29215905 a.u.


Index     75
Atoms
C 6.0 0.00000000 0.00000000 0.00000000 12.01100000 0.00000000 0.00000000 0.00000000
C 6.0 4.87129402 0.00000000 0.00000000 12.01100000 0.00000000 0.00000000 0.00000000
H 1.0 -1.06776399 1.74578200 0.00000000 1.00800000 0.00000000 0.00000000 0.00000000
H 1.0 5.93905801 0.30285180 1.71931253 1.00800000 0.00000000 0.00000000 0.00000000
H 1.0 5.93905801 -0.30285180 -1.71931253 1.00800000 0.00000000 0.00000000 0.00000000
H 1.0 -1.06776399 -1.74578200 -0.00000000 1.00800000 0.00000000 0.00000000 0.00000000
States
001    -77.74223833 -77.74223833   0.00000000   0.00000000   0.00000000   0.00000000   0.00000000   0.00000000   0.00000000   0.00000000
002    -77.45318146 -77.74223833   0.00000000   0.00000000   0.00000000   0.00000000   0.00000000   0.00000000   0.28905687   0.00000000
003    -77.45239744 -77.74223833   0.00000000   0.00000000   0.00000000   0.00000000   0.00000000   0.00000000   0.28984089   0.00000000
Ekin    0.00000000 a.u.
Epot_harm    0.00000000 a.u.
Epot    0.29391251 a.u.
Etot_harm    0.00000000 a.u.
Etot    0.29391251 a.u.


Index     76
Atoms
C 6.0 0.00000000 0.00000000 0.00000000 12.01100000 0.00000000 0.00000000 0.00000000
C 6.0 4.87129402 0.00000000 0.00000000 12.01100000 0.00000000 0.00000000 0.00000000
H 1.0 -1.06776399 1.74578200 0.00000000 1.00800000 0.00000000 0.00000000 0.00000000
H 1.0 5.93905801 -0.30345192 1.71920671 1.00800000 0.00000000 0.00000000 0.00000000
H 1.0 5.93905801 0.30345192 -1.71920671 1.00800000 0.00000000 0.00000000 0.00000000
H 1.0 -1.06776399 -1.74578200 -0.00000000 1.00800000 0.00000000 0.00000000 0.00000000
States
001    -77.74223927 -77.74223927   0.00000000   0.00000000   0.00000000   0.00000000   0.00000000   0.00000000   0.00000000   0.00000000
002    -77.45318052 -77.74223927   0.00000000   0.00000000   0.00000000   0.00000000   0.00000000   0.00000000   0.28905875   0.00000000
003    -77.45239571 -77.74223927   0.00000000   0.00000000   0.00000000   0.00000000   0.00000000   0.00000000   0.28984356   0.00000000
Ekin    0.00000000 a.u.
Epot_harm    0.00000000 a.u.
Epot    0.29391157 a.u.
Etot_harm    0.00000000 a.u.
Etot    0.29391157 a.u.


Index     77
Atoms
C 6.0 0.00000000 0.00000000 0.00000000 12.01100000 0.00000000 0.00000000 0.00000000
C 6.0 4.87129402 0.00000000 0.00000000 12.01100000 0.00000000 0.00000000 0.00000000
H 1.0 -1.06776399 1.74578200 0.00000000 1.00800000 0.00000000 0.00000000 0.00000000
H 1.0 5.93905801 -0.87315485 1.51173919 1.00800000 0.00000000 0.00000000 0.00000000
H 1.0 5.93905801 0.87315485 -1.51173919 1.00800000 0.00000000 0.00000000 0.00000000
H 1.0 -1.06776399 -1.74578200 -0.00000000 1.00800000 0.00000000 0.00000000 0.00000000
States
001    -77.74399423 -77.74399423   0.00000000   0.00000000   0.00000000   0.00000000   0.00000000   0.00000000   0.00000000   0.00000000
002    -77.45143426 -77.74399423   0.00000000   0.00000000   0.00000000   0.00000000   0.00000000   0.00000000   0.29255997   0.00000000
003    -77.44917708 -77.74399423   0.00000000   0.00000000   0.00000000   0.00000000   0.00000000   0.00000000   0.29481715   0.00000000
Ekin    0.00000000 a.u.
Epot_harm    0.00000000 a.u.
Epot    0.29215661 a.u.
Etot_harm    0.00000000 a.u.
Etot    0.29215661 a.u.


Index     78
Atoms
C 6.0 0.00000000 0.00000000 0.00000000 12.01100000 0.00000000 0.00000000 0.00000000
C 6.0 4.87129402 0.00000000 0.00000000 12.01100000 0.00000000 0.00000000 0.00000000
H 1.0 -1.06776399 1.74578200 0.00000000 1.00800000 0.00000000 0.00000000 0.00000000
H 1.0 5.93905801 -1.33754244 1.12193361 1.00800000 0.00000000 0.00000000 0.00000000
H 1.0 5.93905801 1.33754244 -1.12193361 1.00800000 0.00000000 0.00000000 0.00000000
H 1.0 -1.06776399 -1.74578200 -0.00000000 1.00800000 0.00000000 0.00000000 0.00000000
States
001    -77.74676615 -77.74676615   0.00000000   0.00000000   0.00000000   0.00000000   0.00000000   0.00000000   0.00000000   0.00000000
002    -77.44864276 -77.74676615   0.00000000   0.00000000   0.00000000   0.00000000   0.00000000   0.00000000   0.29812339   0.00000000
003    -77.44413881 -77.74676615   0.00000000   0.00000000   0.00000000   0.00000000   0.00000000   0.00000000   0.30262734   0.00000000
Ekin    0.00000000 a.u.
Epot_harm    0.00000000 a.u.
Epot    0.28938469 a.u.
Etot_harm    0.00000000 a.u.
Etot    0.28938469 a.u.


Index     79
Atoms
C 6.0 0.00000000 0.00000000 0.00000000 12.01100000 0.00000000 0.00000000 0.00000000
C 6.0 4.87129402 0.00000000 0.00000000 12.01100000 0.00000000 0.00000000 0.00000000
H 1.0 -1.06776399 1.74578200 0.00000000 1.00800000 0.00000000 0.00000000 0.00000000
H 1.0 5.93905801 -1.64060266 0.59680628 1.00800000 0.00000000 0.00000000 0.00000000
H 1.0 5.93905801 1.64060266 -0.59680628 1.00800000 0.00000000 0.00000000 0.00000000
H 1.0 -1.06776399 -1.74578200 -0.00000000 1.00800000 0.00000000 0.00000000 0.00000000
States
001    -77.74930725 -77.74930725   0.00000000   0.00000000   0.00000000   0.00000000   0.00000000   0.00000000   0.00000000   0.00000000
002    -77.44605645 -77.74930725   0.00000000   0.00000000   0.00000000   0.00000000   0.00000000   0.00000000   0.30325080   0.00000000
003    -77.43958223 -77.74930725   0.00000000   0.00000000   0.00000000   0.00000000   0.00000000   0.00000000   0.30972502   0.00000000
Ekin    0.00000000 a.u.
Epot_harm    0.00000000 a.u.
Epot    0.28684359 a.u.
Etot_harm    0.00000000 a.u.
Etot    0.28684359 a.u.


Index     80
Atoms
C 6.0 0.00000000 0.00000000 0.00000000 12.01100000 0.00000000 0.00000000 0.00000000
C 6.0 4.87129402 0.00000000 0.00000000 12.01100000 0.00000000 0.00000000 0.00000000
H 1.0 -1.06776399 1.74578200 0.00000000 1.00800000 0.00000000 0.00000000 0.00000000
H 1.0 5.93905801 -1.74578198 -0.00030470 1.00800000 0.00000000 0.00000000 0.00000000
H 1.0 5.93905801 1.74578198 0.00030470 1.00800000 0.00000000 0.00000000 0.00000000
H 1.0 -1.06776399 -1.74578200 -0.00000000 1.00800000 0.00000000 0.00000000 0.00000000
States
001    -77.75034317 -77.75034317   0.00000000   0.00000000   0.00000000   0.00000000   0.00000000   0.00000000   0.00000000   0.00000000
002    -77.44499719 -77.75034317   0.00000000   0.00000000   0.00000000   0.00000000   0.00000000   0.00000000   0.30534598   0.00000000
003    -77.43774606 -77.75034317   0.00000000   0.00000000   0.00000000   0.00000000   0.00000000   0.00000000   0.31259711   0.00000000
Ekin    0.00000000 a.u.
Epot_harm    0.00000000 a.u.
Epot    0.28580767 a.u.
Etot_harm    0.00000000 a.u.
Etot    0.28580767 a.u.


Index     81
Atoms
C 6.0 0.00000000 0.00000000 0.00000000 12.01100000 0.00000000 0.00000000 0.00000000
C 6.0 5.27023620 0.00000000 0.00000000 12.01100000 0.00000000 0.00000000 0.00000000
H 1.0 -1.06776399 1.74578200 0.00000000 1.00800000 0.00000000 0.00000000 0.00000000
H 1.0 6.33800019 1.74578198 0.00030470 1.00800000 0.00000000 0.00000000 0.00000000
H 1.0 6.33800019 -1.74578198 -0.00030470 1.00800000 0.00000000 0.00000000 0.00000000
H 1.0 -1.06776399 -1.74578200 -0.00000000 1.00800000 0.00000000 0.00000000 0.00000000
States
001    -77.71639588 -77.71639588   0.00000000   0.00000000   0.00000000   0.00000000   0.00000000   0.00000000   0.00000000   0.00000000
002    -77.40055938 -77.71639588   0.00000000   0.00000000   0.00000000   0.00000000   0.00000000   0.00000000   0.31583650   0.00000000
003    -77.39655362 -77.71639588   0.00000000   0.00000000   0.00000000   0.00000000   0.00000000   0.00000000   0.31984226   0.00000000
Ekin    0.00000000 a.u.
Epot_harm    0.00000000 a.u.
Epot    0.31975496 a.u.
Etot_harm    0.00000000 a.u.
Etot    0.31975496 a.u.


Index     82
Atoms
C 6.0 0.00000000 0.00000000 0.00000000 12.01100000 0.00000000 0.00000000 0.00000000
C 6.0 5.27023620 0.00000000 0.00000000 12.01100000 0.00000000 0.00000000 0.00000000
H 1.0 -1.06776399 1.74578200 0.00000000 1.00800000 0.00000000 0.00000000 0.00000000
H 1.0 6.33800019 1.64039422 0.59737892 1.00800000 0.00000000 0.00000000 0.00000000
H 1.0 6.33800019 -1.64039422 -0.59737892 1.00800000 0.00000000 0.00000000 0.00000000
H 1.0 -1.06776399 -1.74578200 -0.00000000 1.00800000 0.00000000 0.00000000 0.00000000
States
001    -77.71578520 -77.71578520   0.00000000   0.00000000   0.00000000   0.00000000   0.00000000   0.00000000   0.00000000   0.00000000
002    -77.40120280 -77.71578520   0.00000000   0.00000000   0.00000000   0.00000000   0.00000000   0.00000000   0.31458240   0.00000000
003    -77.39762931 -77.71578520   0.00000000   0.00000000   0.00000000   0.00000000   0.00000000   0.00000000   0.31815589   0.00000000
Ekin    0.00000000 a.u.
Epot_harm    0.00000000 a.u.
Epot    0.32036564 a.u.
Etot_harm    0.00000000 a.u.
Etot    0.32036564 a.u.


Index     83
Atoms
C 6.0 0.00000000 0.00000000 0.00000000 12.01100000 0.00000000 0.00000000 0.00000000
C 6.0 5.27023620 0.00000000 0.00000000 12.01100000 0.00000000 0.00000000 0.00000000
H 1.0 -1.06776399 1.74578200 0.00000000 1.00800000 0.00000000 0.00000000 0.00000000
H 1.0 6.33800019 1.33715072 1.12240043 1.00800000 0.00000000 0.00000000 0.00000000
H 1.0 6.33800019 -1.33715072 -1.12240043 1.00800000 0.00000000 0.00000000 0.00000000
H 1.0 -1.06776399 -1.74578200 -0.00000000 1.00800000 0.00000000 0.00000000 0.00000000
States
001    -77.71427367 -77.71427367   0.00000000   0.00000000   0.00000000   0.00000000   0.00000000   0.00000000   0.00000000   0.00000000
002    -77.40279489 -77.71427367   0.00000000   0.00000000   0.00000000   0.00000000   0.00000000   0.00000000   0.31147878   0.00000000
003    -77.40031145 -77.71427367   0.00000000   0.00000000   0.00000000   0.00000000   0.00000000   0.00000000   0.31396222   0.00000000
Ekin    0.00000000 a.u.
Epot_harm    0.00000000 a.u.
Epot    0.32187717 a.u.
Etot_harm    0.00000000 a.u.
Etot    0.32187717 a.u.


Index     84
Atoms
C 6.0 0.00000000 0.00000000 0.00000000 12.01100000 0.00000000 0.00000000 0.00000000
C 6.0 5.27023620 0.00000000 0.00000000 12.01100000 0.00000000 0.00000000 0.00000000
H 1.0 -1.06776399 1.74578200 0.00000000 1.00800000 0.00000000 0.00000000 0.00000000
H 1.0 6.33800019 0.87262711 1.51204389 1.00800000 0.00000000 0.00000000 0.00000000
H 1.0 6.33800019 -0.87262711 -1.51204389 1.00800000 0.00000000 0.00000000 0.00000000
H 1.0 -1.06776399 -1.74578200 -0.00000000 1.00800000 0.00000000 0.00000000 0.00000000
States
001    -77.71260995 -77.71260995   0.00000000   0.00000000   0.00000000   0.00000000   0.00000000   0.00000000   0.00000000   0.00000000
002    -77.40454570 -77.71260995   0.00000000   0.00000000   0.00000000   0.00000000   0.00000000   0.00000000   0.30806425   0.00000000
003    -77.40329620 -77.71260995   0.00000000   0.00000000   0.00000000   0.00000000   0.00000000   0.00000000   0.30931375   0.00000000
Ekin    0.00000000 a.u.
Epot_harm    0.00000000 a.u.
Epot    0.32354089 a.u.
Etot_harm    0.00000000 a.u.
Etot    0.32354089 a.u.


Index     85
Atoms
C 6.0 0.00000000 0.00000000 0.00000000 12.01100000 0.00000000 0.00000000 0.00000000
C 6.0 5.27023620 0.00000000 0.00000000 12.01100000 0.00000000 0.00000000 0.00000000
H 1.0 -1.06776399 1.74578200 0.00000000 1.00800000 0.00000000 0.00000000 0.00000000
H 1.0 6.33800019 0.30285180 1.71931253 1.00800000 0.00000000 0.00000000 0.00000000
H 1.0 6.33800019 -0.30285180 -1.71931253 1.00800000 0.00000000 0.00000000 0.00000000
H 1.0 -1.06776399 -1.74578200 -0.00000000 1.00800000 0.00000000 0.00000000 0.00000000
States
001    -77.71155198 -77.71155198   0.00000000   0.00000000   0.00000000   0.00000000   0.00000000   0.00000000   0.00000000   0.00000000
002    -77.40565682 -77.71155198   0.00000000   0.00000000   0.00000000   0.00000000   0.00000000   0.00000000   0.30589516   0.00000000
003    -77.40521010 -77.71155198   0.00000000   0.00000000   0.00000000   0.00000000   0.00000000   0.00000000   0.30634188   0.00000000
Ekin    0.00000000 a.u.
Epot_harm    0.00000000 a.u.
Epot    0.32459886 a.u.
Etot_harm    0.00000000 a.u.
Etot    0.32459886 a.u.


Index     86
Atoms
C 6.0 0.00000000 0.00000000 0.00000000 12.01100000 0.00000000 0.00000000 0.00000000
C 6.0 5.27023620 0.00000000 0.00000000 12.01100000 0.00000000 0.00000000 0.00000000
H 1.0 -1.06776399 1.74578200 0.00000000 1.00800000 0.00000000 0.00000000 0.00000000
H 1.0 6.33800019 -0.30345192 1.71920671 1.00800000 0.00000000 0.00000000 0.00000000
H 1.0 6.33800019 0.30345192 -1.71920671 1.00800000 0.00000000 0.00000000 0.00000000
H 1.0 -1.06776399 -1.74578200 -0.00000000 1.00800000 0.00000000 0.00000000 0.00000000
States
001    -77.71155255 -77.71155255   0.00000000   0.00000000   0.00000000   0.00000000   0.00000000   0.00000000   0.00000000   0.00000000
002    -77.40565622 -77.71155255   0.00000000   0.00000000   0.00000000   0.00000000   0.00000000   0.00000000   0.30589633   0.00000000
003    -77.40520906 -77.71155255   0.00000000   0.00000000   0.00000000   0.00000000   0.00000000   0.00000000   0.30634349   0.00000000
Ekin    0.00000000 a.u.
Epot_harm    0.00000000 a.u.
Epot    0.32459829 a.u.
Etot_harm    0.00000000 a.u.
Etot    0.32459829 a.u.


Index     87
Atoms
C 6.0 0.00000000 0.00000000 0.00000000 12.01100000 0.00000000 0.00000000 0.00000000
C 6.0 5.27023620 0.00000000 0.00000000 12.01100000 0.00000000 0.00000000 0.00000000
H 1.0 -1.06776399 1.74578200 0.00000000 1.00800000 0.00000000 0.00000000 0.00000000
H 1.0 6.33800019 -0.87315485 1.51173919 1.00800000 0.00000000 0.00000000 0.00000000
H 1.0 6.33800019 0.87315485 -1.51173919 1.00800000 0.00000000 0.00000000 0.00000000
H 1.0 -1.06776399 -1.74578200 -0.00000000 1.00800000 0.00000000 0.00000000 0.00000000
States
001    -77.71261142 -77.71261142   0.00000000   0.00000000   0.00000000   0.00000000   0.00000000   0.00000000   0.00000000   0.00000000
002    -77.40454415 -77.71261142   0.00000000   0.00000000   0.00000000   0.00000000   0.00000000   0.00000000   0.30806727   0.00000000
003    -77.40329355 -77.71261142   0.00000000   0.00000000   0.00000000   0.00000000   0.00000000   0.00000000   0.30931787   0.00000000
Ekin    0.00000000 a.u.
Epot_harm    0.00000000 a.u.
Epot    0.32353942 a.u.
Etot_harm    0.00000000 a.u.
Etot    0.32353942 a.u.


Index     88
Atoms
C 6.0 0.00000000 0.00000000 0.00000000 12.01100000 0.00000000 0.00000000 0.00000000
C 6.0 5.27023620 0.00000000 0.00000000 12.01100000 0.00000000 0.00000000 0.00000000
H 1.0 -1.06776399 1.74578200 0.00000000 1.00800000 0.00000000 0.00000000 0.00000000
H 1.0 6.33800019 -1.33754244 1.12193361 1.00800000 0.00000000 0.00000000 0.00000000
H 1.0 6.33800019 1.33754244 -1.12193361 1.00800000 0.00000000 0.00000000 0.00000000
H 1.0 -1.06776399 -1.74578200 -0.00000000 1.00800000 0.00000000 0.00000000 0.00000000
States
001    -77.71427540 -77.71427540   0.00000000   0.00000000   0.00000000   0.00000000   0.00000000   0.00000000   0.00000000   0.00000000
002    -77.40279307 -77.71427540   0.00000000   0.00000000   0.00000000   0.00000000   0.00000000   0.00000000   0.31148233   0.00000000
003    -77.40030836 -77.71427540   0.00000000   0.00000000   0.00000000   0.00000000   0.00000000   0.00000000   0.31396704   0.00000000
Ekin    0.00000000 a.u.
Epot_harm    0.00000000 a.u.
Epot    0.32187544 a.u.
Etot_harm    0.00000000 a.u.
Etot    0.32187544 a.u.


Index     89
Atoms
C 6.0 0.00000000 0.00000000 0.00000000 12.01100000 0.00000000 0.00000000 0.00000000
C 6.0 5.27023620 0.00000000 0.00000000 12.01100000 0.00000000 0.00000000 0.00000000
H 1.0 -1.06776399 1.74578200 0.00000000 1.00800000 0.00000000 0.00000000 0.00000000
H 1.0 6.33800019 -1.64060266 0.59680628 1.00800000 0.00000000 0.00000000 0.00000000
H 1.0 6.33800019 1.64060266 -0.59680628 1.00800000 0.00000000 0.00000000 0.00000000
H 1.0 -1.06776399 -1.74578200 -0.00000000 1.00800000 0.00000000 0.00000000 0.00000000
States
001    -77.71578637 -77.71578637   0.00000000   0.00000000   0.00000000   0.00000000   0.00000000   0.00000000   0.00000000   0.00000000
002    -77.40120157 -77.71578637   0.00000000   0.00000000   0.00000000   0.00000000   0.00000000   0.00000000   0.31458480   0.00000000
003    -77.39762726 -77.71578637   0.00000000   0.00000000   0.00000000   0.00000000   0.00000000   0.00000000   0.31815911   0.00000000
Ekin    0.00000000 a.u.
Epot_harm    0.00000000 a.u.
Epot    0.32036447 a.u.
Etot_harm    0.00000000 a.u.
Etot    0.32036447 a.u.


Index     90
Atoms
C 6.0 0.00000000 0.00000000 0.00000000 12.01100000 0.00000000 0.00000000 0.00000000
C 6.0 5.27023620 0.00000000 0.00000000 12.01100000 0.00000000 0.00000000 0.00000000
H 1.0 -1.06776399 1.74578200 0.00000000 1.00800000 0.00000000 0.00000000 0.00000000
H 1.0 6.33800019 -1.74578198 -0.00030470 1.00800000 0.00000000 0.00000000 0.00000000
H 1.0 6.33800019 1.74578198 0.00030470 1.00800000 0.00000000 0.00000000 0.00000000
H 1.0 -1.06776399 -1.74578200 -0.00000000 1.00800000 0.00000000 0.00000000 0.00000000
States
001    -77.71639588 -77.71639588   0.00000000   0.00000000   0.00000000   0.00000000   0.00000000   0.00000000   0.00000000   0.00000000
002    -77.40055938 -77.71639588   0.00000000   0.00000000   0.00000000   0.00000000   0.00000000   0.00000000   0.31583650   0.00000000
003    -77.39655362 -77.71639588   0.00000000   0.00000000   0.00000000   0.00000000   0.00000000   0.00000000   0.31984226   0.00000000
Ekin    0.00000000 a.u.
Epot_harm    0.00000000 a.u.
Epot    0.31975496 a.u.
Etot_harm    0.00000000 a.u.
Etot    0.31975496 a.u.


Index     91
Atoms
C 6.0 0.00000000 0.00000000 0.00000000 12.01100000 0.00000000 0.00000000 0.00000000
C 6.0 5.66917838 0.00000000 0.00000000 12.01100000 0.00000000 0.00000000 0.00000000
H 1.0 -1.06776399 1.74578200 0.00000000 1.00800000 0.00000000 0.00000000 0.00000000
H 1.0 6.73694237 1.74578198 0.00030470 1.00800000 0.00000000 0.00000000 0.00000000
H 1.0 6.73694237 -1.74578198 -0.00030470 1.00800000 0.00000000 0.00000000 0.00000000
H 1.0 -1.06776399 -1.74578200 -0.00000000 1.00800000 0.00000000 0.00000000 0.00000000
States
001    -77.68790580 -77.68790580   0.00000000   0.00000000   0.00000000   0.00000000   0.00000000   0.00000000   0.00000000   0.00000000
002    -77.36179177 -77.68790580   0.00000000   0.00000000   0.00000000   0.00000000   0.00000000   0.00000000   0.32611403   0.00000000
003    -77.35958642 -77.68790580   0.00000000   0.00000000   0.00000000   0.00000000   0.00000000   0.00000000   0.32831938   0.00000000
Ekin    0.00000000 a.u.
Epot_harm    0.00000000 a.u.
Epot    0.34824504 a.u.
Etot_harm    0.00000000 a.u.
Etot    0.34824504 a.u.


Index     92
Atoms
C 6.0 0.00000000 0.00000000 0.00000000 12.01100000 0.00000000 0.00000000 0.00000000
C 6.0 5.66917838 0.00000000 0.00000000 12.01100000 0.00000000 0.00000000 0.00000000
H 1.0 -1.06776399 1.74578200 0.00000000 1.00800000 0.00000000 0.00000000 0.00000000
H 1.0 6.73694237 1.64039422 0.59737892 1.00800000 0.00000000 0.00000000 0.00000000
H 1.0 6.73694237 -1.64039422 -0.59737892 1.00800000 0.00000000 0.00000000 0.00000000
H 1.0 -1.06776399 -1.74578200 -0.00000000 1.00800000 0.00000000 0.00000000 0.00000000
States
001    -77.68754846 -77.68754846   0.00000000   0.00000000   0.00000000   0.00000000   0.00000000   0.00000000   0.00000000   0.00000000
002    -77.36217949 -77.68754846   0.00000000   0.00000000   0.00000000   0.00000000   0.00000000   0.00000000   0.32536897   0.00000000
003    -77.36021241 -77.68754846   0.00000000   0.00000000   0.00000000   0.00000000   0.00000000   0.00000000   0.32733605   0.00000000
Ekin    0.00000000 a.u.
Epot_harm    0.00000000 a.u.
Epot    0.34860238 a.u.
Etot_harm    0.00000000 a.u.
Etot    0.34860238 a.u.


Index     93
Atoms
C 6.0 0.00000000 0.00000000 0.00000000 12.01100000 0.00000000 0.00000000 0.00000000
C 6.0 5.66917838 0.00000000 0.00000000 12.01100000 0.00000000 0.00000000 0.00000000
H 1.0 -1.06776399 1.74578200 0.00000000 1.00800000 0.00000000 0.00000000 0.00000000
H 1.0 6.73694237 1.33715072 1.12240043 1.00800000 0.00000000 0.00000000 0.00000000
H 1.0 6.73694237 -1.33715072 -1.12240043 1.00800000 0.00000000 0.00000000 0.00000000
H 1.0 -1.06776399 -1.74578200 -0.00000000 1.00800000 0.00000000 0.00000000 0.00000000
States
001    -77.68665664 -77.68665664   0.00000000   0.00000000   0.00000000   0.00000000   0.00000000   0.00000000   0.00000000   0.00000000
002    -77.36314789 -77.68665664   0.00000000   0.00000000   0.00000000   0.00000000   0.00000000   0.00000000   0.32350875   0.00000000
003    -77.36178109 -77.68665664   0.00000000   0.00000000   0.00000000   0.00000000   0.00000000   0.00000000   0.32487555   0.00000000
Ekin    0.00000000 a.u.
Epot_harm    0.00000000 a.u.
Epot    0.34949420 a.u.
Etot_harm    0.00000000 a.u.
Etot    0.34949420 a.u.


Index     94
Atoms
C 6.0 0.00000000 0.00000000 0.00000000 12.01100000 0.00000000 0.00000000 0.00000000
C 6.0 5.66917838 0.00000000 0.00000000 12.01100000 0.00000000 0.00000000 0.00000000
H 1.0 -1.06776399 1.74578200 0.00000000 1.00800000 0.00000000 0.00000000 0.00000000
H 1.0 6.73694237 0.87262711 1.51204389 1.00800000 0.00000000 0.00000000 0.00000000
H 1.0 6.73694237 -0.87262711 -1.51204389 1.00800000 0.00000000 0.00000000 0.00000000
H 1.0 -1.06776399 -1.74578200 -0.00000000 1.00800000 0.00000000 0.00000000 0.00000000
States
001    -77.68566520 -77.68566520   0.00000000   0.00000000   0.00000000   0.00000000   0.00000000   0.00000000   0.00000000   0.00000000
002    -77.36422676 -77.68566520   0.00000000   0.00000000   0.00000000   0.00000000   0.00000000   0.00000000   0.32143844   0.00000000
003    -77.36353811 -77.68566520   0.00000000   0.00000000   0.00000000   0.00000000   0.00000000   0.00000000   0.32212709   0.00000000
Ekin    0.00000000 a.u.
Epot_harm    0.00000000 a.u.
Epot    0.35048564 a.u.
Etot_harm    0.00000000 a.u.
Etot    0.35048564 a.u.


Index     95
Atoms
C 6.0 0.00000000 0.00000000 0.00000000 12.01100000 0.00000000 0.00000000 0.00000000
C 6.0 5.66917838 0.00000000 0.00000000 12.01100000 0.00000000 0.00000000 0.00000000
H 1.0 -1.06776399 1.74578200 0.00000000 1.00800000 0.00000000 0.00000000 0.00000000
H 1.0 6.73694237 0.30285180 1.71931253 1.00800000 0.00000000 0.00000000 0.00000000
H 1.0 6.73694237 -0.30285180 -1.71931253 1.00800000 0.00000000 0.00000000 0.00000000
H 1.0 -1.06776399 -1.74578200 -0.00000000 1.00800000 0.00000000 0.00000000 0.00000000
States
001    -77.68503009 -77.68503009   0.00000000   0.00000000   0.00000000   0.00000000   0.00000000   0.00000000   0.00000000   0.00000000
002    -77.36491873 -77.68503009   0.00000000   0.00000000   0.00000000   0.00000000   0.00000000   0.00000000   0.32011136   0.00000000
003    -77.36467035 -77.68503009   0.00000000   0.00000000   0.00000000   0.00000000   0.00000000   0.00000000   0.32035974   0.00000000
Ekin    0.00000000 a.u.
Epot_harm    0.00000000 a.u.
Epot    0.35112075 a.u.
Etot_harm    0.00000000 a.u.
Etot    0.35112075 a.u.


Index     96
Atoms
C 6.0 0.00000000 0.00000000 0.00000000 12.01100000 0.00000000 0.00000000 0.00000000
C 6.0 5.66917838 0.00000000 0.00000000 12.01100000 0.00000000 0.00000000 0.00000000
H 1.0 -1.06776399 1.74578200 0.00000000 1.00800000 0.00000000 0.00000000 0.00000000
H 1.0 6.73694237 -0.30345192 1.71920671 1.00800000 0.00000000 0.00000000 0.00000000
H 1.0 6.73694237 0.30345192 -1.71920671 1.00800000 0.00000000 0.00000000 0.00000000
H 1.0 -1.06776399 -1.74578200 -0.00000000 1.00800000 0.00000000 0.00000000 0.00000000
States
001    -77.68503044 -77.68503044   0.00000000   0.00000000   0.00000000   0.00000000   0.00000000   0.00000000   0.00000000   0.00000000
002    -77.36491835 -77.68503044   0.00000000   0.00000000   0.00000000   0.00000000   0.00000000   0.00000000   0.32011209   0.00000000
003    -77.36466973 -77.68503044   0.00000000   0.00000000   0.00000000   0.00000000   0.00000000   0.00000000   0.32036071   0.00000000
Ekin    0.00000000 a.u.
Epot_harm    0.00000000 a.u.
Epot    0.35112040 a.u.
Etot_harm    0.00000000 a.u.
Etot    0.35112040 a.u.


Index     97
Atoms
C 6.0 0.00000000 0.00000000 0.00000000 12.01100000 0.00000000 0.00000000 0.00000000
C 6.0 5.66917838 0.00000000 0.00000000 12.01100000 0.00000000 0.00000000 0.00000000
H 1.0 -1.06776399 1.74578200 0.00000000 1.00800000 0.00000000 0.00000000 0.00000000
H 1.0 6.73694237 -0.87315485 1.51173919 1.00800000 0.00000000 0.00000000 0.00000000
H 1.0 6.73694237 0.87315485 -1.51173919 1.00800000 0.00000000 0.00000000 0.00000000
H 1.0 -1.06776399 -1.74578200 -0.00000000 1.00800000 0.00000000 0.00000000 0.00000000
States
001    -77.68566608 -77.68566608   0.00000000   0.00000000   0.00000000   0.00000000   0.00000000   0.00000000   0.00000000   0.00000000
002    -77.36422580 -77.68566608   0.00000000   0.00000000   0.00000000   0.00000000   0.00000000   0.00000000   0.32144028   0.00000000
003    -77.36353654 -77.68566608   0.00000000   0.00000000   0.00000000   0.00000000   0.00000000   0.00000000   0.32212954   0.00000000
Ekin    0.00000000 a.u.
Epot_harm    0.00000000 a.u.
Epot    0.35048476 a.u.
Etot_harm    0.00000000 a.u.
Etot    0.35048476 a.u.


Index     98
Atoms
C 6.0 0.00000000 0.00000000 0.00000000 12.01100000 0.00000000 0.00000000 0.00000000
C 6.0 5.66917838 0.00000000 0.00000000 12.01100000 0.00000000 0.00000000 0.00000000
H 1.0 -1.06776399 1.74578200 0.00000000 1.00800000 0.00000000 0.00000000 0.00000000
H 1.0 6.73694237 -1.33754244 1.12193361 1.00800000 0.00000000 0.00000000 0.00000000
H 1.0 6.73694237 1.33754244 -1.12193361 1.00800000 0.00000000 0.00000000 0.00000000
H 1.0 -1.06776399 -1.74578200 -0.00000000 1.00800000 0.00000000 0.00000000 0.00000000
States
001    -77.68665767 -77.68665767   0.00000000   0.00000000   0.00000000   0.00000000   0.00000000   0.00000000   0.00000000   0.00000000
002    -77.36314678 -77.68665767   0.00000000   0.00000000   0.00000000   0.00000000   0.00000000   0.00000000   0.32351089   0.00000000
003    -77.36177928 -77.68665767   0.00000000   0.00000000   0.00000000   0.00000000   0.00000000   0.00000000   0.32487839   0.00000000
Ekin    0.00000000 a.u.
Epot_harm    0.00000000 a.u.
Epot    0.34949317 a.u.
Etot_harm    0.00000000 a.u.
Etot    0.34949317 a.u.


Index     99
Atoms
C 6.0 0.00000000 0.00000000 0.00000000 12.01100000 0.00000000 0.00000000 0.00000000
C 6.0 5.66917838 0.00000000 0.00000000 12.01100000 0.00000000 0.00000000 0.00000000
H 1.0 -1.06776399 1.74578200 0.00000000 1.00800000 0.00000000 0.00000000 0.00000000
H 1.0 6.73694237 -1.64060266 0.59680628 1.00800000 0.00000000 0.00000000 0.00000000
H 1.0 6.73694237 1.64060266 -0.59680628 1.00800000 0.00000000 0.00000000 0.00000000
H 1.0 -1.06776399 -1.74578200 -0.00000000 1.00800000 0.00000000 0.00000000 0.00000000
States
001    -77.68754915 -77.68754915   0.00000000   0.00000000   0.00000000   0.00000000   0.00000000   0.00000000   0.00000000   0.00000000
002    -77.36217875 -77.68754915   0.00000000   0.00000000   0.00000000   0.00000000   0.00000000   0.00000000   0.32537040   0.00000000
003    -77.36021121 -77.68754915   0.00000000   0.00000000   0.00000000   0.00000000   0.00000000   0.00000000   0.32733794   0.00000000
Ekin    0.00000000 a.u.
Epot_harm    0.00000000 a.u.
Epot    0.34860169 a.u.
Etot_harm    0.00000000 a.u.
Etot    0.34860169 a.u.


Index     100
Atoms
C 6.0 0.00000000 0.00000000 0.00000000 12.01100000 0.00000000 0.00000000 0.00000000
C 6.0 5.66917838 0.00000000 0.00000000 12.01100000 0.00000000 0.00000000 0.00000000
H 1.0 -1.06776399 1.74578200 0.00000000 1.00800000 0.00000000 0.00000000 0.00000000
H 1.0 6.73694237 -1.74578198 -0.00030470 1.00800000 0.00000000 0.00000000 0.00000000
H 1.0 6.73694237 1.74578198 0.00030470 1.00800000 0.00000000 0.00000000 0.00000000
H 1.0 -1.06776399 -1.74578200 -0.00000000 1.00800000 0.00000000 0.00000000 0.00000000
States
001    -77.68790580 -77.68790580   0.00000000   0.00000000   0.00000000   0.00000000   0.00000000   0.00000000   0.00000000   0.00000000
002    -77.36179177 -77.68790580   0.00000000   0.00000000   0.00000000   0.00000000   0.00000000   0.00000000   0.32611403   0.00000000
003    -77.35958642 -77.68790580   0.00000000   0.00000000   0.00000000   0.00000000   0.00000000   0.00000000   0.32831938   0.00000000
Ekin    0.00000000 a.u.
Epot_harm    0.00000000 a.u.
Epot    0.34824504 a.u.
Etot_harm    0.00000000 a.u.
Etot    0.34824504 a.u.


