SHARC_version   4.0
 method           0
 integrator           2
 maxmult           3
 nstates_m    3    0    0
 natom           6
 dtstep   20.670686667591056     
 nsteps          60
 nsubsteps          25
 ezero   0.0000000000000000     
 write_overlap           0
 write_grad           0
 write_nacdr           0
 write_property1d           0
 write_property2d           0
 n_property1d           1
 n_property2d           1
 laser           0
 laser_e F
 laser_b F
 laser_egrad F
 laser_freq_path None
************************************* End of settings *************************************
! Atomic numbers
 0.6000000000000E+001
 0.6000000000000E+001
 0.1000000000000E+001
 0.1000000000000E+001
 0.1000000000000E+001
 0.1000000000000E+001
! Elements
 C 
 C 
 H 
 H 
 H 
 H 
! Atomic masses
 0.2189471361552E+005
 0.2189471361552E+005
 0.1837471594742E+004
 0.1837471594742E+004
 0.1837471594742E+004
 0.1837471594742E+004
********************************* End of header array data ********************************
! 0 Step
           0
! 1 Hamiltonian (MCH) in a.u.
-0.7798436737061E+002  0.0000000000000E+000     0.0000000000000E+000  0.0000000000000E+000     0.0000000000000E+000  0.0000000000000E+000
 0.0000000000000E+000  0.0000000000000E+000    -0.7765720367432E+002  0.0000000000000E+000     0.0000000000000E+000  0.0000000000000E+000
 0.0000000000000E+000  0.0000000000000E+000     0.0000000000000E+000  0.0000000000000E+000    -0.7754822540283E+002  0.0000000000000E+000
! 2 U matrix
 0.1000000000000E+001  0.0000000000000E+000     0.0000000000000E+000  0.0000000000000E+000     0.0000000000000E+000  0.0000000000000E+000
 0.0000000000000E+000  0.0000000000000E+000     0.1000000000000E+001  0.0000000000000E+000     0.0000000000000E+000  0.0000000000000E+000
 0.0000000000000E+000  0.0000000000000E+000     0.0000000000000E+000  0.0000000000000E+000     0.1000000000000E+001  0.0000000000000E+000
! 3 Dipole moments X (MCH) in a.u.
-0.1230000000000E+003  0.0000000000000E+000    -0.1230000000000E+003  0.0000000000000E+000    -0.1230000000000E+003  0.0000000000000E+000
-0.1230000000000E+003  0.0000000000000E+000    -0.1230000000000E+003  0.0000000000000E+000    -0.1230000000000E+003  0.0000000000000E+000
-0.1230000000000E+003  0.0000000000000E+000    -0.1230000000000E+003  0.0000000000000E+000    -0.1230000000000E+003  0.0000000000000E+000
! 3 Dipole moments Y (MCH) in a.u.
-0.1230000000000E+003  0.0000000000000E+000    -0.1230000000000E+003  0.0000000000000E+000    -0.1230000000000E+003  0.0000000000000E+000
-0.1230000000000E+003  0.0000000000000E+000    -0.1230000000000E+003  0.0000000000000E+000    -0.1230000000000E+003  0.0000000000000E+000
-0.1230000000000E+003  0.0000000000000E+000    -0.1230000000000E+003  0.0000000000000E+000    -0.1230000000000E+003  0.0000000000000E+000
! 3 Dipole moments Z (MCH) in a.u.
-0.1230000000000E+003  0.0000000000000E+000    -0.1230000000000E+003  0.0000000000000E+000    -0.1230000000000E+003  0.0000000000000E+000
-0.1230000000000E+003  0.0000000000000E+000    -0.1230000000000E+003  0.0000000000000E+000    -0.1230000000000E+003  0.0000000000000E+000
-0.1230000000000E+003  0.0000000000000E+000    -0.1230000000000E+003  0.0000000000000E+000    -0.1230000000000E+003  0.0000000000000E+000
! 5 Coefficients (diag)
 0.0000000000000E+000  0.0000000000000E+000
 0.1000000000000E+001  0.0000000000000E+000
 0.0000000000000E+000  0.0000000000000E+000
! 6 Hopping Probabilities (diag)
 0.0000000000000E+000
 0.0000000000000E+000
 0.0000000000000E+000
! 7 Ekin (a.u.)
 0.2281344941289E-003
! 8 states (diag, MCH)
           2            2
! 9 Random number
 0.0000000000000E+000
! 10 Runtime (sec)
           2
! 11 Geometry in a.u.
 0.6521920000000E-002 -0.1120911300000E+000 -0.3632297000000E-001
 0.2536280140000E+001  0.1255951100000E+000  0.3916310000000E-001
-0.7042361700000E+000 -0.1943690130000E+001  0.3069418800000E+000
 0.3255390000000E+001  0.1735747060000E+001  0.1943445000000E-001
 0.3647065260000E+001 -0.1630499390000E+001 -0.3238502800000E+000
-0.1160003360000E+001  0.1677652950000E+001 -0.3634283000000E-001
! 12 Velocities in a.u.
 0.1000000000000E-003  0.0000000000000E+000  0.0000000000000E+000
-0.1000000000000E-003  0.0000000000000E+000  0.0000000000000E+000
 0.0000000000000E+000  0.0000000000000E+000 -0.5000000000000E-004
 0.0000000000000E+000 -0.5000000000000E-004  0.0000000000000E+000
 0.0000000000000E+000  0.0000000000000E+000  0.5000000000000E-004
 0.0000000000000E+000  0.5000000000000E-004  0.0000000000000E+000
! 0 Step
           1
! 1 Hamiltonian (MCH) in a.u.
-0.7798464202881E+002  0.0000000000000E+000     0.0000000000000E+000  0.0000000000000E+000     0.0000000000000E+000  0.0000000000000E+000
 0.0000000000000E+000  0.0000000000000E+000    -0.7765763092041E+002  0.0000000000000E+000     0.0000000000000E+000  0.0000000000000E+000
 0.0000000000000E+000  0.0000000000000E+000     0.0000000000000E+000  0.0000000000000E+000    -0.7754776000977E+002  0.0000000000000E+000
! 2 U matrix
 0.1000000000000E+001  0.0000000000000E+000     0.0000000000000E+000  0.0000000000000E+000     0.0000000000000E+000  0.0000000000000E+000
 0.0000000000000E+000  0.0000000000000E+000     0.1000000000000E+001  0.0000000000000E+000     0.0000000000000E+000  0.0000000000000E+000
 0.0000000000000E+000  0.0000000000000E+000     0.0000000000000E+000  0.0000000000000E+000     0.1000000000000E+001  0.0000000000000E+000
! 3 Dipole moments X (MCH) in a.u.
-0.1230000000000E+003  0.0000000000000E+000    -0.1230000000000E+003  0.0000000000000E+000    -0.1230000000000E+003  0.0000000000000E+000
-0.1230000000000E+003  0.0000000000000E+000    -0.1230000000000E+003  0.0000000000000E+000    -0.1230000000000E+003  0.0000000000000E+000
-0.1230000000000E+003  0.0000000000000E+000    -0.1230000000000E+003  0.0000000000000E+000    -0.1230000000000E+003  0.0000000000000E+000
! 3 Dipole moments Y (MCH) in a.u.
-0.1230000000000E+003  0.0000000000000E+000    -0.1230000000000E+003  0.0000000000000E+000    -0.1230000000000E+003  0.0000000000000E+000
-0.1230000000000E+003  0.0000000000000E+000    -0.1230000000000E+003  0.0000000000000E+000    -0.1230000000000E+003  0.0000000000000E+000
-0.1230000000000E+003  0.0000000000000E+000    -0.1230000000000E+003  0.0000000000000E+000    -0.1230000000000E+003  0.0000000000000E+000
! 3 Dipole moments Z (MCH) in a.u.
-0.1230000000000E+003  0.0000000000000E+000    -0.1230000000000E+003  0.0000000000000E+000    -0.1230000000000E+003  0.0000000000000E+000
-0.1230000000000E+003  0.0000000000000E+000    -0.1230000000000E+003  0.0000000000000E+000    -0.1230000000000E+003  0.0000000000000E+000
-0.1230000000000E+003  0.0000000000000E+000    -0.1230000000000E+003  0.0000000000000E+000    -0.1230000000000E+003  0.0000000000000E+000
! 5 Coefficients (diag)
 0.0000000000000E+000  0.0000000000000E+000
-0.9926244370440E+000  0.1212300580842E+000
 0.0000000000000E+000  0.0000000000000E+000
! 6 Hopping Probabilities (diag)
 0.0000000000000E+000
 0.0000000000000E+000
 0.0000000000000E+000
! 7 Ekin (a.u.)
 0.6601968262099E-003
! 8 states (diag, MCH)
           2            2
! 9 Random number
 0.5393910569012E+000
! 10 Runtime (sec)
           3
! 11 Geometry in a.u.
 0.8292024799254E-002 -0.1119492200531E+000 -0.3617208177155E-001
 0.2534292228763E+001  0.1251749252586E+000  0.3895326389458E-001
-0.7055812343785E+000 -0.1944754034841E+001  0.3076633668336E+000
 0.3258793409805E+001  0.1740123972847E+001  0.2243635210402E-001
 0.3647635643704E+001 -0.1630253820542E+001 -0.3243300555712E+000
-0.1160036778715E+001  0.1677410204195E+001 -0.3888403964594E-001
! 12 Velocities in a.u.
 0.7052458350461E-004  0.1355745802568E-004  0.1450081886469E-004
-0.9147421728288E-004 -0.4026871912294E-004 -0.2005736919311E-004
-0.1296291448169E-003 -0.1012191184588E-003  0.1198662885979E-003
 0.3273429686534E-003  0.4684466142714E-003  0.2895616402404E-003
 0.5531765447863E-004  0.2447773007951E-004 -0.9747458247977E-004
-0.3402490097285E-005 -0.7342253827436E-004 -0.2457432692981E-003
! 0 Step
           2
! 1 Hamiltonian (MCH) in a.u.
-0.7798532104492E+002  0.0000000000000E+000     0.0000000000000E+000  0.0000000000000E+000     0.0000000000000E+000  0.0000000000000E+000
 0.0000000000000E+000  0.0000000000000E+000    -0.7765921783447E+002  0.0000000000000E+000     0.0000000000000E+000  0.0000000000000E+000
 0.0000000000000E+000  0.0000000000000E+000     0.0000000000000E+000  0.0000000000000E+000    -0.7754892730713E+002  0.0000000000000E+000
! 2 U matrix
 0.1000000000000E+001  0.0000000000000E+000     0.0000000000000E+000  0.0000000000000E+000     0.0000000000000E+000  0.0000000000000E+000
 0.0000000000000E+000  0.0000000000000E+000     0.1000000000000E+001  0.0000000000000E+000     0.0000000000000E+000  0.0000000000000E+000
 0.0000000000000E+000  0.0000000000000E+000     0.0000000000000E+000  0.0000000000000E+000     0.1000000000000E+001  0.0000000000000E+000
! 3 Dipole moments X (MCH) in a.u.
-0.1230000000000E+003  0.0000000000000E+000    -0.1230000000000E+003  0.0000000000000E+000    -0.1230000000000E+003  0.0000000000000E+000
-0.1230000000000E+003  0.0000000000000E+000    -0.1230000000000E+003  0.0000000000000E+000    -0.1230000000000E+003  0.0000000000000E+000
-0.1230000000000E+003  0.0000000000000E+000    -0.1230000000000E+003  0.0000000000000E+000    -0.1230000000000E+003  0.0000000000000E+000
! 3 Dipole moments Y (MCH) in a.u.
-0.1230000000000E+003  0.0000000000000E+000    -0.1230000000000E+003  0.0000000000000E+000    -0.1230000000000E+003  0.0000000000000E+000
-0.1230000000000E+003  0.0000000000000E+000    -0.1230000000000E+003  0.0000000000000E+000    -0.1230000000000E+003  0.0000000000000E+000
-0.1230000000000E+003  0.0000000000000E+000    -0.1230000000000E+003  0.0000000000000E+000    -0.1230000000000E+003  0.0000000000000E+000
! 3 Dipole moments Z (MCH) in a.u.
-0.1230000000000E+003  0.0000000000000E+000    -0.1230000000000E+003  0.0000000000000E+000    -0.1230000000000E+003  0.0000000000000E+000
-0.1230000000000E+003  0.0000000000000E+000    -0.1230000000000E+003  0.0000000000000E+000    -0.1230000000000E+003  0.0000000000000E+000
-0.1230000000000E+003  0.0000000000000E+000    -0.1230000000000E+003  0.0000000000000E+000    -0.1230000000000E+003  0.0000000000000E+000
! 5 Coefficients (diag)
 0.0000000000000E+000  0.0000000000000E+000
 0.9755115208714E+000 -0.2199483408603E+000
 0.0000000000000E+000  0.0000000000000E+000
! 6 Hopping Probabilities (diag)
 0.0000000000000E+000
 0.0000000000000E+000
 0.0000000000000E+000
! 7 Ekin (a.u.)
 0.2238533529184E-002
! 8 states (diag, MCH)
           2            2
! 9 Random number
 0.9600772615284E+000
! 10 Runtime (sec)
           3
! 11 Geometry in a.u.
 0.9437503135972E-002 -0.1115306460663E+000 -0.3572348623365E-001
 0.2532498470233E+001  0.1239303458490E+000  0.3833390081207E-001
-0.7095952168710E+000 -0.1947874667365E+001  0.3118973169872E+000
 0.3268922807876E+001  0.1755113286368E+001  0.3140532587273E-001
 0.3649352167806E+001 -0.1629487447022E+001 -0.3278800131050E+000
-0.1160144023613E+001  0.1674617561434E+001 -0.4650219424066E-001
! 12 Velocities in a.u.
 0.3986560550587E-004  0.2652166606146E-004  0.2870187928281E-004
-0.8103808461815E-004 -0.7907345799021E-004 -0.3931218086138E-004
-0.2571195378595E-003 -0.1962144953420E-003  0.2906645794636E-003
 0.6453033987352E-003  0.9658202704051E-003  0.5768217904188E-003
 0.1106710955604E-003  0.5185920001295E-004 -0.2491522822439E-003
-0.8257141020281E-005 -0.1952749134722E-003 -0.4919051132481E-003
! 0 Step
           3
! 1 Hamiltonian (MCH) in a.u.
-0.7798622894287E+002  0.0000000000000E+000     0.0000000000000E+000  0.0000000000000E+000     0.0000000000000E+000  0.0000000000000E+000
 0.0000000000000E+000  0.0000000000000E+000    -0.7766180419922E+002  0.0000000000000E+000     0.0000000000000E+000  0.0000000000000E+000
 0.0000000000000E+000  0.0000000000000E+000     0.0000000000000E+000  0.0000000000000E+000    -0.7755169677734E+002  0.0000000000000E+000
! 2 U matrix
 0.1000000000000E+001  0.0000000000000E+000     0.0000000000000E+000  0.0000000000000E+000     0.0000000000000E+000  0.0000000000000E+000
 0.0000000000000E+000  0.0000000000000E+000     0.1000000000000E+001  0.0000000000000E+000     0.0000000000000E+000  0.0000000000000E+000
 0.0000000000000E+000  0.0000000000000E+000     0.0000000000000E+000  0.0000000000000E+000     0.1000000000000E+001  0.0000000000000E+000
! 3 Dipole moments X (MCH) in a.u.
-0.1230000000000E+003  0.0000000000000E+000    -0.1230000000000E+003  0.0000000000000E+000    -0.1230000000000E+003  0.0000000000000E+000
-0.1230000000000E+003  0.0000000000000E+000    -0.1230000000000E+003  0.0000000000000E+000    -0.1230000000000E+003  0.0000000000000E+000
-0.1230000000000E+003  0.0000000000000E+000    -0.1230000000000E+003  0.0000000000000E+000    -0.1230000000000E+003  0.0000000000000E+000
! 3 Dipole moments Y (MCH) in a.u.
-0.1230000000000E+003  0.0000000000000E+000    -0.1230000000000E+003  0.0000000000000E+000    -0.1230000000000E+003  0.0000000000000E+000
-0.1230000000000E+003  0.0000000000000E+000    -0.1230000000000E+003  0.0000000000000E+000    -0.1230000000000E+003  0.0000000000000E+000
-0.1230000000000E+003  0.0000000000000E+000    -0.1230000000000E+003  0.0000000000000E+000    -0.1230000000000E+003  0.0000000000000E+000
! 3 Dipole moments Z (MCH) in a.u.
-0.1230000000000E+003  0.0000000000000E+000    -0.1230000000000E+003  0.0000000000000E+000    -0.1230000000000E+003  0.0000000000000E+000
-0.1230000000000E+003  0.0000000000000E+000    -0.1230000000000E+003  0.0000000000000E+000    -0.1230000000000E+003  0.0000000000000E+000
-0.1230000000000E+003  0.0000000000000E+000    -0.1230000000000E+003  0.0000000000000E+000    -0.1230000000000E+003  0.0000000000000E+000
! 5 Coefficients (diag)
 0.0000000000000E+000  0.0000000000000E+000
-0.9614830236717E+000  0.2748643214226E+000
 0.0000000000000E+000  0.0000000000000E+000
! 6 Hopping Probabilities (diag)
 0.0000000000000E+000
 0.0000000000000E+000
 0.0000000000000E+000
! 7 Ekin (a.u.)
 0.4798337669408E-002
! 8 states (diag, MCH)
           2            2
! 9 Random number
 0.8927614899845E+000
! 10 Runtime (sec)
           2
! 11 Geometry in a.u.
 0.9940123679706E-002 -0.1108527779550E+000 -0.3498550666470E-001
 0.2530942003053E+001  0.1219059199109E+000  0.3732804434897E-001
-0.7162109091850E+000 -0.1952865811547E+001  0.3196798397286E+000
 0.3285471138527E+001  0.1780052309220E+001  0.4628295708959E-001
 0.3652210938783E+001 -0.1628109889993E+001 -0.3346303530887E+000
-0.1160378140265E+001  0.1669337271094E+001 -0.5922007257822E-001
! 12 Velocities in a.u.
 0.8605993078515E-005  0.3841844615875E-004  0.4245966455351E-004
-0.6828209867473E-004 -0.1149049053795E-003 -0.5728670749624E-004
-0.3804332993186E-003 -0.2797633295979E-003  0.4641399691180E-003
 0.9425624038768E-003  0.1419227285961E-002  0.8614532138341E-003
 0.1656993638980E-003  0.8473434045963E-004 -0.4087854620078E-003
-0.1674748248788E-004 -0.3128105070784E-003 -0.7401334076190E-003
! 0 Step
           4
! 1 Hamiltonian (MCH) in a.u.
-0.7798705291748E+002  0.0000000000000E+000     0.0000000000000E+000  0.0000000000000E+000     0.0000000000000E+000  0.0000000000000E+000
 0.0000000000000E+000  0.0000000000000E+000    -0.7766510772705E+002  0.0000000000000E+000     0.0000000000000E+000  0.0000000000000E+000
 0.0000000000000E+000  0.0000000000000E+000     0.0000000000000E+000  0.0000000000000E+000    -0.7755599975586E+002  0.0000000000000E+000
! 2 U matrix
 0.1000000000000E+001  0.0000000000000E+000     0.0000000000000E+000  0.0000000000000E+000     0.0000000000000E+000  0.0000000000000E+000
 0.0000000000000E+000  0.0000000000000E+000     0.1000000000000E+001  0.0000000000000E+000     0.0000000000000E+000  0.0000000000000E+000
 0.0000000000000E+000  0.0000000000000E+000     0.0000000000000E+000  0.0000000000000E+000     0.1000000000000E+001  0.0000000000000E+000
! 3 Dipole moments X (MCH) in a.u.
-0.1230000000000E+003  0.0000000000000E+000    -0.1230000000000E+003  0.0000000000000E+000    -0.1230000000000E+003  0.0000000000000E+000
-0.1230000000000E+003  0.0000000000000E+000    -0.1230000000000E+003  0.0000000000000E+000    -0.1230000000000E+003  0.0000000000000E+000
-0.1230000000000E+003  0.0000000000000E+000    -0.1230000000000E+003  0.0000000000000E+000    -0.1230000000000E+003  0.0000000000000E+000
! 3 Dipole moments Y (MCH) in a.u.
-0.1230000000000E+003  0.0000000000000E+000    -0.1230000000000E+003  0.0000000000000E+000    -0.1230000000000E+003  0.0000000000000E+000
-0.1230000000000E+003  0.0000000000000E+000    -0.1230000000000E+003  0.0000000000000E+000    -0.1230000000000E+003  0.0000000000000E+000
-0.1230000000000E+003  0.0000000000000E+000    -0.1230000000000E+003  0.0000000000000E+000    -0.1230000000000E+003  0.0000000000000E+000
! 3 Dipole moments Z (MCH) in a.u.
-0.1230000000000E+003  0.0000000000000E+000    -0.1230000000000E+003  0.0000000000000E+000    -0.1230000000000E+003  0.0000000000000E+000
-0.1230000000000E+003  0.0000000000000E+000    -0.1230000000000E+003  0.0000000000000E+000    -0.1230000000000E+003  0.0000000000000E+000
-0.1230000000000E+003  0.0000000000000E+000    -0.1230000000000E+003  0.0000000000000E+000    -0.1230000000000E+003  0.0000000000000E+000
! 5 Coefficients (diag)
 0.0000000000000E+000  0.0000000000000E+000
 0.9627057033878E+000 -0.2705507875884E+000
 0.0000000000000E+000  0.0000000000000E+000
! 6 Hopping Probabilities (diag)
 0.0000000000000E+000
 0.0000000000000E+000
 0.0000000000000E+000
! 7 Ekin (a.u.)
 0.8082281365714E-002
! 8 states (diag, MCH)
           2            2
! 9 Random number
 0.6081040550923E+000
! 10 Runtime (sec)
           3
! 11 Geometry in a.u.
 0.9793286708751E-002 -0.1099423747407E+000 -0.3396814538966E-001
 0.2529675594499E+001  0.1191800192577E+000  0.3596558965032E-001
-0.7253228519273E+000 -0.1959440467619E+001  0.3310855007303E+000
 0.3307889632106E+001  0.1813786091445E+001  0.6701898479663E-001
 0.3656202407070E+001 -0.1625984413019E+001 -0.3447797655038E+000
-0.1160836387539E+001  0.1661685545478E+001 -0.7710032576288E-001
! 12 Velocities in a.u.
-0.2264094749899E-004  0.4882569215826E-004  0.5575857138457E-004
-0.5275912524684E-004 -0.1459989467062E-003 -0.7380251007293E-004
-0.4981125946150E-003 -0.3472930058899E-003  0.6430563211171E-003
 0.1207234442007E-002  0.1804048866739E-002  0.1145218424918E-002
 0.2202781165646E-003  0.1249620969036E-003 -0.5799285803545E-003
-0.3095730228992E-004 -0.4238330489258E-003 -0.9933403432253E-003
! 0 Step
           5
! 1 Hamiltonian (MCH) in a.u.
-0.7798745727539E+002  0.0000000000000E+000     0.0000000000000E+000  0.0000000000000E+000     0.0000000000000E+000  0.0000000000000E+000
 0.0000000000000E+000  0.0000000000000E+000    -0.7766883087158E+002  0.0000000000000E+000     0.0000000000000E+000  0.0000000000000E+000
 0.0000000000000E+000  0.0000000000000E+000     0.0000000000000E+000  0.0000000000000E+000    -0.7756169128418E+002  0.0000000000000E+000
! 2 U matrix
 0.1000000000000E+001  0.0000000000000E+000     0.0000000000000E+000  0.0000000000000E+000     0.0000000000000E+000  0.0000000000000E+000
 0.0000000000000E+000  0.0000000000000E+000     0.1000000000000E+001  0.0000000000000E+000     0.0000000000000E+000  0.0000000000000E+000
 0.0000000000000E+000  0.0000000000000E+000     0.0000000000000E+000  0.0000000000000E+000     0.1000000000000E+001  0.0000000000000E+000
! 3 Dipole moments X (MCH) in a.u.
-0.1230000000000E+003  0.0000000000000E+000    -0.1230000000000E+003  0.0000000000000E+000    -0.1230000000000E+003  0.0000000000000E+000
-0.1230000000000E+003  0.0000000000000E+000    -0.1230000000000E+003  0.0000000000000E+000    -0.1230000000000E+003  0.0000000000000E+000
-0.1230000000000E+003  0.0000000000000E+000    -0.1230000000000E+003  0.0000000000000E+000    -0.1230000000000E+003  0.0000000000000E+000
! 3 Dipole moments Y (MCH) in a.u.
-0.1230000000000E+003  0.0000000000000E+000    -0.1230000000000E+003  0.0000000000000E+000    -0.1230000000000E+003  0.0000000000000E+000
-0.1230000000000E+003  0.0000000000000E+000    -0.1230000000000E+003  0.0000000000000E+000    -0.1230000000000E+003  0.0000000000000E+000
-0.1230000000000E+003  0.0000000000000E+000    -0.1230000000000E+003  0.0000000000000E+000    -0.1230000000000E+003  0.0000000000000E+000
! 3 Dipole moments Z (MCH) in a.u.
-0.1230000000000E+003  0.0000000000000E+000    -0.1230000000000E+003  0.0000000000000E+000    -0.1230000000000E+003  0.0000000000000E+000
-0.1230000000000E+003  0.0000000000000E+000    -0.1230000000000E+003  0.0000000000000E+000    -0.1230000000000E+003  0.0000000000000E+000
-0.1230000000000E+003  0.0000000000000E+000    -0.1230000000000E+003  0.0000000000000E+000    -0.1230000000000E+003  0.0000000000000E+000
! 5 Coefficients (diag)
 0.0000000000000E+000  0.0000000000000E+000
-0.9807197632269E+000  0.1954194105409E+000
 0.0000000000000E+000  0.0000000000000E+000
! 6 Hopping Probabilities (diag)
 0.0000000000000E+000
 0.0000000000000E+000
 0.0000000000000E+000
! 7 Ekin (a.u.)
 0.1179437356506E-001
! 8 states (diag, MCH)
           2            2
! 9 Random number
 0.6433215172389E+000
! 10 Runtime (sec)
           2
! 11 Geometry in a.u.
 0.9004115816488E-002 -0.1088342567872E+000 -0.3268037074846E-001
 0.2528760868359E+001  0.1158701229486E+000  0.3427694722697E-001
-0.7368035679219E+000 -0.1967223381360E+001  0.3462646711754E+000
 0.3335379868297E+001  0.1854634166935E+001  0.9362785954444E-001
 0.3661317538637E+001 -0.1622943785292E+001 -0.3586053970369E+000
-0.1161657957656E+001  0.1651815430786E+001 -0.1002861265564E+000
! 12 Velocities in a.u.
-0.5309227140529E-004  0.5738215214719E-004  0.6870068017846E-004
-0.3419570050391E-004 -0.1704904618748E-003 -0.8893750305876E-004
-0.6094868839614E-003 -0.3948017396440E-003  0.8319403749024E-003
 0.1427793675789E-002  0.2095946780477E-002  0.1432118901793E-002
 0.2745657936837E-003  0.1735858152779E-003 -0.7666336718751E-003
-0.5277756408968E-004 -0.5269690175988E-003 -0.1256290056461E-002
! 0 Step
           6
! 1 Hamiltonian (MCH) in a.u.
-0.7798706817627E+002  0.0000000000000E+000     0.0000000000000E+000  0.0000000000000E+000     0.0000000000000E+000  0.0000000000000E+000
 0.0000000000000E+000  0.0000000000000E+000    -0.7767272949219E+002  0.0000000000000E+000     0.0000000000000E+000  0.0000000000000E+000
 0.0000000000000E+000  0.0000000000000E+000     0.0000000000000E+000  0.0000000000000E+000    -0.7756867980957E+002  0.0000000000000E+000
! 2 U matrix
 0.1000000000000E+001  0.0000000000000E+000     0.0000000000000E+000  0.0000000000000E+000     0.0000000000000E+000  0.0000000000000E+000
 0.0000000000000E+000  0.0000000000000E+000     0.1000000000000E+001  0.0000000000000E+000     0.0000000000000E+000  0.0000000000000E+000
 0.0000000000000E+000  0.0000000000000E+000     0.0000000000000E+000  0.0000000000000E+000     0.1000000000000E+001  0.0000000000000E+000
! 3 Dipole moments X (MCH) in a.u.
-0.1230000000000E+003  0.0000000000000E+000    -0.1230000000000E+003  0.0000000000000E+000    -0.1230000000000E+003  0.0000000000000E+000
-0.1230000000000E+003  0.0000000000000E+000    -0.1230000000000E+003  0.0000000000000E+000    -0.1230000000000E+003  0.0000000000000E+000
-0.1230000000000E+003  0.0000000000000E+000    -0.1230000000000E+003  0.0000000000000E+000    -0.1230000000000E+003  0.0000000000000E+000
! 3 Dipole moments Y (MCH) in a.u.
-0.1230000000000E+003  0.0000000000000E+000    -0.1230000000000E+003  0.0000000000000E+000    -0.1230000000000E+003  0.0000000000000E+000
-0.1230000000000E+003  0.0000000000000E+000    -0.1230000000000E+003  0.0000000000000E+000    -0.1230000000000E+003  0.0000000000000E+000
-0.1230000000000E+003  0.0000000000000E+000    -0.1230000000000E+003  0.0000000000000E+000    -0.1230000000000E+003  0.0000000000000E+000
! 3 Dipole moments Z (MCH) in a.u.
-0.1230000000000E+003  0.0000000000000E+000    -0.1230000000000E+003  0.0000000000000E+000    -0.1230000000000E+003  0.0000000000000E+000
-0.1230000000000E+003  0.0000000000000E+000    -0.1230000000000E+003  0.0000000000000E+000    -0.1230000000000E+003  0.0000000000000E+000
-0.1230000000000E+003  0.0000000000000E+000    -0.1230000000000E+003  0.0000000000000E+000    -0.1230000000000E+003  0.0000000000000E+000
! 5 Coefficients (diag)
 0.0000000000000E+000  0.0000000000000E+000
 0.9991775980574E+000 -0.4054784260813E-001
 0.0000000000000E+000  0.0000000000000E+000
! 6 Hopping Probabilities (diag)
 0.0000000000000E+000
 0.0000000000000E+000
 0.0000000000000E+000
! 7 Ekin (a.u.)
 0.1568978357026E-001
! 8 states (diag, MCH)
           2            2
! 9 Random number
 0.9615587220278E+000
! 10 Runtime (sec)
           2
! 11 Geometry in a.u.
 0.7598379295372E-002 -0.1075701177660E+000 -0.3112796492202E-001
 0.2528261897278E+001  0.1121317094232E+000  0.3228879113287E-001
-0.7505198767400E+000 -0.1975762113731E+001  0.3654790583618E+000
 0.3366916583503E+001  0.1900435409787E+001  0.1262247469760E+000
 0.3667553334052E+001 -0.1618808137024E+001 -0.3764734543442E+000
-0.1163018284520E+001  0.1639899922585E+001 -0.1290370820043E+000
! 12 Velocities in a.u.
-0.8163680635427E-004  0.6375699210381E-004  0.8146301567530E-004
-0.1288976107231E-004 -0.1869063065751E-003 -0.1029249172490E-003
-0.7144828130718E-003 -0.4187557923876E-003  0.1036134703888E-002
 0.1595642938924E-002  0.2276834787557E-002  0.1726706099000E-002
 0.3289016516244E-003  0.2307432149409E-003 -0.9726425228152E-003
-0.8371400335704E-004 -0.6214150204897E-003 -0.1534465087401E-002
! 0 Step
           7
! 1 Hamiltonian (MCH) in a.u.
-0.7798564147949E+002  0.0000000000000E+000     0.0000000000000E+000  0.0000000000000E+000     0.0000000000000E+000  0.0000000000000E+000
 0.0000000000000E+000  0.0000000000000E+000    -0.7767671203613E+002  0.0000000000000E+000     0.0000000000000E+000  0.0000000000000E+000
 0.0000000000000E+000  0.0000000000000E+000     0.0000000000000E+000  0.0000000000000E+000    -0.7757686614990E+002  0.0000000000000E+000
! 2 U matrix
 0.1000000000000E+001  0.0000000000000E+000     0.0000000000000E+000  0.0000000000000E+000     0.0000000000000E+000  0.0000000000000E+000
 0.0000000000000E+000  0.0000000000000E+000     0.1000000000000E+001  0.0000000000000E+000     0.0000000000000E+000  0.0000000000000E+000
 0.0000000000000E+000  0.0000000000000E+000     0.0000000000000E+000  0.0000000000000E+000     0.1000000000000E+001  0.0000000000000E+000
! 3 Dipole moments X (MCH) in a.u.
-0.1230000000000E+003  0.0000000000000E+000    -0.1230000000000E+003  0.0000000000000E+000    -0.1230000000000E+003  0.0000000000000E+000
-0.1230000000000E+003  0.0000000000000E+000    -0.1230000000000E+003  0.0000000000000E+000    -0.1230000000000E+003  0.0000000000000E+000
-0.1230000000000E+003  0.0000000000000E+000    -0.1230000000000E+003  0.0000000000000E+000    -0.1230000000000E+003  0.0000000000000E+000
! 3 Dipole moments Y (MCH) in a.u.
-0.1230000000000E+003  0.0000000000000E+000    -0.1230000000000E+003  0.0000000000000E+000    -0.1230000000000E+003  0.0000000000000E+000
-0.1230000000000E+003  0.0000000000000E+000    -0.1230000000000E+003  0.0000000000000E+000    -0.1230000000000E+003  0.0000000000000E+000
-0.1230000000000E+003  0.0000000000000E+000    -0.1230000000000E+003  0.0000000000000E+000    -0.1230000000000E+003  0.0000000000000E+000
! 3 Dipole moments Z (MCH) in a.u.
-0.1230000000000E+003  0.0000000000000E+000    -0.1230000000000E+003  0.0000000000000E+000    -0.1230000000000E+003  0.0000000000000E+000
-0.1230000000000E+003  0.0000000000000E+000    -0.1230000000000E+003  0.0000000000000E+000    -0.1230000000000E+003  0.0000000000000E+000
-0.1230000000000E+003  0.0000000000000E+000    -0.1230000000000E+003  0.0000000000000E+000    -0.1230000000000E+003  0.0000000000000E+000
! 5 Coefficients (diag)
 0.0000000000000E+000  0.0000000000000E+000
-0.9806471338635E+000 -0.1957835510081E+000
 0.0000000000000E+000  0.0000000000000E+000
! 6 Hopping Probabilities (diag)
 0.0000000000000E+000
 0.0000000000000E+000
 0.0000000000000E+000
! 7 Ekin (a.u.)
 0.1968155608628E-001
! 8 states (diag, MCH)
           2            2
! 9 Random number
 0.5218666058741E+000
! 10 Runtime (sec)
           3
! 11 Geometry in a.u.
 0.5629138127104E-002 -0.1061984551739E+000 -0.2931257780441E-001
 0.2528227987934E+001  0.1081431595498E+000  0.3002188979749E-001
-0.7663412686387E+000 -0.1984535320909E+001  0.3890999027944E+000
 0.3401345938745E+001  0.1948761643910E+001  0.1650122610233E+000
 0.3674914784608E+001 -0.1613404543899E+001 -0.3988157746943E+000
-0.1165118809523E+001  0.1626125280428E+001 -0.1637230206045E+000
! 12 Velocities in a.u.
-0.1068940030151E-003  0.6759426851869E-004  0.9422217705487E-004
 0.1002318469048E-004 -0.1947551811995E-003 -0.1160920955759E-003
-0.8135977484153E-003 -0.4159843625176E-003  0.1260770001119E-002
 0.1708945896471E-002  0.2341982017172E-002  0.2032913740300E-002
 0.3838908200271E-003  0.2959239458775E-003 -0.1200433316807E-002
-0.1249578512879E-003 -0.7067135165924E-003 -0.1832655471433E-002
! 0 Step
           8
! 1 Hamiltonian (MCH) in a.u.
-0.7798311614990E+002  0.0000000000000E+000     0.0000000000000E+000  0.0000000000000E+000     0.0000000000000E+000  0.0000000000000E+000
 0.0000000000000E+000  0.0000000000000E+000    -0.7768089294434E+002  0.0000000000000E+000     0.0000000000000E+000  0.0000000000000E+000
 0.0000000000000E+000  0.0000000000000E+000     0.0000000000000E+000  0.0000000000000E+000    -0.7758621215820E+002  0.0000000000000E+000
! 2 U matrix
 0.1000000000000E+001  0.0000000000000E+000     0.0000000000000E+000  0.0000000000000E+000     0.0000000000000E+000  0.0000000000000E+000
 0.0000000000000E+000  0.0000000000000E+000     0.1000000000000E+001  0.0000000000000E+000     0.0000000000000E+000  0.0000000000000E+000
 0.0000000000000E+000  0.0000000000000E+000     0.0000000000000E+000  0.0000000000000E+000     0.1000000000000E+001  0.0000000000000E+000
! 3 Dipole moments X (MCH) in a.u.
-0.1230000000000E+003  0.0000000000000E+000    -0.1230000000000E+003  0.0000000000000E+000    -0.1230000000000E+003  0.0000000000000E+000
-0.1230000000000E+003  0.0000000000000E+000    -0.1230000000000E+003  0.0000000000000E+000    -0.1230000000000E+003  0.0000000000000E+000
-0.1230000000000E+003  0.0000000000000E+000    -0.1230000000000E+003  0.0000000000000E+000    -0.1230000000000E+003  0.0000000000000E+000
! 3 Dipole moments Y (MCH) in a.u.
-0.1230000000000E+003  0.0000000000000E+000    -0.1230000000000E+003  0.0000000000000E+000    -0.1230000000000E+003  0.0000000000000E+000
-0.1230000000000E+003  0.0000000000000E+000    -0.1230000000000E+003  0.0000000000000E+000    -0.1230000000000E+003  0.0000000000000E+000
-0.1230000000000E+003  0.0000000000000E+000    -0.1230000000000E+003  0.0000000000000E+000    -0.1230000000000E+003  0.0000000000000E+000
! 3 Dipole moments Z (MCH) in a.u.
-0.1230000000000E+003  0.0000000000000E+000    -0.1230000000000E+003  0.0000000000000E+000    -0.1230000000000E+003  0.0000000000000E+000
-0.1230000000000E+003  0.0000000000000E+000    -0.1230000000000E+003  0.0000000000000E+000    -0.1230000000000E+003  0.0000000000000E+000
-0.1230000000000E+003  0.0000000000000E+000    -0.1230000000000E+003  0.0000000000000E+000    -0.1230000000000E+003  0.0000000000000E+000
! 5 Coefficients (diag)
 0.0000000000000E+000  0.0000000000000E+000
 0.8682531955483E+000  0.4961213444514E+000
 0.0000000000000E+000  0.0000000000000E+000
! 6 Hopping Probabilities (diag)
 0.0000000000000E+000
 0.0000000000000E+000
 0.0000000000000E+000
! 7 Ekin (a.u.)
 0.2388479556046E-001
! 8 states (diag, MCH)
           2            2
! 9 Random number
 0.9033374075329E+000
! 10 Runtime (sec)
           2
! 11 Geometry in a.u.
 0.3179234409434E-002 -0.1047756778758E+000 -0.2723269072394E-001
 0.2528676269499E+001  0.1040802627683E+000  0.2748938446840E-001
-0.7841551250019E+000 -0.1992959478564E+001  0.4176010216678E+000
 0.3437566753818E+001  0.1997256162703E+001  0.2102681928720E+000
 0.3683423907763E+001 -0.1606574234699E+001 -0.4261010162583E+000
-0.1168184213701E+001  0.1610683415255E+001 -0.2048015760436E+000
! 12 Velocities in a.u.
-0.1274476959993E-003  0.6850966783556E-004  0.1071027053361E-003
 0.3269672551640E-004 -0.1946533213806E-003 -0.1288834654531E-003
-0.9081552102178E-003 -0.3839302198644E-003  0.1509609687721E-002
 0.1774198217639E-002  0.2301370088414E-002  0.2353538895906E-002
 0.4406414499287E-003  0.3684850200293E-003 -0.1450041644011E-002
-0.1776627537157E-003 -0.7828381354524E-003 -0.2153574442306E-002
! 0 Step
           9
! 1 Hamiltonian (MCH) in a.u.
-0.7797955322266E+002  0.0000000000000E+000     0.0000000000000E+000  0.0000000000000E+000     0.0000000000000E+000  0.0000000000000E+000
 0.0000000000000E+000  0.0000000000000E+000    -0.7768554687500E+002  0.0000000000000E+000     0.0000000000000E+000  0.0000000000000E+000
 0.0000000000000E+000  0.0000000000000E+000     0.0000000000000E+000  0.0000000000000E+000    -0.7759674835205E+002  0.0000000000000E+000
! 2 U matrix
 0.1000000000000E+001  0.0000000000000E+000     0.0000000000000E+000  0.0000000000000E+000     0.0000000000000E+000  0.0000000000000E+000
 0.0000000000000E+000  0.0000000000000E+000     0.1000000000000E+001  0.0000000000000E+000     0.0000000000000E+000  0.0000000000000E+000
 0.0000000000000E+000  0.0000000000000E+000     0.0000000000000E+000  0.0000000000000E+000     0.1000000000000E+001  0.0000000000000E+000
! 3 Dipole moments X (MCH) in a.u.
-0.1230000000000E+003  0.0000000000000E+000    -0.1230000000000E+003  0.0000000000000E+000    -0.1230000000000E+003  0.0000000000000E+000
-0.1230000000000E+003  0.0000000000000E+000    -0.1230000000000E+003  0.0000000000000E+000    -0.1230000000000E+003  0.0000000000000E+000
-0.1230000000000E+003  0.0000000000000E+000    -0.1230000000000E+003  0.0000000000000E+000    -0.1230000000000E+003  0.0000000000000E+000
! 3 Dipole moments Y (MCH) in a.u.
-0.1230000000000E+003  0.0000000000000E+000    -0.1230000000000E+003  0.0000000000000E+000    -0.1230000000000E+003  0.0000000000000E+000
-0.1230000000000E+003  0.0000000000000E+000    -0.1230000000000E+003  0.0000000000000E+000    -0.1230000000000E+003  0.0000000000000E+000
-0.1230000000000E+003  0.0000000000000E+000    -0.1230000000000E+003  0.0000000000000E+000    -0.1230000000000E+003  0.0000000000000E+000
! 3 Dipole moments Z (MCH) in a.u.
-0.1230000000000E+003  0.0000000000000E+000    -0.1230000000000E+003  0.0000000000000E+000    -0.1230000000000E+003  0.0000000000000E+000
-0.1230000000000E+003  0.0000000000000E+000    -0.1230000000000E+003  0.0000000000000E+000    -0.1230000000000E+003  0.0000000000000E+000
-0.1230000000000E+003  0.0000000000000E+000    -0.1230000000000E+003  0.0000000000000E+000    -0.1230000000000E+003  0.0000000000000E+000
! 5 Coefficients (diag)
 0.0000000000000E+000  0.0000000000000E+000
-0.5956658678015E+000 -0.8032323287420E+000
 0.0000000000000E+000  0.0000000000000E+000
! 6 Hopping Probabilities (diag)
 0.0000000000000E+000
 0.0000000000000E+000
 0.0000000000000E+000
! 7 Ekin (a.u.)
 0.2854602343363E-001
! 8 states (diag, MCH)
           2            2
! 9 Random number
 0.5800066373227E+000
! 10 Runtime (sec)
           3
! 11 Geometry in a.u.
 0.3602753460873E-003 -0.1033661714188E+000 -0.2488480487791E-001
 0.2529579715471E+001  0.1000959239196E+000  0.2469367033546E-001
-0.8038856522306E+000 -0.2000407523463E+001  0.4515092404848E+000
 0.3474693729631E+001  0.2043903443917E+001  0.2623107911778E+000
 0.3693131507296E+001 -0.1598170867117E+001 -0.4587624876509E+000
-0.1172463631752E+001  0.1593761676809E+001 -0.2527547456289E+000
! 12 Velocities in a.u.
-0.1418664344777E-003  0.6618245061581E-004  0.1201702897990E-003
 0.5277040140722E-004 -0.1879688280405E-003 -0.1418747044825E-003
-0.1000068444626E-002 -0.3212651721424E-003  0.1783193860355E-002
 0.1803932028111E-002  0.2174891306657E-002  0.2689136256856E-002
 0.5005668070114E-003  0.4478351818420E-003 -0.1717478818645E-002
-0.2427910763859E-003 -0.8502944365048E-003 -0.2496228566222E-002
! 0 Step
          10
! 1 Hamiltonian (MCH) in a.u.
-0.7797494506836E+002  0.0000000000000E+000     0.0000000000000E+000  0.0000000000000E+000     0.0000000000000E+000  0.0000000000000E+000
 0.0000000000000E+000  0.0000000000000E+000    -0.7769088745117E+002  0.0000000000000E+000     0.0000000000000E+000  0.0000000000000E+000
 0.0000000000000E+000  0.0000000000000E+000     0.0000000000000E+000  0.0000000000000E+000    -0.7760846710205E+002  0.0000000000000E+000
! 2 U matrix
 0.1000000000000E+001  0.0000000000000E+000     0.0000000000000E+000  0.0000000000000E+000     0.0000000000000E+000  0.0000000000000E+000
 0.0000000000000E+000  0.0000000000000E+000     0.1000000000000E+001  0.0000000000000E+000     0.0000000000000E+000  0.0000000000000E+000
 0.0000000000000E+000  0.0000000000000E+000     0.0000000000000E+000  0.0000000000000E+000     0.1000000000000E+001  0.0000000000000E+000
! 3 Dipole moments X (MCH) in a.u.
-0.1230000000000E+003  0.0000000000000E+000    -0.1230000000000E+003  0.0000000000000E+000    -0.1230000000000E+003  0.0000000000000E+000
-0.1230000000000E+003  0.0000000000000E+000    -0.1230000000000E+003  0.0000000000000E+000    -0.1230000000000E+003  0.0000000000000E+000
-0.1230000000000E+003  0.0000000000000E+000    -0.1230000000000E+003  0.0000000000000E+000    -0.1230000000000E+003  0.0000000000000E+000
! 3 Dipole moments Y (MCH) in a.u.
-0.1230000000000E+003  0.0000000000000E+000    -0.1230000000000E+003  0.0000000000000E+000    -0.1230000000000E+003  0.0000000000000E+000
-0.1230000000000E+003  0.0000000000000E+000    -0.1230000000000E+003  0.0000000000000E+000    -0.1230000000000E+003  0.0000000000000E+000
-0.1230000000000E+003  0.0000000000000E+000    -0.1230000000000E+003  0.0000000000000E+000    -0.1230000000000E+003  0.0000000000000E+000
! 3 Dipole moments Z (MCH) in a.u.
-0.1230000000000E+003  0.0000000000000E+000    -0.1230000000000E+003  0.0000000000000E+000    -0.1230000000000E+003  0.0000000000000E+000
-0.1230000000000E+003  0.0000000000000E+000    -0.1230000000000E+003  0.0000000000000E+000    -0.1230000000000E+003  0.0000000000000E+000
-0.1230000000000E+003  0.0000000000000E+000    -0.1230000000000E+003  0.0000000000000E+000    -0.1230000000000E+003  0.0000000000000E+000
! 5 Coefficients (diag)
 0.0000000000000E+000  0.0000000000000E+000
 0.1206431651616E+000  0.9926959386941E+000
 0.0000000000000E+000  0.0000000000000E+000
! 6 Hopping Probabilities (diag)
 0.0000000000000E+000
 0.0000000000000E+000
 0.0000000000000E+000
! 7 Ekin (a.u.)
 0.3390209093886E-001
! 8 states (diag, MCH)
           2            2
! 9 Random number
 0.3818383464095E+000
! 10 Runtime (sec)
           2
! 11 Geometry in a.u.
-0.2685718822040E-002 -0.1020396044767E+000 -0.2226468590956E-001
 0.2530857870364E+001  0.9630937327289E-001  0.2162408934357E-001
-0.8254993279319E+000 -0.2006241021985E+001  0.4913207047778E+000
 0.3512143781264E+001  0.2087169156175E+001  0.3214407788159E+000
 0.3704118027010E+001 -0.1588060113254E+001 -0.4971039492951E+000
-0.1178221530233E+001  0.1575531075510E+001 -0.3079990931297E+000
! 12 Velocities in a.u.
-0.1488951836955E-003  0.6044672752277E-004  0.1333718883942E-003
 0.6781218393379E-004 -0.1763899683195E-003 -0.1556181583060E-003
-0.1091079221734E-002 -0.2279220189576E-003  0.2077171320688E-002
 0.1813023687332E-002  0.1986157958396E-002  0.3036279476574E-002
 0.5647784918443E-003  0.5337721190116E-003 -0.1993962075444E-002
-0.3205643489275E-003 -0.9104660854607E-003 -0.2854409429368E-002
! 0 Step
          11
! 1 Hamiltonian (MCH) in a.u.
-0.7796917724609E+002  0.0000000000000E+000     0.0000000000000E+000  0.0000000000000E+000     0.0000000000000E+000  0.0000000000000E+000
 0.0000000000000E+000  0.0000000000000E+000    -0.7769705963135E+002  0.0000000000000E+000     0.0000000000000E+000  0.0000000000000E+000
 0.0000000000000E+000  0.0000000000000E+000     0.0000000000000E+000  0.0000000000000E+000    -0.7762136077881E+002  0.0000000000000E+000
! 2 U matrix
 0.1000000000000E+001  0.0000000000000E+000     0.0000000000000E+000  0.0000000000000E+000     0.0000000000000E+000  0.0000000000000E+000
 0.0000000000000E+000  0.0000000000000E+000     0.1000000000000E+001  0.0000000000000E+000     0.0000000000000E+000  0.0000000000000E+000
 0.0000000000000E+000  0.0000000000000E+000     0.0000000000000E+000  0.0000000000000E+000     0.1000000000000E+001  0.0000000000000E+000
! 3 Dipole moments X (MCH) in a.u.
-0.1230000000000E+003  0.0000000000000E+000    -0.1230000000000E+003  0.0000000000000E+000    -0.1230000000000E+003  0.0000000000000E+000
-0.1230000000000E+003  0.0000000000000E+000    -0.1230000000000E+003  0.0000000000000E+000    -0.1230000000000E+003  0.0000000000000E+000
-0.1230000000000E+003  0.0000000000000E+000    -0.1230000000000E+003  0.0000000000000E+000    -0.1230000000000E+003  0.0000000000000E+000
! 3 Dipole moments Y (MCH) in a.u.
-0.1230000000000E+003  0.0000000000000E+000    -0.1230000000000E+003  0.0000000000000E+000    -0.1230000000000E+003  0.0000000000000E+000
-0.1230000000000E+003  0.0000000000000E+000    -0.1230000000000E+003  0.0000000000000E+000    -0.1230000000000E+003  0.0000000000000E+000
-0.1230000000000E+003  0.0000000000000E+000    -0.1230000000000E+003  0.0000000000000E+000    -0.1230000000000E+003  0.0000000000000E+000
! 3 Dipole moments Z (MCH) in a.u.
-0.1230000000000E+003  0.0000000000000E+000    -0.1230000000000E+003  0.0000000000000E+000    -0.1230000000000E+003  0.0000000000000E+000
-0.1230000000000E+003  0.0000000000000E+000    -0.1230000000000E+003  0.0000000000000E+000    -0.1230000000000E+003  0.0000000000000E+000
-0.1230000000000E+003  0.0000000000000E+000    -0.1230000000000E+003  0.0000000000000E+000    -0.1230000000000E+003  0.0000000000000E+000
! 5 Coefficients (diag)
 0.0000000000000E+000  0.0000000000000E+000
 0.4930142679297E+000 -0.8700212248087E+000
 0.0000000000000E+000  0.0000000000000E+000
! 6 Hopping Probabilities (diag)
 0.0000000000000E+000
 0.0000000000000E+000
 0.0000000000000E+000
! 7 Ekin (a.u.)
 0.4006238067104E-001
! 8 states (diag, MCH)
           2            2
! 9 Random number
 0.4075631499893E+000
! 10 Runtime (sec)
           3
! 11 Geometry in a.u.
-0.5795256030878E-002 -0.1008672206894E+000 -0.1937102784738E-001
 0.2532383164283E+001  0.9280372038676E-001  0.1826020195520E-001
-0.8489923656745E+000 -0.2009830132741E+001  0.5373823555345E+000
 0.3549646618754E+001  0.2126013941578E+001  0.3878347545688E+000
 0.3716480225779E+001 -0.1576103994669E+001 -0.5411956182280E+000
-0.1185716202179E+001  0.1556121758461E+001 -0.3707599514999E+000
! 12 Velocities in a.u.
-0.1479105182268E-003  0.5131010000675E-004  0.1464807864991E-003
 0.7606009774347E-004 -0.1614315441791E-003 -0.1704153566332E-003
-0.1182257415083E-002 -0.1042889885093E-003  0.2383155268871E-002
 0.1814885362263E-002  0.1755464633327E-002  0.3387581276110E-002
 0.6337421048183E-003  0.6272097637058E-003 -0.2267851347008E-002
-0.4102238759720E-003 -0.9662140854319E-003 -0.3217688685158E-002
! 0 Step
          12
! 1 Hamiltonian (MCH) in a.u.
-0.7796215820312E+002  0.0000000000000E+000     0.0000000000000E+000  0.0000000000000E+000     0.0000000000000E+000  0.0000000000000E+000
 0.0000000000000E+000  0.0000000000000E+000    -0.7770392608643E+002  0.0000000000000E+000     0.0000000000000E+000  0.0000000000000E+000
 0.0000000000000E+000  0.0000000000000E+000     0.0000000000000E+000  0.0000000000000E+000    -0.7763540649414E+002  0.0000000000000E+000
! 2 U matrix
 0.1000000000000E+001  0.0000000000000E+000     0.0000000000000E+000  0.0000000000000E+000     0.0000000000000E+000  0.0000000000000E+000
 0.0000000000000E+000  0.0000000000000E+000     0.1000000000000E+001  0.0000000000000E+000     0.0000000000000E+000  0.0000000000000E+000
 0.0000000000000E+000  0.0000000000000E+000     0.0000000000000E+000  0.0000000000000E+000     0.1000000000000E+001  0.0000000000000E+000
! 3 Dipole moments X (MCH) in a.u.
-0.1230000000000E+003  0.0000000000000E+000    -0.1230000000000E+003  0.0000000000000E+000    -0.1230000000000E+003  0.0000000000000E+000
-0.1230000000000E+003  0.0000000000000E+000    -0.1230000000000E+003  0.0000000000000E+000    -0.1230000000000E+003  0.0000000000000E+000
-0.1230000000000E+003  0.0000000000000E+000    -0.1230000000000E+003  0.0000000000000E+000    -0.1230000000000E+003  0.0000000000000E+000
! 3 Dipole moments Y (MCH) in a.u.
-0.1230000000000E+003  0.0000000000000E+000    -0.1230000000000E+003  0.0000000000000E+000    -0.1230000000000E+003  0.0000000000000E+000
-0.1230000000000E+003  0.0000000000000E+000    -0.1230000000000E+003  0.0000000000000E+000    -0.1230000000000E+003  0.0000000000000E+000
-0.1230000000000E+003  0.0000000000000E+000    -0.1230000000000E+003  0.0000000000000E+000    -0.1230000000000E+003  0.0000000000000E+000
! 3 Dipole moments Z (MCH) in a.u.
-0.1230000000000E+003  0.0000000000000E+000    -0.1230000000000E+003  0.0000000000000E+000    -0.1230000000000E+003  0.0000000000000E+000
-0.1230000000000E+003  0.0000000000000E+000    -0.1230000000000E+003  0.0000000000000E+000    -0.1230000000000E+003  0.0000000000000E+000
-0.1230000000000E+003  0.0000000000000E+000    -0.1230000000000E+003  0.0000000000000E+000    -0.1230000000000E+003  0.0000000000000E+000
! 5 Coefficients (diag)
 0.0000000000000E+000  0.0000000000000E+000
-0.9600233052957E+000  0.2799200837546E+000
 0.0000000000000E+000  0.0000000000000E+000
! 6 Hopping Probabilities (diag)
 0.0000000000000E+000
 0.0000000000000E+000
 0.0000000000000E+000
! 7 Ekin (a.u.)
 0.4688029702638E-001
! 8 states (diag, MCH)
           2            2
! 9 Random number
 0.2147309228291E+000
! 10 Runtime (sec)
           2
! 11 Geometry in a.u.
-0.8800542776254E-002 -0.9991837447645E-001 -0.1620896902847E-001
 0.2534002299261E+001  0.8963557153690E-001  0.1457888446295E-001
-0.8743754731072E+000 -0.2010552471994E+001  0.5898436164639E+000
 0.3587173634585E+001  0.2159742474958E+001  0.4614880410548E+000
 0.3730317795964E+001 -0.1562130400253E+001 -0.5908600385005E+000
-0.1195180748640E+001  0.1535586458283E+001 -0.4410227623392E+000
! 12 Velocities in a.u.
-0.1396232356912E-003  0.3901603649021E-004  0.1592157727113E-003
 0.7741724438905E-004 -0.1439573243690E-003 -0.1862157606590E-003
-0.1273292634888E-002  0.4903645606193E-004  0.2686875936388E-002
 0.1817289652825E-002  0.1493463334483E-002  0.3729476094376E-002
 0.7066268875622E-003  0.7303828888417E-003 -0.2523822528579E-002
-0.5093976183720E-003 -0.1022436423561E-002 -0.3570806462942E-002
! 0 Step
          13
! 1 Hamiltonian (MCH) in a.u.
-0.7795393371582E+002  0.0000000000000E+000     0.0000000000000E+000  0.0000000000000E+000     0.0000000000000E+000  0.0000000000000E+000
 0.0000000000000E+000  0.0000000000000E+000    -0.7771105194092E+002  0.0000000000000E+000     0.0000000000000E+000  0.0000000000000E+000
 0.0000000000000E+000  0.0000000000000E+000     0.0000000000000E+000  0.0000000000000E+000    -0.7765042877197E+002  0.0000000000000E+000
! 2 U matrix
 0.1000000000000E+001  0.0000000000000E+000     0.0000000000000E+000  0.0000000000000E+000     0.0000000000000E+000  0.0000000000000E+000
 0.0000000000000E+000  0.0000000000000E+000     0.1000000000000E+001  0.0000000000000E+000     0.0000000000000E+000  0.0000000000000E+000
 0.0000000000000E+000  0.0000000000000E+000     0.0000000000000E+000  0.0000000000000E+000     0.1000000000000E+001  0.0000000000000E+000
! 3 Dipole moments X (MCH) in a.u.
-0.1230000000000E+003  0.0000000000000E+000    -0.1230000000000E+003  0.0000000000000E+000    -0.1230000000000E+003  0.0000000000000E+000
-0.1230000000000E+003  0.0000000000000E+000    -0.1230000000000E+003  0.0000000000000E+000    -0.1230000000000E+003  0.0000000000000E+000
-0.1230000000000E+003  0.0000000000000E+000    -0.1230000000000E+003  0.0000000000000E+000    -0.1230000000000E+003  0.0000000000000E+000
! 3 Dipole moments Y (MCH) in a.u.
-0.1230000000000E+003  0.0000000000000E+000    -0.1230000000000E+003  0.0000000000000E+000    -0.1230000000000E+003  0.0000000000000E+000
-0.1230000000000E+003  0.0000000000000E+000    -0.1230000000000E+003  0.0000000000000E+000    -0.1230000000000E+003  0.0000000000000E+000
-0.1230000000000E+003  0.0000000000000E+000    -0.1230000000000E+003  0.0000000000000E+000    -0.1230000000000E+003  0.0000000000000E+000
! 3 Dipole moments Z (MCH) in a.u.
-0.1230000000000E+003  0.0000000000000E+000    -0.1230000000000E+003  0.0000000000000E+000    -0.1230000000000E+003  0.0000000000000E+000
-0.1230000000000E+003  0.0000000000000E+000    -0.1230000000000E+003  0.0000000000000E+000    -0.1230000000000E+003  0.0000000000000E+000
-0.1230000000000E+003  0.0000000000000E+000    -0.1230000000000E+003  0.0000000000000E+000    -0.1230000000000E+003  0.0000000000000E+000
! 5 Coefficients (diag)
 0.0000000000000E+000  0.0000000000000E+000
 0.8065248076274E+000  0.5912002492232E+000
 0.0000000000000E+000  0.0000000000000E+000
! 6 Hopping Probabilities (diag)
 0.0000000000000E+000
 0.0000000000000E+000
 0.0000000000000E+000
! 7 Ekin (a.u.)
 0.5397345232993E-001
! 8 states (diag, MCH)
           2            2
! 9 Random number
 0.5081202118624E+000
! 10 Runtime (sec)
           3
! 11 Geometry in a.u.
-0.1156747234386E-001 -0.9925424415880E-001 -0.1278882914688E-001
 0.2535583699486E+001  0.8685232689569E-001  0.1056178667290E-001
-0.9016320318584E+000 -0.2007802898303E+001  0.6484614967261E+000
 0.3624775868750E+001  0.2187755766851E+001  0.5420164181311E+000
 0.3745693151747E+001 -0.1545908962984E+001 -0.6455339076137E+000
-0.1206775399296E+001  0.1513852832563E+001 -0.5183819945921E+000
! 12 Velocities in a.u.
-0.1254874047017E-003  0.2405771610212E-004  0.1713366019641E-003
 0.7303844263203E-004 -0.1240667326169E-003 -0.2026508087687E-003
-0.1362569902969E-002  0.2311354872385E-003  0.2971686976439E-002
 0.1820615998660E-002  0.1199401503364E-002  0.4044826404738E-002
 0.7814730448901E-003  0.8462862277946E-003 -0.2746062200454E-002
-0.6145544365905E-003 -0.1085148308437E-002 -0.3897321313413E-002
! 0 Step
          14
! 1 Hamiltonian (MCH) in a.u.
-0.7794416809082E+002  0.0000000000000E+000     0.0000000000000E+000  0.0000000000000E+000     0.0000000000000E+000  0.0000000000000E+000
 0.0000000000000E+000  0.0000000000000E+000    -0.7771800231934E+002  0.0000000000000E+000     0.0000000000000E+000  0.0000000000000E+000
 0.0000000000000E+000  0.0000000000000E+000     0.0000000000000E+000  0.0000000000000E+000    -0.7766604614258E+002  0.0000000000000E+000
! 2 U matrix
 0.1000000000000E+001  0.0000000000000E+000     0.0000000000000E+000  0.0000000000000E+000     0.0000000000000E+000  0.0000000000000E+000
 0.0000000000000E+000  0.0000000000000E+000     0.1000000000000E+001  0.0000000000000E+000     0.0000000000000E+000  0.0000000000000E+000
 0.0000000000000E+000  0.0000000000000E+000     0.0000000000000E+000  0.0000000000000E+000     0.1000000000000E+001  0.0000000000000E+000
! 3 Dipole moments X (MCH) in a.u.
-0.1230000000000E+003  0.0000000000000E+000    -0.1230000000000E+003  0.0000000000000E+000    -0.1230000000000E+003  0.0000000000000E+000
-0.1230000000000E+003  0.0000000000000E+000    -0.1230000000000E+003  0.0000000000000E+000    -0.1230000000000E+003  0.0000000000000E+000
-0.1230000000000E+003  0.0000000000000E+000    -0.1230000000000E+003  0.0000000000000E+000    -0.1230000000000E+003  0.0000000000000E+000
! 3 Dipole moments Y (MCH) in a.u.
-0.1230000000000E+003  0.0000000000000E+000    -0.1230000000000E+003  0.0000000000000E+000    -0.1230000000000E+003  0.0000000000000E+000
-0.1230000000000E+003  0.0000000000000E+000    -0.1230000000000E+003  0.0000000000000E+000    -0.1230000000000E+003  0.0000000000000E+000
-0.1230000000000E+003  0.0000000000000E+000    -0.1230000000000E+003  0.0000000000000E+000    -0.1230000000000E+003  0.0000000000000E+000
! 3 Dipole moments Z (MCH) in a.u.
-0.1230000000000E+003  0.0000000000000E+000    -0.1230000000000E+003  0.0000000000000E+000    -0.1230000000000E+003  0.0000000000000E+000
-0.1230000000000E+003  0.0000000000000E+000    -0.1230000000000E+003  0.0000000000000E+000    -0.1230000000000E+003  0.0000000000000E+000
-0.1230000000000E+003  0.0000000000000E+000    -0.1230000000000E+003  0.0000000000000E+000    -0.1230000000000E+003  0.0000000000000E+000
! 5 Coefficients (diag)
 0.0000000000000E+000  0.0000000000000E+000
 0.1231040301973E+000 -0.9923937715187E+000
 0.0000000000000E+000  0.0000000000000E+000
! 6 Hopping Probabilities (diag)
 0.0000000000000E+000
 0.0000000000000E+000
 0.0000000000000E+000
! 7 Ekin (a.u.)
 0.6089610801230E-001
! 8 states (diag, MCH)
           2            2
! 9 Random number
 0.1236171438851E+000
! 10 Runtime (sec)
           3
! 11 Geometry in a.u.
-0.1398836442289E-001 -0.9892379545348E-001 -0.9125678600694E-002
 0.2537021808786E+001  0.8450648242531E-001  0.6201021720970E-002
-0.9307059841611E+000 -0.2000997013525E+001  0.7126972371922E+000
 0.3662440400286E+001  0.2209327380288E+001  0.6287067195291E+000
 0.3762624964864E+001 -0.1527143765361E+001 -0.7043860211311E+000
-0.1220587273038E+001  0.1490724936940E+001 -0.6021433777642E+000
! 12 Velocities in a.u.
-0.1064217062365E-003  0.7152666513874E-005  0.1825598937283E-003
 0.6401724989147E-004 -0.1013629330454E-003 -0.2190225635734E-003
-0.1447872668424E-002  0.4401000606732E-003  0.3225123660833E-002
 0.1819034226153E-002  0.8648189072580E-003  0.4317915803946E-002
 0.8557349269240E-003  0.9774704855657E-003 -0.2923862349889E-002
-0.7216188381710E-003 -0.1159810571919E-002 -0.4184699832044E-002
! 0 Step
          15
! 1 Hamiltonian (MCH) in a.u.
-0.7793269348145E+002  0.0000000000000E+000     0.0000000000000E+000  0.0000000000000E+000     0.0000000000000E+000  0.0000000000000E+000
 0.0000000000000E+000  0.0000000000000E+000    -0.7772437286377E+002  0.0000000000000E+000     0.0000000000000E+000  0.0000000000000E+000
 0.0000000000000E+000  0.0000000000000E+000     0.0000000000000E+000  0.0000000000000E+000    -0.7768174743652E+002  0.0000000000000E+000
! 2 U matrix
 0.1000000000000E+001  0.0000000000000E+000     0.0000000000000E+000  0.0000000000000E+000     0.0000000000000E+000  0.0000000000000E+000
 0.0000000000000E+000  0.0000000000000E+000     0.1000000000000E+001  0.0000000000000E+000     0.0000000000000E+000  0.0000000000000E+000
 0.0000000000000E+000  0.0000000000000E+000     0.0000000000000E+000  0.0000000000000E+000     0.1000000000000E+001  0.0000000000000E+000
! 3 Dipole moments X (MCH) in a.u.
-0.1230000000000E+003  0.0000000000000E+000    -0.1230000000000E+003  0.0000000000000E+000    -0.1230000000000E+003  0.0000000000000E+000
-0.1230000000000E+003  0.0000000000000E+000    -0.1230000000000E+003  0.0000000000000E+000    -0.1230000000000E+003  0.0000000000000E+000
-0.1230000000000E+003  0.0000000000000E+000    -0.1230000000000E+003  0.0000000000000E+000    -0.1230000000000E+003  0.0000000000000E+000
! 3 Dipole moments Y (MCH) in a.u.
-0.1230000000000E+003  0.0000000000000E+000    -0.1230000000000E+003  0.0000000000000E+000    -0.1230000000000E+003  0.0000000000000E+000
-0.1230000000000E+003  0.0000000000000E+000    -0.1230000000000E+003  0.0000000000000E+000    -0.1230000000000E+003  0.0000000000000E+000
-0.1230000000000E+003  0.0000000000000E+000    -0.1230000000000E+003  0.0000000000000E+000    -0.1230000000000E+003  0.0000000000000E+000
! 3 Dipole moments Z (MCH) in a.u.
-0.1230000000000E+003  0.0000000000000E+000    -0.1230000000000E+003  0.0000000000000E+000    -0.1230000000000E+003  0.0000000000000E+000
-0.1230000000000E+003  0.0000000000000E+000    -0.1230000000000E+003  0.0000000000000E+000    -0.1230000000000E+003  0.0000000000000E+000
-0.1230000000000E+003  0.0000000000000E+000    -0.1230000000000E+003  0.0000000000000E+000    -0.1230000000000E+003  0.0000000000000E+000
! 5 Coefficients (diag)
 0.0000000000000E+000  0.0000000000000E+000
-0.9693376533486E+000  0.2457326063035E+000
 0.0000000000000E+000  0.0000000000000E+000
! 6 Hopping Probabilities (diag)
 0.0000000000000E+000
 0.0000000000000E+000
 0.0000000000000E+000
! 7 Ekin (a.u.)
 0.6724890070872E-001
! 8 states (diag, MCH)
           2            2
! 9 Random number
 0.9763245262110E+000
! 10 Runtime (sec)
           2
! 11 Geometry in a.u.
-0.1596709183235E-001 -0.9895854310211E-001 -0.5241552424225E-002
 0.2538230260514E+001  0.8266184403831E-001  0.1507093103388E-002
-0.9614890763855E+000 -0.1989608557390E+001  0.7817925380407E+000
 0.3699977241803E+001  0.2223508568164E+001  0.7205249874119E+000
 0.3781070408836E+001 -0.1505498990716E+001 -0.7664103926012E+000
-0.1236608113090E+001  0.1465904670712E+001 -0.6913832326443E+000
! 12 Velocities in a.u.
-0.8341053429370E-004 -0.1075459609201E-004  0.1925663155411E-003
 0.5183532503624E-004 -0.7527375277045E-004 -0.2342978784803E-003
-0.1527143993893E-002  0.6734548424614E-003  0.3438971493453E-002
 0.1802792019077E-002  0.4778274267674E-003  0.4534432427143E-002
 0.9262482624674E-003  0.1126438204669E-002 -0.3051860240600E-002
-0.8256564259898E-003 -0.1252634694945E-002 -0.4424283950093E-002
! 0 Step
          16
! 1 Hamiltonian (MCH) in a.u.
-0.7791989135742E+002  0.0000000000000E+000     0.0000000000000E+000  0.0000000000000E+000     0.0000000000000E+000  0.0000000000000E+000
 0.0000000000000E+000  0.0000000000000E+000    -0.7772998046875E+002  0.0000000000000E+000     0.0000000000000E+000  0.0000000000000E+000
 0.0000000000000E+000  0.0000000000000E+000     0.0000000000000E+000  0.0000000000000E+000    -0.7769669342041E+002  0.0000000000000E+000
! 2 U matrix
 0.1000000000000E+001  0.0000000000000E+000     0.0000000000000E+000  0.0000000000000E+000     0.0000000000000E+000  0.0000000000000E+000
 0.0000000000000E+000  0.0000000000000E+000     0.1000000000000E+001  0.0000000000000E+000     0.0000000000000E+000  0.0000000000000E+000
 0.0000000000000E+000  0.0000000000000E+000     0.0000000000000E+000  0.0000000000000E+000     0.1000000000000E+001  0.0000000000000E+000
! 3 Dipole moments X (MCH) in a.u.
-0.1230000000000E+003  0.0000000000000E+000    -0.1230000000000E+003  0.0000000000000E+000    -0.1230000000000E+003  0.0000000000000E+000
-0.1230000000000E+003  0.0000000000000E+000    -0.1230000000000E+003  0.0000000000000E+000    -0.1230000000000E+003  0.0000000000000E+000
-0.1230000000000E+003  0.0000000000000E+000    -0.1230000000000E+003  0.0000000000000E+000    -0.1230000000000E+003  0.0000000000000E+000
! 3 Dipole moments Y (MCH) in a.u.
-0.1230000000000E+003  0.0000000000000E+000    -0.1230000000000E+003  0.0000000000000E+000    -0.1230000000000E+003  0.0000000000000E+000
-0.1230000000000E+003  0.0000000000000E+000    -0.1230000000000E+003  0.0000000000000E+000    -0.1230000000000E+003  0.0000000000000E+000
-0.1230000000000E+003  0.0000000000000E+000    -0.1230000000000E+003  0.0000000000000E+000    -0.1230000000000E+003  0.0000000000000E+000
! 3 Dipole moments Z (MCH) in a.u.
-0.1230000000000E+003  0.0000000000000E+000    -0.1230000000000E+003  0.0000000000000E+000    -0.1230000000000E+003  0.0000000000000E+000
-0.1230000000000E+003  0.0000000000000E+000    -0.1230000000000E+003  0.0000000000000E+000    -0.1230000000000E+003  0.0000000000000E+000
-0.1230000000000E+003  0.0000000000000E+000    -0.1230000000000E+003  0.0000000000000E+000    -0.1230000000000E+003  0.0000000000000E+000
! 5 Coefficients (diag)
 0.4040908336032E-005 -0.8623769993814E-004
 0.4759943208427E+000  0.8789067736873E+000
 0.2092590441914E-001  0.2268014027750E-001
! 6 Hopping Probabilities (diag)
 0.3900142171295E-007
 0.0000000000000E+000
 0.1272750553078E-002
! 7 Ekin (a.u.)
 0.7288442541602E-001
! 8 states (diag, MCH)
           2            2
! 9 Random number
 0.3099185511354E+000
! 10 Runtime (sec)
           3
! 11 Geometry in a.u.
-0.1743667046121E-001 -0.9936840522558E-001 -0.1164722658128E-002
 0.2539164752310E+001  0.8139456210969E-001 -0.3485174344924E-002
-0.9938402141492E+000 -0.1973155465458E+001  0.8548690415921E+000
 0.3736970298192E+001  0.2229081422327E+001  0.8161663833627E+000
 0.3800917340084E+001 -0.1480575263003E+001 -0.8305541147046E+000
-0.1254721043592E+001  0.1438939298363E+001 -0.7850493522858E+000
! 12 Velocities in a.u.
-0.5861423880292E-004 -0.2872839294368E-004  0.2011657338221E-003
 0.3939434912887E-004 -0.4523994925927E-004 -0.2472822584269E-003
-0.1598664451355E-002  0.9326150050880E-003  0.3611607470785E-002
 0.1760078497627E-002  0.2419878205175E-004  0.4685315278243E-002
 0.9883209702718E-003  0.1298409996477E-002 -0.3132803221869E-002
-0.9207171265853E-003 -0.1373841156400E-002 -0.4614610023518E-002
! 0 Step
          17
! 1 Hamiltonian (MCH) in a.u.
-0.7790605163574E+002  0.0000000000000E+000     0.0000000000000E+000  0.0000000000000E+000     0.0000000000000E+000  0.0000000000000E+000
 0.0000000000000E+000  0.0000000000000E+000    -0.7773514556885E+002  0.0000000000000E+000     0.0000000000000E+000  0.0000000000000E+000
 0.0000000000000E+000  0.0000000000000E+000     0.0000000000000E+000  0.0000000000000E+000    -0.7770983123779E+002  0.0000000000000E+000
! 2 U matrix
 0.1000000000000E+001  0.0000000000000E+000     0.0000000000000E+000  0.0000000000000E+000     0.0000000000000E+000  0.0000000000000E+000
 0.0000000000000E+000  0.0000000000000E+000     0.1000000000000E+001  0.0000000000000E+000     0.0000000000000E+000  0.0000000000000E+000
 0.0000000000000E+000  0.0000000000000E+000     0.0000000000000E+000  0.0000000000000E+000     0.1000000000000E+001  0.0000000000000E+000
! 3 Dipole moments X (MCH) in a.u.
-0.1230000000000E+003  0.0000000000000E+000    -0.1230000000000E+003  0.0000000000000E+000    -0.1230000000000E+003  0.0000000000000E+000
-0.1230000000000E+003  0.0000000000000E+000    -0.1230000000000E+003  0.0000000000000E+000    -0.1230000000000E+003  0.0000000000000E+000
-0.1230000000000E+003  0.0000000000000E+000    -0.1230000000000E+003  0.0000000000000E+000    -0.1230000000000E+003  0.0000000000000E+000
! 3 Dipole moments Y (MCH) in a.u.
-0.1230000000000E+003  0.0000000000000E+000    -0.1230000000000E+003  0.0000000000000E+000    -0.1230000000000E+003  0.0000000000000E+000
-0.1230000000000E+003  0.0000000000000E+000    -0.1230000000000E+003  0.0000000000000E+000    -0.1230000000000E+003  0.0000000000000E+000
-0.1230000000000E+003  0.0000000000000E+000    -0.1230000000000E+003  0.0000000000000E+000    -0.1230000000000E+003  0.0000000000000E+000
! 3 Dipole moments Z (MCH) in a.u.
-0.1230000000000E+003  0.0000000000000E+000    -0.1230000000000E+003  0.0000000000000E+000    -0.1230000000000E+003  0.0000000000000E+000
-0.1230000000000E+003  0.0000000000000E+000    -0.1230000000000E+003  0.0000000000000E+000    -0.1230000000000E+003  0.0000000000000E+000
-0.1230000000000E+003  0.0000000000000E+000    -0.1230000000000E+003  0.0000000000000E+000    -0.1230000000000E+003  0.0000000000000E+000
! 5 Coefficients (diag)
-0.9311009027470E-003 -0.1136741234752E-003
 0.8014193103047E+000 -0.5843042340391E+000
 0.6870344087466E-001 -0.1076782638046E+000
! 6 Hopping Probabilities (diag)
 0.3870111598040E-005
 0.0000000000000E+000
 0.1958945629199E-001
! 7 Ekin (a.u.)
 0.7810334410886E-001
! 8 states (diag, MCH)
           2            2
! 9 Random number
 0.4799634465667E+000
! 10 Runtime (sec)
           2
! 11 Geometry in a.u.
-0.1839028496146E-001 -0.1001462143201E+000  0.3074915279959E-002
 0.2539858877009E+001  0.8079156240632E-001 -0.8715895061406E-002
-0.1027580060307E+001 -0.1951052972287E+001  0.9311013508305E+000
 0.3772741304072E+001  0.2224508979047E+001  0.9142223555228E+000
 0.3821928955043E+001 -0.1451820938310E+001 -0.8959247801822E+000
-0.1274671823557E+001  0.1409108190562E+001 -0.8821575484228E+000
! 12 Velocities in a.u.
-0.3477356187104E-004 -0.4606896834901E-004  0.2083875794963E-003
 0.3043602281412E-004 -0.1091742270227E-004 -0.2570020662436E-003
-0.1660115792883E-002  0.1226600700294E-002  0.3750106522805E-002
 0.1677612295204E-002 -0.5106162677443E-003  0.4771641541071E-002
 0.1032598160407E-002  0.1502595587695E-002 -0.3179059440230E-002
-0.9984100200538E-003 -0.1539548760410E-002 -0.4763414213325E-002
! 0 Step
          18
! 1 Hamiltonian (MCH) in a.u.
-0.7789083099365E+002  0.0000000000000E+000     0.0000000000000E+000  0.0000000000000E+000     0.0000000000000E+000  0.0000000000000E+000
 0.0000000000000E+000  0.0000000000000E+000    -0.7774077606201E+002  0.0000000000000E+000     0.0000000000000E+000  0.0000000000000E+000
 0.0000000000000E+000  0.0000000000000E+000     0.0000000000000E+000  0.0000000000000E+000    -0.7772081756592E+002  0.0000000000000E+000
! 2 U matrix
 0.1000000000000E+001  0.0000000000000E+000     0.0000000000000E+000  0.0000000000000E+000     0.0000000000000E+000  0.0000000000000E+000
 0.0000000000000E+000  0.0000000000000E+000     0.1000000000000E+001  0.0000000000000E+000     0.0000000000000E+000  0.0000000000000E+000
 0.0000000000000E+000  0.0000000000000E+000     0.0000000000000E+000  0.0000000000000E+000     0.1000000000000E+001  0.0000000000000E+000
! 3 Dipole moments X (MCH) in a.u.
-0.1230000000000E+003  0.0000000000000E+000    -0.1230000000000E+003  0.0000000000000E+000    -0.1230000000000E+003  0.0000000000000E+000
-0.1230000000000E+003  0.0000000000000E+000    -0.1230000000000E+003  0.0000000000000E+000    -0.1230000000000E+003  0.0000000000000E+000
-0.1230000000000E+003  0.0000000000000E+000    -0.1230000000000E+003  0.0000000000000E+000    -0.1230000000000E+003  0.0000000000000E+000
! 3 Dipole moments Y (MCH) in a.u.
-0.1230000000000E+003  0.0000000000000E+000    -0.1230000000000E+003  0.0000000000000E+000    -0.1230000000000E+003  0.0000000000000E+000
-0.1230000000000E+003  0.0000000000000E+000    -0.1230000000000E+003  0.0000000000000E+000    -0.1230000000000E+003  0.0000000000000E+000
-0.1230000000000E+003  0.0000000000000E+000    -0.1230000000000E+003  0.0000000000000E+000    -0.1230000000000E+003  0.0000000000000E+000
! 3 Dipole moments Z (MCH) in a.u.
-0.1230000000000E+003  0.0000000000000E+000    -0.1230000000000E+003  0.0000000000000E+000    -0.1230000000000E+003  0.0000000000000E+000
-0.1230000000000E+003  0.0000000000000E+000    -0.1230000000000E+003  0.0000000000000E+000    -0.1230000000000E+003  0.0000000000000E+000
-0.1230000000000E+003  0.0000000000000E+000    -0.1230000000000E+003  0.0000000000000E+000    -0.1230000000000E+003  0.0000000000000E+000
! 5 Coefficients (diag)
-0.8726610196451E-003  0.1909286150363E-002
-0.5725420378185E+000 -0.7732337559485E+000
-0.2449745582310E+000 -0.1195333949198E+000
! 6 Hopping Probabilities (diag)
 0.1420132435416E-004
 0.0000000000000E+000
 0.7459426390871E-001
! 7 Ekin (a.u.)
 0.8390376820374E-001
! 8 states (diag, MCH)
           2            2
! 9 Random number
 0.2093493762828E+000
! 10 Runtime (sec)
           3
! 11 Geometry in a.u.
-0.1887425726472E-001 -0.1012729596453E+000  0.7450306064243E-002
 0.2540423019292E+001  0.8094322086190E-001 -0.1410999271342E-001
-0.1062471680922E+001 -0.1922446107974E+001  0.1009903595398E+001
 0.3806325094400E+001  0.2207971844572E+001  0.1013432597734E+001
 0.3843606366138E+001 -0.1418455897840E+001 -0.9619807978778E+000
-0.1295996684972E+001  0.1375292238291E+001 -0.9819754376290E+000
! 12 Velocities in a.u.
-0.1447297616257E-004 -0.6253838221307E-004  0.2144046678616E-003
 0.2907180469029E-004  0.2758466012744E-004 -0.2632569129176E-003
-0.1707778658120E-002  0.1581014349664E-002  0.3872239617096E-002
 0.1540099034055E-002 -0.1142555409291E-002  0.4811560882634E-002
 0.1038019841910E-002  0.1757752113949E-002 -0.3213945732506E-002
-0.1044295162273E-002 -0.1779713908521E-002 -0.4887747302336E-002
! 0 Step
          19
! 1 Hamiltonian (MCH) in a.u.
-0.7787467193604E+002  0.0000000000000E+000     0.0000000000000E+000  0.0000000000000E+000     0.0000000000000E+000  0.0000000000000E+000
 0.0000000000000E+000  0.0000000000000E+000    -0.7774783325195E+002  0.0000000000000E+000     0.0000000000000E+000  0.0000000000000E+000
 0.0000000000000E+000  0.0000000000000E+000     0.0000000000000E+000  0.0000000000000E+000    -0.7772992706299E+002  0.0000000000000E+000
! 2 U matrix
 0.1000000000000E+001  0.0000000000000E+000     0.0000000000000E+000  0.0000000000000E+000     0.0000000000000E+000  0.0000000000000E+000
 0.0000000000000E+000  0.0000000000000E+000     0.1000000000000E+001  0.0000000000000E+000     0.0000000000000E+000  0.0000000000000E+000
 0.0000000000000E+000  0.0000000000000E+000     0.0000000000000E+000  0.0000000000000E+000     0.1000000000000E+001  0.0000000000000E+000
! 3 Dipole moments X (MCH) in a.u.
-0.1230000000000E+003  0.0000000000000E+000    -0.1230000000000E+003  0.0000000000000E+000    -0.1230000000000E+003  0.0000000000000E+000
-0.1230000000000E+003  0.0000000000000E+000    -0.1230000000000E+003  0.0000000000000E+000    -0.1230000000000E+003  0.0000000000000E+000
-0.1230000000000E+003  0.0000000000000E+000    -0.1230000000000E+003  0.0000000000000E+000    -0.1230000000000E+003  0.0000000000000E+000
! 3 Dipole moments Y (MCH) in a.u.
-0.1230000000000E+003  0.0000000000000E+000    -0.1230000000000E+003  0.0000000000000E+000    -0.1230000000000E+003  0.0000000000000E+000
-0.1230000000000E+003  0.0000000000000E+000    -0.1230000000000E+003  0.0000000000000E+000    -0.1230000000000E+003  0.0000000000000E+000
-0.1230000000000E+003  0.0000000000000E+000    -0.1230000000000E+003  0.0000000000000E+000    -0.1230000000000E+003  0.0000000000000E+000
! 3 Dipole moments Z (MCH) in a.u.
-0.1230000000000E+003  0.0000000000000E+000    -0.1230000000000E+003  0.0000000000000E+000    -0.1230000000000E+003  0.0000000000000E+000
-0.1230000000000E+003  0.0000000000000E+000    -0.1230000000000E+003  0.0000000000000E+000    -0.1230000000000E+003  0.0000000000000E+000
-0.1230000000000E+003  0.0000000000000E+000    -0.1230000000000E+003  0.0000000000000E+000    -0.1230000000000E+003  0.0000000000000E+000
! 5 Coefficients (diag)
 0.4196012559691E-002  0.3377229604239E-003
-0.8049082292150E+000  0.4231089610974E+000
-0.1891024859487E+000  0.3705726363493E+000
! 6 Hopping Probabilities (diag)
 0.4203002919379E-004
 0.0000000000000E+000
 0.1427494151977E+000
! 7 Ekin (a.u.)
 0.9081660443124E-001
! 8 states (diag, MCH)
           2            2
! 9 Random number
 0.2526281596020E+000
! 10 Runtime (sec)
           2
! 11 Geometry in a.u.
-0.1898861767226E-001 -0.1027316369270E+000  0.1193869869883E-001
 0.2541060745340E+001  0.8193195013897E-001 -0.1959929738140E-001
-0.1098181975386E+001 -0.1885691667809E+001  0.1091185054484E+001
 0.3836411113213E+001  0.2177274169315E+001  0.1113138890297E+001
 0.3864842120857E+001 -0.1379153051936E+001 -0.1028793710589E+001
-0.1317844419732E+001  0.1335532373440E+001 -0.1084223734417E+001
! 12 Velocities in a.u.
 0.4613935253635E-005 -0.7772193347784E-004  0.2179340016522E-003
 0.3354764183878E-004  0.6841948350363E-004 -0.2659193493977E-003
-0.1743672686524E-002  0.1998978950494E-002  0.3979974872772E-002
 0.1346413949337E-002 -0.1851329631859E-002  0.4810502363475E-002
 0.9916100650246E-003  0.2064648048209E-002 -0.3241693658905E-002
-0.1049072288761E-002 -0.2101452479826E-002 -0.4977005787885E-002
! 0 Step
          20
! 1 Hamiltonian (MCH) in a.u.
-0.7786056518555E+002  0.0000000000000E+000     0.0000000000000E+000  0.0000000000000E+000     0.0000000000000E+000  0.0000000000000E+000
 0.0000000000000E+000  0.0000000000000E+000    -0.7775527191162E+002  0.0000000000000E+000     0.0000000000000E+000  0.0000000000000E+000
 0.0000000000000E+000  0.0000000000000E+000     0.0000000000000E+000  0.0000000000000E+000    -0.7773668670654E+002  0.0000000000000E+000
! 2 U matrix
 0.1000000000000E+001  0.0000000000000E+000     0.0000000000000E+000  0.0000000000000E+000     0.0000000000000E+000  0.0000000000000E+000
 0.0000000000000E+000  0.0000000000000E+000     0.1000000000000E+001  0.0000000000000E+000     0.0000000000000E+000  0.0000000000000E+000
 0.0000000000000E+000  0.0000000000000E+000     0.0000000000000E+000  0.0000000000000E+000     0.1000000000000E+001  0.0000000000000E+000
! 3 Dipole moments X (MCH) in a.u.
-0.1230000000000E+003  0.0000000000000E+000    -0.1230000000000E+003  0.0000000000000E+000    -0.1230000000000E+003  0.0000000000000E+000
-0.1230000000000E+003  0.0000000000000E+000    -0.1230000000000E+003  0.0000000000000E+000    -0.1230000000000E+003  0.0000000000000E+000
-0.1230000000000E+003  0.0000000000000E+000    -0.1230000000000E+003  0.0000000000000E+000    -0.1230000000000E+003  0.0000000000000E+000
! 3 Dipole moments Y (MCH) in a.u.
-0.1230000000000E+003  0.0000000000000E+000    -0.1230000000000E+003  0.0000000000000E+000    -0.1230000000000E+003  0.0000000000000E+000
-0.1230000000000E+003  0.0000000000000E+000    -0.1230000000000E+003  0.0000000000000E+000    -0.1230000000000E+003  0.0000000000000E+000
-0.1230000000000E+003  0.0000000000000E+000    -0.1230000000000E+003  0.0000000000000E+000    -0.1230000000000E+003  0.0000000000000E+000
! 3 Dipole moments Z (MCH) in a.u.
-0.1230000000000E+003  0.0000000000000E+000    -0.1230000000000E+003  0.0000000000000E+000    -0.1230000000000E+003  0.0000000000000E+000
-0.1230000000000E+003  0.0000000000000E+000    -0.1230000000000E+003  0.0000000000000E+000    -0.1230000000000E+003  0.0000000000000E+000
-0.1230000000000E+003  0.0000000000000E+000    -0.1230000000000E+003  0.0000000000000E+000    -0.1230000000000E+003  0.0000000000000E+000
! 5 Coefficients (diag)
 0.1487283000066E-001 -0.3910943279623E-001
 0.1337545078888E+000  0.8552230804486E+000
 0.4171973870294E+000  0.2736764617892E+000
! 6 Hopping Probabilities (diag)
 0.7077153249817E-002
 0.0000000000000E+000
 0.1539056016729E+000
! 7 Ekin (a.u.)
 0.9796172844212E-001
! 8 states (diag, MCH)
           2            2
! 9 Random number
 0.7379043323277E+000
! 10 Runtime (sec)
           3
! 11 Geometry in a.u.
-0.1868351084485E-001 -0.1044860911135E+000  0.1645999698897E-001
 0.2541809924878E+001  0.8377177627282E-001 -0.2510346381392E-001
-0.1134557504430E+001 -0.1839805572892E+001  0.1174441222478E+001
 0.3861987696143E+001  0.2131435335094E+001  0.1212305371872E+001
 0.3884600888040E+001 -0.1333100512073E+001 -0.1095996865669E+001
-0.1339366774117E+001  0.1288415306777E+001 -0.1187731691997E+001
! 12 Velocities in a.u.
 0.2736215224386E-004 -0.9098286256738E-004  0.2167272746431E-003
 0.3906729986827E-004  0.1091748431619E-003 -0.2639273922139E-003
-0.1772756093229E-002  0.2442606519135E-002  0.4051005187614E-002
 0.1101013485470E-002 -0.2582954371880E-002  0.4744200702255E-002
 0.8972373037924E-003  0.2390241577651E-002 -0.3241248640460E-002
-0.1017046443010E-002 -0.2466663494513E-002 -0.4991536003930E-002
! 0 Step
          21
! 1 Hamiltonian (MCH) in a.u.
-0.7785224914551E+002  0.0000000000000E+000     0.0000000000000E+000  0.0000000000000E+000     0.0000000000000E+000  0.0000000000000E+000
 0.0000000000000E+000  0.0000000000000E+000    -0.7776116180420E+002  0.0000000000000E+000     0.0000000000000E+000  0.0000000000000E+000
 0.0000000000000E+000  0.0000000000000E+000     0.0000000000000E+000  0.0000000000000E+000    -0.7773908996582E+002  0.0000000000000E+000
! 2 U matrix
 0.1000000000000E+001  0.0000000000000E+000     0.0000000000000E+000  0.0000000000000E+000     0.0000000000000E+000  0.0000000000000E+000
 0.0000000000000E+000  0.0000000000000E+000     0.1000000000000E+001  0.0000000000000E+000     0.0000000000000E+000  0.0000000000000E+000
 0.0000000000000E+000  0.0000000000000E+000     0.0000000000000E+000  0.0000000000000E+000     0.1000000000000E+001  0.0000000000000E+000
! 3 Dipole moments X (MCH) in a.u.
-0.1230000000000E+003  0.0000000000000E+000    -0.1230000000000E+003  0.0000000000000E+000    -0.1230000000000E+003  0.0000000000000E+000
-0.1230000000000E+003  0.0000000000000E+000    -0.1230000000000E+003  0.0000000000000E+000    -0.1230000000000E+003  0.0000000000000E+000
-0.1230000000000E+003  0.0000000000000E+000    -0.1230000000000E+003  0.0000000000000E+000    -0.1230000000000E+003  0.0000000000000E+000
! 3 Dipole moments Y (MCH) in a.u.
-0.1230000000000E+003  0.0000000000000E+000    -0.1230000000000E+003  0.0000000000000E+000    -0.1230000000000E+003  0.0000000000000E+000
-0.1230000000000E+003  0.0000000000000E+000    -0.1230000000000E+003  0.0000000000000E+000    -0.1230000000000E+003  0.0000000000000E+000
-0.1230000000000E+003  0.0000000000000E+000    -0.1230000000000E+003  0.0000000000000E+000    -0.1230000000000E+003  0.0000000000000E+000
! 3 Dipole moments Z (MCH) in a.u.
-0.1230000000000E+003  0.0000000000000E+000    -0.1230000000000E+003  0.0000000000000E+000    -0.1230000000000E+003  0.0000000000000E+000
-0.1230000000000E+003  0.0000000000000E+000    -0.1230000000000E+003  0.0000000000000E+000    -0.1230000000000E+003  0.0000000000000E+000
-0.1230000000000E+003  0.0000000000000E+000    -0.1230000000000E+003  0.0000000000000E+000    -0.1230000000000E+003  0.0000000000000E+000
! 5 Coefficients (diag)
-0.4090912831790E-001 -0.7595826783895E-001
 0.6851138531535E+000  0.2292097340063E+000
 0.4662902854716E+000 -0.5032018089156E+000
! 6 Hopping Probabilities (diag)
 0.3384677583483E-001
 0.0000000000000E+000
 0.1109100722179E+000
! 7 Ekin (a.u.)
 0.8177978264133E-001
! 8 states (diag, MCH)
           3            3
! 9 Random number
 0.6540338140905E-001
! 10 Runtime (sec)
           2
! 11 Geometry in a.u.
-0.1785742872110E-001 -0.1064929934155E+000  0.2089850187177E-001
 0.2542675841169E+001  0.8644538808894E-001 -0.3051041823630E-001
-0.1171470146868E+001 -0.1784710959791E+001  0.1258659172328E+001
 0.3881928522762E+001  0.2070491288320E+001  0.1309270662706E+001
 0.3901935143203E+001 -0.1280337182513E+001 -0.1162791380706E+001
-0.1359890516432E+001  0.1233557117021E+001 -0.1290580687871E+001
! 12 Velocities in a.u.
 0.4856715156869E-004 -0.9066982146601E-004  0.1863858138259E-003
 0.4025587549197E-004  0.1320907634615E-003 -0.2262410429948E-003
-0.1594822241892E-002  0.2536113061740E-002  0.3605457146024E-002
 0.7109182101588E-003 -0.2917019525706E-002  0.4063285931406E-002
 0.6860513826817E-003  0.2382009530301E-002 -0.2837730102531E-002
-0.8605336547247E-003 -0.2494661529424E-002 -0.4356111020102E-002
! 0 Step
          22
! 1 Hamiltonian (MCH) in a.u.
-0.7784952545166E+002  0.0000000000000E+000     0.0000000000000E+000  0.0000000000000E+000     0.0000000000000E+000  0.0000000000000E+000
 0.0000000000000E+000  0.0000000000000E+000    -0.7776472473145E+002  0.0000000000000E+000     0.0000000000000E+000  0.0000000000000E+000
 0.0000000000000E+000  0.0000000000000E+000     0.0000000000000E+000  0.0000000000000E+000    -0.7773902893066E+002  0.0000000000000E+000
! 2 U matrix
 0.1000000000000E+001  0.0000000000000E+000     0.0000000000000E+000  0.0000000000000E+000     0.0000000000000E+000  0.0000000000000E+000
 0.0000000000000E+000  0.0000000000000E+000     0.1000000000000E+001  0.0000000000000E+000     0.0000000000000E+000  0.0000000000000E+000
 0.0000000000000E+000  0.0000000000000E+000     0.0000000000000E+000  0.0000000000000E+000     0.1000000000000E+001  0.0000000000000E+000
! 3 Dipole moments X (MCH) in a.u.
-0.1230000000000E+003  0.0000000000000E+000    -0.1230000000000E+003  0.0000000000000E+000    -0.1230000000000E+003  0.0000000000000E+000
-0.1230000000000E+003  0.0000000000000E+000    -0.1230000000000E+003  0.0000000000000E+000    -0.1230000000000E+003  0.0000000000000E+000
-0.1230000000000E+003  0.0000000000000E+000    -0.1230000000000E+003  0.0000000000000E+000    -0.1230000000000E+003  0.0000000000000E+000
! 3 Dipole moments Y (MCH) in a.u.
-0.1230000000000E+003  0.0000000000000E+000    -0.1230000000000E+003  0.0000000000000E+000    -0.1230000000000E+003  0.0000000000000E+000
-0.1230000000000E+003  0.0000000000000E+000    -0.1230000000000E+003  0.0000000000000E+000    -0.1230000000000E+003  0.0000000000000E+000
-0.1230000000000E+003  0.0000000000000E+000    -0.1230000000000E+003  0.0000000000000E+000    -0.1230000000000E+003  0.0000000000000E+000
! 3 Dipole moments Z (MCH) in a.u.
-0.1230000000000E+003  0.0000000000000E+000    -0.1230000000000E+003  0.0000000000000E+000    -0.1230000000000E+003  0.0000000000000E+000
-0.1230000000000E+003  0.0000000000000E+000    -0.1230000000000E+003  0.0000000000000E+000    -0.1230000000000E+003  0.0000000000000E+000
-0.1230000000000E+003  0.0000000000000E+000    -0.1230000000000E+003  0.0000000000000E+000    -0.1230000000000E+003  0.0000000000000E+000
! 5 Coefficients (diag)
-0.7256456616170E-001 -0.1836221637142E-001
 0.4721525906657E+000 -0.3929016123799E+000
-0.5434404834214E+000 -0.5672476600599E+000
! 6 Hopping Probabilities (diag)
 0.0000000000000E+000
 0.0000000000000E+000
 0.0000000000000E+000
! 7 Ekin (a.u.)
 0.8188708380042E-001
! 8 states (diag, MCH)
           3            3
! 9 Random number
 0.4650783185045E+000
! 10 Runtime (sec)
           3
! 11 Geometry in a.u.
-0.1718379115784E-001 -0.1084823970570E+000  0.2468730632741E-001
 0.2543570201833E+001  0.8931635507336E-001 -0.3511663212123E-001
-0.1202422196758E+001 -0.1727231151891E+001  0.1330611553257E+001
 0.3895928330674E+001  0.2004311101384E+001  0.1390076748435E+001
 0.3915757350671E+001 -0.1226565387309E+001 -0.1218791533872E+001
-0.1375444238805E+001  0.1177981279638E+001 -0.1377599016864E+001
! 12 Velocities in a.u.
 0.1682751237609E-004 -0.9998712263811E-004  0.1805456240272E-003
 0.4652480588249E-004  0.1468094054638E-003 -0.2159880733822E-003
-0.1395980151297E-002  0.2970936460730E-002  0.3341164687380E-002
 0.6212654459782E-003 -0.3473073593117E-002  0.3704792226873E-002
 0.6728129253689E-003  0.2778487564410E-002 -0.2570179776960E-002
-0.6529838661283E-003 -0.2834269504388E-002 -0.4053456485860E-002
! 0 Step
          23
! 1 Hamiltonian (MCH) in a.u.
-0.7784943389893E+002  0.0000000000000E+000     0.0000000000000E+000  0.0000000000000E+000     0.0000000000000E+000  0.0000000000000E+000
 0.0000000000000E+000  0.0000000000000E+000    -0.7776695251465E+002  0.0000000000000E+000     0.0000000000000E+000  0.0000000000000E+000
 0.0000000000000E+000  0.0000000000000E+000     0.0000000000000E+000  0.0000000000000E+000    -0.7773926544189E+002  0.0000000000000E+000
! 2 U matrix
 0.1000000000000E+001  0.0000000000000E+000     0.0000000000000E+000  0.0000000000000E+000     0.0000000000000E+000  0.0000000000000E+000
 0.0000000000000E+000  0.0000000000000E+000     0.1000000000000E+001  0.0000000000000E+000     0.0000000000000E+000  0.0000000000000E+000
 0.0000000000000E+000  0.0000000000000E+000     0.0000000000000E+000  0.0000000000000E+000     0.1000000000000E+001  0.0000000000000E+000
! 3 Dipole moments X (MCH) in a.u.
-0.1230000000000E+003  0.0000000000000E+000    -0.1230000000000E+003  0.0000000000000E+000    -0.1230000000000E+003  0.0000000000000E+000
-0.1230000000000E+003  0.0000000000000E+000    -0.1230000000000E+003  0.0000000000000E+000    -0.1230000000000E+003  0.0000000000000E+000
-0.1230000000000E+003  0.0000000000000E+000    -0.1230000000000E+003  0.0000000000000E+000    -0.1230000000000E+003  0.0000000000000E+000
! 3 Dipole moments Y (MCH) in a.u.
-0.1230000000000E+003  0.0000000000000E+000    -0.1230000000000E+003  0.0000000000000E+000    -0.1230000000000E+003  0.0000000000000E+000
-0.1230000000000E+003  0.0000000000000E+000    -0.1230000000000E+003  0.0000000000000E+000    -0.1230000000000E+003  0.0000000000000E+000
-0.1230000000000E+003  0.0000000000000E+000    -0.1230000000000E+003  0.0000000000000E+000    -0.1230000000000E+003  0.0000000000000E+000
! 3 Dipole moments Z (MCH) in a.u.
-0.1230000000000E+003  0.0000000000000E+000    -0.1230000000000E+003  0.0000000000000E+000    -0.1230000000000E+003  0.0000000000000E+000
-0.1230000000000E+003  0.0000000000000E+000    -0.1230000000000E+003  0.0000000000000E+000    -0.1230000000000E+003  0.0000000000000E+000
-0.1230000000000E+003  0.0000000000000E+000    -0.1230000000000E+003  0.0000000000000E+000    -0.1230000000000E+003  0.0000000000000E+000
! 5 Coefficients (diag)
-0.3201537521471E-001 -0.5917791381983E-002
-0.8148712446084E-001 -0.5316074195004E+000
-0.6059342715542E+000  0.5852666521599E+000
! 6 Hopping Probabilities (diag)
 0.0000000000000E+000
 0.0000000000000E+000
 0.0000000000000E+000
! 7 Ekin (a.u.)
 0.8221194278244E-001
! 8 states (diag, MCH)
           3            3
! 9 Random number
 0.8327393262881E+000
! 10 Runtime (sec)
           2
! 11 Geometry in a.u.
-0.1716175624965E-001 -0.1106265983812E+000  0.2836250591871E-001
 0.2544599240538E+001  0.9251469052934E-001 -0.3943966181394E-001
-0.1229181883472E+001 -0.1661888366413E+001  0.1396787509043E+001
 0.3907612489505E+001  0.1926909656286E+001  0.1462431861286E+001
 0.3929750153536E+001 -0.1165470690806E+001 -0.1269046142404E+001
-0.1386885766223E+001  0.1116384523307E+001 -0.1458156145751E+001
! 12 Velocities in a.u.
-0.1454063551796E-004 -0.1067552614417E-003  0.1751334369042E-003
 0.5350552371601E-004  0.1633328487826E-003 -0.2003748824854E-003
-0.1192934786263E-002  0.3330637401947E-002  0.3056443518508E-002
 0.4968439106519E-003 -0.4009679466032E-002  0.3272276583154E-002
 0.6881109589212E-003  0.3114167556975E-002 -0.2291552571825E-002
-0.4563130686783E-003 -0.3109285654517E-002 -0.3736398759287E-002
! 0 Step
          24
! 1 Hamiltonian (MCH) in a.u.
-0.7785102081299E+002  0.0000000000000E+000     0.0000000000000E+000  0.0000000000000E+000     0.0000000000000E+000  0.0000000000000E+000
 0.0000000000000E+000  0.0000000000000E+000    -0.7776786804199E+002  0.0000000000000E+000     0.0000000000000E+000  0.0000000000000E+000
 0.0000000000000E+000  0.0000000000000E+000     0.0000000000000E+000  0.0000000000000E+000    -0.7774073791504E+002  0.0000000000000E+000
! 2 U matrix
 0.1000000000000E+001  0.0000000000000E+000     0.0000000000000E+000  0.0000000000000E+000     0.0000000000000E+000  0.0000000000000E+000
 0.0000000000000E+000  0.0000000000000E+000     0.1000000000000E+001  0.0000000000000E+000     0.0000000000000E+000  0.0000000000000E+000
 0.0000000000000E+000  0.0000000000000E+000     0.0000000000000E+000  0.0000000000000E+000     0.1000000000000E+001  0.0000000000000E+000
! 3 Dipole moments X (MCH) in a.u.
-0.1230000000000E+003  0.0000000000000E+000    -0.1230000000000E+003  0.0000000000000E+000    -0.1230000000000E+003  0.0000000000000E+000
-0.1230000000000E+003  0.0000000000000E+000    -0.1230000000000E+003  0.0000000000000E+000    -0.1230000000000E+003  0.0000000000000E+000
-0.1230000000000E+003  0.0000000000000E+000    -0.1230000000000E+003  0.0000000000000E+000    -0.1230000000000E+003  0.0000000000000E+000
! 3 Dipole moments Y (MCH) in a.u.
-0.1230000000000E+003  0.0000000000000E+000    -0.1230000000000E+003  0.0000000000000E+000    -0.1230000000000E+003  0.0000000000000E+000
-0.1230000000000E+003  0.0000000000000E+000    -0.1230000000000E+003  0.0000000000000E+000    -0.1230000000000E+003  0.0000000000000E+000
-0.1230000000000E+003  0.0000000000000E+000    -0.1230000000000E+003  0.0000000000000E+000    -0.1230000000000E+003  0.0000000000000E+000
! 3 Dipole moments Z (MCH) in a.u.
-0.1230000000000E+003  0.0000000000000E+000    -0.1230000000000E+003  0.0000000000000E+000    -0.1230000000000E+003  0.0000000000000E+000
-0.1230000000000E+003  0.0000000000000E+000    -0.1230000000000E+003  0.0000000000000E+000    -0.1230000000000E+003  0.0000000000000E+000
-0.1230000000000E+003  0.0000000000000E+000    -0.1230000000000E+003  0.0000000000000E+000    -0.1230000000000E+003  0.0000000000000E+000
! 5 Coefficients (diag)
-0.5596123202557E-002 -0.4232430966083E-002
-0.4311961903314E+000 -0.1970500895380E+000
 0.6019932188203E+000  0.6424920560476E+000
! 6 Hopping Probabilities (diag)
 0.0000000000000E+000
 0.0000000000000E+000
 0.0000000000000E+000
! 7 Ekin (a.u.)
 0.8364669959293E-001
! 8 states (diag, MCH)
           3            3
! 9 Random number
 0.3280000409331E+000
! 10 Runtime (sec)
           3
! 11 Geometry in a.u.
-0.1778492099932E-001 -0.1128958061758E+000  0.3192756312594E-001
 0.2545782193665E+001  0.9606875935278E-001 -0.4340040494505E-001
-0.1251739759121E+001 -0.1589538027613E+001  0.1456969125834E+001
 0.3916468540274E+001  0.1838545445624E+001  0.1525357156315E+001
 0.3944204802720E+001 -0.1097821423708E+001 -0.1313527464261E+001
-0.1394308847735E+001  0.1049439140589E+001 -0.1532066872901E+001
! 12 Velocities in a.u.
-0.4551083879161E-004 -0.1128229196059E-003  0.1687934746492E-003
 0.6098071626347E-004  0.1796492350244E-003 -0.1824857132271E-003
-0.9874862629540E-003  0.3669556392474E-002  0.2753203574844E-002
 0.3606360027170E-003 -0.4524217197364E-002  0.2807359016114E-002
 0.6981167818671E-003  0.3428794068032E-002 -0.2002967099387E-002
-0.2556006035682E-003 -0.3370413962450E-002 -0.3394443321454E-002
! 0 Step
          25
! 1 Hamiltonian (MCH) in a.u.
-0.7785464477539E+002  0.0000000000000E+000     0.0000000000000E+000  0.0000000000000E+000     0.0000000000000E+000  0.0000000000000E+000
 0.0000000000000E+000  0.0000000000000E+000    -0.7776726531982E+002  0.0000000000000E+000     0.0000000000000E+000  0.0000000000000E+000
 0.0000000000000E+000  0.0000000000000E+000     0.0000000000000E+000  0.0000000000000E+000    -0.7774306488037E+002  0.0000000000000E+000
! 2 U matrix
 0.1000000000000E+001  0.0000000000000E+000     0.0000000000000E+000  0.0000000000000E+000     0.0000000000000E+000  0.0000000000000E+000
 0.0000000000000E+000  0.0000000000000E+000     0.1000000000000E+001  0.0000000000000E+000     0.0000000000000E+000  0.0000000000000E+000
 0.0000000000000E+000  0.0000000000000E+000     0.0000000000000E+000  0.0000000000000E+000     0.1000000000000E+001  0.0000000000000E+000
! 3 Dipole moments X (MCH) in a.u.
-0.1230000000000E+003  0.0000000000000E+000    -0.1230000000000E+003  0.0000000000000E+000    -0.1230000000000E+003  0.0000000000000E+000
-0.1230000000000E+003  0.0000000000000E+000    -0.1230000000000E+003  0.0000000000000E+000    -0.1230000000000E+003  0.0000000000000E+000
-0.1230000000000E+003  0.0000000000000E+000    -0.1230000000000E+003  0.0000000000000E+000    -0.1230000000000E+003  0.0000000000000E+000
! 3 Dipole moments Y (MCH) in a.u.
-0.1230000000000E+003  0.0000000000000E+000    -0.1230000000000E+003  0.0000000000000E+000    -0.1230000000000E+003  0.0000000000000E+000
-0.1230000000000E+003  0.0000000000000E+000    -0.1230000000000E+003  0.0000000000000E+000    -0.1230000000000E+003  0.0000000000000E+000
-0.1230000000000E+003  0.0000000000000E+000    -0.1230000000000E+003  0.0000000000000E+000    -0.1230000000000E+003  0.0000000000000E+000
! 3 Dipole moments Z (MCH) in a.u.
-0.1230000000000E+003  0.0000000000000E+000    -0.1230000000000E+003  0.0000000000000E+000    -0.1230000000000E+003  0.0000000000000E+000
-0.1230000000000E+003  0.0000000000000E+000    -0.1230000000000E+003  0.0000000000000E+000    -0.1230000000000E+003  0.0000000000000E+000
-0.1230000000000E+003  0.0000000000000E+000    -0.1230000000000E+003  0.0000000000000E+000    -0.1230000000000E+003  0.0000000000000E+000
! 5 Coefficients (diag)
 0.6289363694110E-002  0.1260747689337E-002
-0.3578522882931E+000  0.2233923957926E+000
 0.6946004993903E+000 -0.5826890919965E+000
! 6 Hopping Probabilities (diag)
 0.0000000000000E+000
 0.0000000000000E+000
 0.0000000000000E+000
! 7 Ekin (a.u.)
 0.8583517855526E-001
! 8 states (diag, MCH)
           3            3
! 9 Random number
 0.1509362660953E+000
! 10 Runtime (sec)
           2
! 11 Geometry in a.u.
-0.1904323682693E-001 -0.1152908528213E+000  0.3534065997073E-001
 0.2547120267096E+001  0.9994163662386E-001 -0.4698387181280E-001
-0.1270005921732E+001 -0.1510183865617E+001  0.1510608725899E+001
 0.3922521677131E+001  0.1739872304080E+001  0.1578491938457E+001
 0.3958611260047E+001 -0.1023719635150E+001 -0.1351851553038E+001
-0.1397452646200E+001  0.9770469813915E+000 -0.1598487094368E+001
! 12 Velocities in a.u.
-0.7617772482654E-004 -0.1194074018745E-003  0.1591846323454E-003
 0.6865543065668E-004  0.1925634247752E-003 -0.1646081879675E-003
-0.7709949101328E-003  0.4009317697435E-002  0.2402829277731E-002
 0.2328118615560E-003 -0.4983864612828E-002  0.2325708730394E-002
 0.6655789184665E-003  0.3735270547577E-002 -0.1678611011644E-002
-0.3776274411775E-004 -0.3632427047849E-002 -0.2985301790673E-002
! 0 Step
          26
! 1 Hamiltonian (MCH) in a.u.
-0.7786168670654E+002  0.0000000000000E+000     0.0000000000000E+000  0.0000000000000E+000     0.0000000000000E+000  0.0000000000000E+000
 0.0000000000000E+000  0.0000000000000E+000    -0.7776490020752E+002  0.0000000000000E+000     0.0000000000000E+000  0.0000000000000E+000
 0.0000000000000E+000  0.0000000000000E+000     0.0000000000000E+000  0.0000000000000E+000    -0.7774475860596E+002  0.0000000000000E+000
! 2 U matrix
 0.1000000000000E+001  0.0000000000000E+000     0.0000000000000E+000  0.0000000000000E+000     0.0000000000000E+000  0.0000000000000E+000
 0.0000000000000E+000  0.0000000000000E+000     0.1000000000000E+001  0.0000000000000E+000     0.0000000000000E+000  0.0000000000000E+000
 0.0000000000000E+000  0.0000000000000E+000     0.0000000000000E+000  0.0000000000000E+000     0.1000000000000E+001  0.0000000000000E+000
! 3 Dipole moments X (MCH) in a.u.
-0.1230000000000E+003  0.0000000000000E+000    -0.1230000000000E+003  0.0000000000000E+000    -0.1230000000000E+003  0.0000000000000E+000
-0.1230000000000E+003  0.0000000000000E+000    -0.1230000000000E+003  0.0000000000000E+000    -0.1230000000000E+003  0.0000000000000E+000
-0.1230000000000E+003  0.0000000000000E+000    -0.1230000000000E+003  0.0000000000000E+000    -0.1230000000000E+003  0.0000000000000E+000
! 3 Dipole moments Y (MCH) in a.u.
-0.1230000000000E+003  0.0000000000000E+000    -0.1230000000000E+003  0.0000000000000E+000    -0.1230000000000E+003  0.0000000000000E+000
-0.1230000000000E+003  0.0000000000000E+000    -0.1230000000000E+003  0.0000000000000E+000    -0.1230000000000E+003  0.0000000000000E+000
-0.1230000000000E+003  0.0000000000000E+000    -0.1230000000000E+003  0.0000000000000E+000    -0.1230000000000E+003  0.0000000000000E+000
! 3 Dipole moments Z (MCH) in a.u.
-0.1230000000000E+003  0.0000000000000E+000    -0.1230000000000E+003  0.0000000000000E+000    -0.1230000000000E+003  0.0000000000000E+000
-0.1230000000000E+003  0.0000000000000E+000    -0.1230000000000E+003  0.0000000000000E+000    -0.1230000000000E+003  0.0000000000000E+000
-0.1230000000000E+003  0.0000000000000E+000    -0.1230000000000E+003  0.0000000000000E+000    -0.1230000000000E+003  0.0000000000000E+000
! 5 Coefficients (diag)
 0.4519738504137E-002  0.2231223831354E-001
 0.1008152488310E-001  0.3988724385890E+000
-0.5220141995312E+000 -0.7535131399406E+000
! 6 Hopping Probabilities (diag)
 0.3958083657362E-002
 0.1660961836250E-001
 0.0000000000000E+000
! 7 Ekin (a.u.)
 0.8736430864687E-001
! 8 states (diag, MCH)
           3            3
! 9 Random number
 0.7736737541613E+000
! 10 Runtime (sec)
           3
! 11 Geometry in a.u.
-0.2093421276120E-001 -0.1178322721556E+000  0.3850847444095E-001
 0.2548620503455E+001  0.1040295957871E+000 -0.5020553349785E-001
-0.1283613747541E+001 -0.1423787327864E+001  0.1556305388065E+001
 0.3926093302359E+001  0.1632505638014E+001  0.1621505149207E+001
 0.3971720749272E+001 -0.9434002094924E+000 -0.1382923548778E+001
-0.1395870011437E+001  0.8992696178907E+000 -0.1655483348747E+001
! 12 Velocities in a.u.
-0.1073872776439E-003 -0.1271312717819E-003  0.1442628134265E-003
 0.7805661732943E-004  0.2002267369655E-003 -0.1466493973926E-003
-0.5313885285892E-003  0.4329506226624E-002  0.1964319379300E-002
 0.1157385209589E-003 -0.5336292484204E-002  0.1816171180884E-002
 0.5673529592231E-003  0.4001155961877E-002 -0.1291333887899E-002
 0.1977915347349E-003 -0.3865351510337E-002 -0.2460719063940E-002
! 0 Step
          27
! 1 Hamiltonian (MCH) in a.u.
-0.7787310028076E+002  0.0000000000000E+000     0.0000000000000E+000  0.0000000000000E+000     0.0000000000000E+000  0.0000000000000E+000
 0.0000000000000E+000  0.0000000000000E+000    -0.7776068115234E+002  0.0000000000000E+000     0.0000000000000E+000  0.0000000000000E+000
 0.0000000000000E+000  0.0000000000000E+000     0.0000000000000E+000  0.0000000000000E+000    -0.7774425506592E+002  0.0000000000000E+000
! 2 U matrix
 0.1000000000000E+001  0.0000000000000E+000     0.0000000000000E+000  0.0000000000000E+000     0.0000000000000E+000  0.0000000000000E+000
 0.0000000000000E+000  0.0000000000000E+000     0.1000000000000E+001  0.0000000000000E+000     0.0000000000000E+000  0.0000000000000E+000
 0.0000000000000E+000  0.0000000000000E+000     0.0000000000000E+000  0.0000000000000E+000     0.1000000000000E+001  0.0000000000000E+000
! 3 Dipole moments X (MCH) in a.u.
-0.1230000000000E+003  0.0000000000000E+000    -0.1230000000000E+003  0.0000000000000E+000    -0.1230000000000E+003  0.0000000000000E+000
-0.1230000000000E+003  0.0000000000000E+000    -0.1230000000000E+003  0.0000000000000E+000    -0.1230000000000E+003  0.0000000000000E+000
-0.1230000000000E+003  0.0000000000000E+000    -0.1230000000000E+003  0.0000000000000E+000    -0.1230000000000E+003  0.0000000000000E+000
! 3 Dipole moments Y (MCH) in a.u.
-0.1230000000000E+003  0.0000000000000E+000    -0.1230000000000E+003  0.0000000000000E+000    -0.1230000000000E+003  0.0000000000000E+000
-0.1230000000000E+003  0.0000000000000E+000    -0.1230000000000E+003  0.0000000000000E+000    -0.1230000000000E+003  0.0000000000000E+000
-0.1230000000000E+003  0.0000000000000E+000    -0.1230000000000E+003  0.0000000000000E+000    -0.1230000000000E+003  0.0000000000000E+000
! 3 Dipole moments Z (MCH) in a.u.
-0.1230000000000E+003  0.0000000000000E+000    -0.1230000000000E+003  0.0000000000000E+000    -0.1230000000000E+003  0.0000000000000E+000
-0.1230000000000E+003  0.0000000000000E+000    -0.1230000000000E+003  0.0000000000000E+000    -0.1230000000000E+003  0.0000000000000E+000
-0.1230000000000E+003  0.0000000000000E+000    -0.1230000000000E+003  0.0000000000000E+000    -0.1230000000000E+003  0.0000000000000E+000
! 5 Coefficients (diag)
 0.2155360040216E-001  0.1631152258346E-001
 0.4154582616230E+000  0.1339791171523E+000
-0.7724118228111E+000  0.4605359720355E+000
! 6 Hopping Probabilities (diag)
 0.7684314286514E-002
 0.7076875416272E-001
 0.0000000000000E+000
! 7 Ekin (a.u.)
 0.8680485954299E-001
! 8 states (diag, MCH)
           3            3
! 9 Random number
 0.6384683047961E+000
! 10 Runtime (sec)
           2
! 11 Geometry in a.u.
-0.2348277436346E-001 -0.1205466341907E+000  0.4130468279898E-001
 0.2550347234854E+001  0.1082192849084E+000 -0.5304655929978E-001
-0.1291974253278E+001 -0.1331196132345E+001  0.1591816386708E+001
 0.3927306466535E+001  0.1519262644265E+001  0.1653574949287E+001
 0.3982066410547E+001 -0.8583063527577E+000 -0.1405237069398E+001
-0.1389275672520E+001  0.8172480415309E+000 -0.1700216599864E+001
! 12 Velocities in a.u.
-0.1402757872604E-003 -0.1355542961895E-003  0.1234650009301E-003
 0.9233848672845E-004  0.2045458345990E-003 -0.1252335912994E-003
-0.2715179247543E-003  0.4575439945712E-002  0.1425739734963E-002
-0.1132405153336E-004 -0.5539883991095E-002  0.1256529600148E-002
 0.4204808688145E-003  0.4156449481035E-002 -0.8532474044661E-003
 0.4335662588531E-003 -0.4014086180418E-002 -0.1807948122430E-002
! 0 Step
          28
! 1 Hamiltonian (MCH) in a.u.
-0.7788727569580E+002  0.0000000000000E+000     0.0000000000000E+000  0.0000000000000E+000     0.0000000000000E+000  0.0000000000000E+000
 0.0000000000000E+000  0.0000000000000E+000    -0.7775530242920E+002  0.0000000000000E+000     0.0000000000000E+000  0.0000000000000E+000
 0.0000000000000E+000  0.0000000000000E+000     0.0000000000000E+000  0.0000000000000E+000    -0.7774124908447E+002  0.0000000000000E+000
! 2 U matrix
 0.1000000000000E+001  0.0000000000000E+000     0.0000000000000E+000  0.0000000000000E+000     0.0000000000000E+000  0.0000000000000E+000
 0.0000000000000E+000  0.0000000000000E+000     0.1000000000000E+001  0.0000000000000E+000     0.0000000000000E+000  0.0000000000000E+000
 0.0000000000000E+000  0.0000000000000E+000     0.0000000000000E+000  0.0000000000000E+000     0.1000000000000E+001  0.0000000000000E+000
! 3 Dipole moments X (MCH) in a.u.
-0.1230000000000E+003  0.0000000000000E+000    -0.1230000000000E+003  0.0000000000000E+000    -0.1230000000000E+003  0.0000000000000E+000
-0.1230000000000E+003  0.0000000000000E+000    -0.1230000000000E+003  0.0000000000000E+000    -0.1230000000000E+003  0.0000000000000E+000
-0.1230000000000E+003  0.0000000000000E+000    -0.1230000000000E+003  0.0000000000000E+000    -0.1230000000000E+003  0.0000000000000E+000
! 3 Dipole moments Y (MCH) in a.u.
-0.1230000000000E+003  0.0000000000000E+000    -0.1230000000000E+003  0.0000000000000E+000    -0.1230000000000E+003  0.0000000000000E+000
-0.1230000000000E+003  0.0000000000000E+000    -0.1230000000000E+003  0.0000000000000E+000    -0.1230000000000E+003  0.0000000000000E+000
-0.1230000000000E+003  0.0000000000000E+000    -0.1230000000000E+003  0.0000000000000E+000    -0.1230000000000E+003  0.0000000000000E+000
! 3 Dipole moments Z (MCH) in a.u.
-0.1230000000000E+003  0.0000000000000E+000    -0.1230000000000E+003  0.0000000000000E+000    -0.1230000000000E+003  0.0000000000000E+000
-0.1230000000000E+003  0.0000000000000E+000    -0.1230000000000E+003  0.0000000000000E+000    -0.1230000000000E+003  0.0000000000000E+000
-0.1230000000000E+003  0.0000000000000E+000    -0.1230000000000E+003  0.0000000000000E+000    -0.1230000000000E+003  0.0000000000000E+000
! 5 Coefficients (diag)
 0.9208579025943E-002 -0.8972395129395E-002
 0.2107481542324E+000 -0.4561098437648E+000
 0.4546396403973E+000  0.7353138931680E+000
! 6 Hopping Probabilities (diag)
 0.2651260021175E-002
 0.1180399804532E+000
 0.0000000000000E+000
! 7 Ekin (a.u.)
 0.8393700823854E-001
! 8 states (diag, MCH)
           3            3
! 9 Random number
 0.9686820464072E+000
! 10 Runtime (sec)
           3
! 11 Geometry in a.u.
-0.2673340645222E-001 -0.1234362729216E+000  0.4361268713824E-001
 0.2552437903308E+001  0.1124858014994E+000 -0.5538286214986E-001
-0.1294838671435E+001 -0.1234632356896E+001  0.1615247426727E+001
 0.3925625150517E+001  0.1403479225704E+001  0.1673451808513E+001
 0.3989104005850E+001 -0.7715668797481E+000 -0.1418197968273E+001
-0.1377945786864E+001  0.7333217825064E+000 -0.1730226407047E+001
! 12 Velocities in a.u.
-0.1746646203357E-003 -0.1428860423767E-003  0.9780174234958E-004
 0.1130643109488E-003  0.2096726802303E-003 -0.9620730712103E-004
-0.1772529684796E-004  0.4695699522408E-002  0.8357593077528E-003
-0.1731024578196E-003 -0.5592207332585E-002  0.6489729978364E-003
 0.2792886778128E-003  0.4145675691449E-002 -0.4293113886506E-003
 0.6455481906123E-003 -0.4044975747171E-002 -0.1074419764568E-002
! 0 Step
          29
! 1 Hamiltonian (MCH) in a.u.
-0.7790112304688E+002  0.0000000000000E+000     0.0000000000000E+000  0.0000000000000E+000     0.0000000000000E+000  0.0000000000000E+000
 0.0000000000000E+000  0.0000000000000E+000    -0.7774953460693E+002  0.0000000000000E+000     0.0000000000000E+000  0.0000000000000E+000
 0.0000000000000E+000  0.0000000000000E+000     0.0000000000000E+000  0.0000000000000E+000    -0.7773659515381E+002  0.0000000000000E+000
! 2 U matrix
 0.1000000000000E+001  0.0000000000000E+000     0.0000000000000E+000  0.0000000000000E+000     0.0000000000000E+000  0.0000000000000E+000
 0.0000000000000E+000  0.0000000000000E+000     0.1000000000000E+001  0.0000000000000E+000     0.0000000000000E+000  0.0000000000000E+000
 0.0000000000000E+000  0.0000000000000E+000     0.0000000000000E+000  0.0000000000000E+000     0.1000000000000E+001  0.0000000000000E+000
! 3 Dipole moments X (MCH) in a.u.
-0.1230000000000E+003  0.0000000000000E+000    -0.1230000000000E+003  0.0000000000000E+000    -0.1230000000000E+003  0.0000000000000E+000
-0.1230000000000E+003  0.0000000000000E+000    -0.1230000000000E+003  0.0000000000000E+000    -0.1230000000000E+003  0.0000000000000E+000
-0.1230000000000E+003  0.0000000000000E+000    -0.1230000000000E+003  0.0000000000000E+000    -0.1230000000000E+003  0.0000000000000E+000
! 3 Dipole moments Y (MCH) in a.u.
-0.1230000000000E+003  0.0000000000000E+000    -0.1230000000000E+003  0.0000000000000E+000    -0.1230000000000E+003  0.0000000000000E+000
-0.1230000000000E+003  0.0000000000000E+000    -0.1230000000000E+003  0.0000000000000E+000    -0.1230000000000E+003  0.0000000000000E+000
-0.1230000000000E+003  0.0000000000000E+000    -0.1230000000000E+003  0.0000000000000E+000    -0.1230000000000E+003  0.0000000000000E+000
! 3 Dipole moments Z (MCH) in a.u.
-0.1230000000000E+003  0.0000000000000E+000    -0.1230000000000E+003  0.0000000000000E+000    -0.1230000000000E+003  0.0000000000000E+000
-0.1230000000000E+003  0.0000000000000E+000    -0.1230000000000E+003  0.0000000000000E+000    -0.1230000000000E+003  0.0000000000000E+000
-0.1230000000000E+003  0.0000000000000E+000    -0.1230000000000E+003  0.0000000000000E+000    -0.1230000000000E+003  0.0000000000000E+000
! 5 Coefficients (diag)
 0.5768493837886E-003 -0.4745471540834E-002
-0.4860230610072E+000 -0.2437310791348E+000
 0.6617040791812E+000 -0.5162379340697E+000
! 6 Hopping Probabilities (diag)
 0.4859971724244E-003
 0.1068451007521E+000
 0.0000000000000E+000
! 7 Ekin (a.u.)
 0.7924503493393E-001
! 8 states (diag, MCH)
           3            3
! 9 Random number
 0.6962607898980E+000
! 10 Runtime (sec)
           3
! 11 Geometry in a.u.
-0.3070364964121E-001 -0.1264537394129E+000  0.4534794114229E-001
 0.2555021468744E+001  0.1168874414600E+000 -0.5702390150105E-001
-0.1292707041393E+001 -0.1137069465319E+001  0.1626367824268E+001
 0.3920150173202E+001  0.1288073113161E+001  0.1680404384275E+001
 0.3993612588044E+001 -0.6869184262710E+000 -0.1422985391793E+001
-0.1362587823766E+001  0.6500231890354E+000 -0.1744634588469E+001
! 12 Velocities in a.u.
-0.2082520072668E-003 -0.1469238761821E-003  0.6820579908245E-004
 0.1386706473195E-003  0.2176156829284E-003 -0.5828859187374E-004
 0.1973042506344E-003  0.4666371291910E-002  0.2728168627335E-003
-0.3756821438856E-003 -0.5510847891696E-002  0.2873948837122E-004
 0.1877846935808E-003  0.3961282247382E-002 -0.8848259888944E-004
 0.8197018991812E-003 -0.3959146256246E-002 -0.3312439901717E-003
! 0 Step
          30
! 1 Hamiltonian (MCH) in a.u.
-0.7791246032715E+002  0.0000000000000E+000     0.0000000000000E+000  0.0000000000000E+000     0.0000000000000E+000  0.0000000000000E+000
 0.0000000000000E+000  0.0000000000000E+000    -0.7774380493164E+002  0.0000000000000E+000     0.0000000000000E+000  0.0000000000000E+000
 0.0000000000000E+000  0.0000000000000E+000     0.0000000000000E+000  0.0000000000000E+000    -0.7773014068604E+002  0.0000000000000E+000
! 2 U matrix
 0.1000000000000E+001  0.0000000000000E+000     0.0000000000000E+000  0.0000000000000E+000     0.0000000000000E+000  0.0000000000000E+000
 0.0000000000000E+000  0.0000000000000E+000     0.1000000000000E+001  0.0000000000000E+000     0.0000000000000E+000  0.0000000000000E+000
 0.0000000000000E+000  0.0000000000000E+000     0.0000000000000E+000  0.0000000000000E+000     0.1000000000000E+001  0.0000000000000E+000
! 3 Dipole moments X (MCH) in a.u.
-0.1230000000000E+003  0.0000000000000E+000    -0.1230000000000E+003  0.0000000000000E+000    -0.1230000000000E+003  0.0000000000000E+000
-0.1230000000000E+003  0.0000000000000E+000    -0.1230000000000E+003  0.0000000000000E+000    -0.1230000000000E+003  0.0000000000000E+000
-0.1230000000000E+003  0.0000000000000E+000    -0.1230000000000E+003  0.0000000000000E+000    -0.1230000000000E+003  0.0000000000000E+000
! 3 Dipole moments Y (MCH) in a.u.
-0.1230000000000E+003  0.0000000000000E+000    -0.1230000000000E+003  0.0000000000000E+000    -0.1230000000000E+003  0.0000000000000E+000
-0.1230000000000E+003  0.0000000000000E+000    -0.1230000000000E+003  0.0000000000000E+000    -0.1230000000000E+003  0.0000000000000E+000
-0.1230000000000E+003  0.0000000000000E+000    -0.1230000000000E+003  0.0000000000000E+000    -0.1230000000000E+003  0.0000000000000E+000
! 3 Dipole moments Z (MCH) in a.u.
-0.1230000000000E+003  0.0000000000000E+000    -0.1230000000000E+003  0.0000000000000E+000    -0.1230000000000E+003  0.0000000000000E+000
-0.1230000000000E+003  0.0000000000000E+000    -0.1230000000000E+003  0.0000000000000E+000    -0.1230000000000E+003  0.0000000000000E+000
-0.1230000000000E+003  0.0000000000000E+000    -0.1230000000000E+003  0.0000000000000E+000    -0.1230000000000E+003  0.0000000000000E+000
! 5 Coefficients (diag)
 0.1949016798486E-002  0.9325961710832E-003
-0.2043782137411E+000  0.5240252167043E+000
-0.6508613860809E+000 -0.5099038200610E+000
! 6 Hopping Probabilities (diag)
 0.0000000000000E+000
 0.8623691593605E-001
 0.0000000000000E+000
! 7 Ekin (a.u.)
 0.7284004790397E-001
! 8 states (diag, MCH)
           3            3
! 9 Random number
 0.9059210225478E+000
! 10 Runtime (sec)
           2
! 11 Geometry in a.u.
-0.3534283043244E-001 -0.1295103077387E+000  0.4643240854173E-001
 0.2558170738310E+001  0.1214823326910E+000 -0.5779259258770E-001
-0.1286681842749E+001 -0.1041718159196E+001  0.1626526050502E+001
 0.3910093934752E+001  0.1175653205620E+001  0.1674639938432E+001
 0.3996867282974E+001 -0.6078020314730E+000 -0.1421855960427E+001
-0.1344058184627E+001  0.5696452390384E+000 -0.1743920488510E+001
! 12 Velocities in a.u.
-0.2380370883562E-003 -0.1463432467154E-003  0.3480128526847E-004
 0.1668834386555E-003  0.2275173382091E-003 -0.1306025034371E-004
 0.3516953884489E-003  0.4478800139973E-002 -0.2041909867120E-003
-0.6095201639910E-003 -0.5302513621366E-002 -0.5663279116197E-003
 0.1555259224015E-003  0.3620048607758E-002  0.1406757708551E-003
 0.9501424462254E-003 -0.3763579251427E-002  0.3707840477995E-003
! 0 Step
          31
! 1 Hamiltonian (MCH) in a.u.
-0.7792121887207E+002  0.0000000000000E+000     0.0000000000000E+000  0.0000000000000E+000     0.0000000000000E+000  0.0000000000000E+000
 0.0000000000000E+000  0.0000000000000E+000    -0.7773773193359E+002  0.0000000000000E+000     0.0000000000000E+000  0.0000000000000E+000
 0.0000000000000E+000  0.0000000000000E+000     0.0000000000000E+000  0.0000000000000E+000    -0.7772216033936E+002  0.0000000000000E+000
! 2 U matrix
 0.1000000000000E+001  0.0000000000000E+000     0.0000000000000E+000  0.0000000000000E+000     0.0000000000000E+000  0.0000000000000E+000
 0.0000000000000E+000  0.0000000000000E+000     0.1000000000000E+001  0.0000000000000E+000     0.0000000000000E+000  0.0000000000000E+000
 0.0000000000000E+000  0.0000000000000E+000     0.0000000000000E+000  0.0000000000000E+000     0.1000000000000E+001  0.0000000000000E+000
! 3 Dipole moments X (MCH) in a.u.
-0.1230000000000E+003  0.0000000000000E+000    -0.1230000000000E+003  0.0000000000000E+000    -0.1230000000000E+003  0.0000000000000E+000
-0.1230000000000E+003  0.0000000000000E+000    -0.1230000000000E+003  0.0000000000000E+000    -0.1230000000000E+003  0.0000000000000E+000
-0.1230000000000E+003  0.0000000000000E+000    -0.1230000000000E+003  0.0000000000000E+000    -0.1230000000000E+003  0.0000000000000E+000
! 3 Dipole moments Y (MCH) in a.u.
-0.1230000000000E+003  0.0000000000000E+000    -0.1230000000000E+003  0.0000000000000E+000    -0.1230000000000E+003  0.0000000000000E+000
-0.1230000000000E+003  0.0000000000000E+000    -0.1230000000000E+003  0.0000000000000E+000    -0.1230000000000E+003  0.0000000000000E+000
-0.1230000000000E+003  0.0000000000000E+000    -0.1230000000000E+003  0.0000000000000E+000    -0.1230000000000E+003  0.0000000000000E+000
! 3 Dipole moments Z (MCH) in a.u.
-0.1230000000000E+003  0.0000000000000E+000    -0.1230000000000E+003  0.0000000000000E+000    -0.1230000000000E+003  0.0000000000000E+000
-0.1230000000000E+003  0.0000000000000E+000    -0.1230000000000E+003  0.0000000000000E+000    -0.1230000000000E+003  0.0000000000000E+000
-0.1230000000000E+003  0.0000000000000E+000    -0.1230000000000E+003  0.0000000000000E+000    -0.1230000000000E+003  0.0000000000000E+000
! 5 Coefficients (diag)
-0.7975945703145E-003  0.5369687042826E-003
 0.5420771372628E+000  0.1069097037684E+000
-0.2358379854429E+000  0.7994386859709E+000
! 6 Hopping Probabilities (diag)
 0.0000000000000E+000
 0.4407568747324E-001
 0.0000000000000E+000
! 7 Ekin (a.u.)
 0.6489380739601E-001
! 8 states (diag, MCH)
           3            3
! 9 Random number
 0.1178973446408E+000
! 10 Runtime (sec)
           3
! 11 Geometry in a.u.
-0.4054442977856E-001 -0.1325037702105E+000  0.4678667406911E-001
 0.2561920659285E+001  0.1262933206792E+000 -0.5756383018636E-001
-0.1278167471038E+001 -0.9519097166390E+000  0.1617926288455E+001
 0.3894951772547E+001  0.1068859917925E+001  0.1656991610650E+001
 0.4000042243266E+001 -0.5372606452861E+000 -0.1417169662231E+001
-0.1323307630175E+001  0.4944316541256E+000 -0.1729305866723E+001
! 12 Velocities in a.u.
-0.2623279193015E-003 -0.1413406772269E-003 -0.1367253373994E-005
 0.1965505982112E-003  0.2376137097572E-003  0.3620546810786E-004
 0.4372278607835E-003  0.4139952015459E-002 -0.5644625229605E-003
-0.8592431612880E-003 -0.4973191338990E-002 -0.1109365430481E-002
 0.1757947288446E-003  0.3150300648165E-002  0.2638101592672E-003
 0.1030001593432E-002 -0.3464219525798E-002  0.9948970209611E-003
! 0 Step
          32
! 1 Hamiltonian (MCH) in a.u.
-0.7792804718018E+002  0.0000000000000E+000     0.0000000000000E+000  0.0000000000000E+000     0.0000000000000E+000  0.0000000000000E+000
 0.0000000000000E+000  0.0000000000000E+000    -0.7773129272461E+002  0.0000000000000E+000     0.0000000000000E+000  0.0000000000000E+000
 0.0000000000000E+000  0.0000000000000E+000     0.0000000000000E+000  0.0000000000000E+000    -0.7771308898926E+002  0.0000000000000E+000
! 2 U matrix
 0.1000000000000E+001  0.0000000000000E+000     0.0000000000000E+000  0.0000000000000E+000     0.0000000000000E+000  0.0000000000000E+000
 0.0000000000000E+000  0.0000000000000E+000     0.1000000000000E+001  0.0000000000000E+000     0.0000000000000E+000  0.0000000000000E+000
 0.0000000000000E+000  0.0000000000000E+000     0.0000000000000E+000  0.0000000000000E+000     0.1000000000000E+001  0.0000000000000E+000
! 3 Dipole moments X (MCH) in a.u.
-0.1230000000000E+003  0.0000000000000E+000    -0.1230000000000E+003  0.0000000000000E+000    -0.1230000000000E+003  0.0000000000000E+000
-0.1230000000000E+003  0.0000000000000E+000    -0.1230000000000E+003  0.0000000000000E+000    -0.1230000000000E+003  0.0000000000000E+000
-0.1230000000000E+003  0.0000000000000E+000    -0.1230000000000E+003  0.0000000000000E+000    -0.1230000000000E+003  0.0000000000000E+000
! 3 Dipole moments Y (MCH) in a.u.
-0.1230000000000E+003  0.0000000000000E+000    -0.1230000000000E+003  0.0000000000000E+000    -0.1230000000000E+003  0.0000000000000E+000
-0.1230000000000E+003  0.0000000000000E+000    -0.1230000000000E+003  0.0000000000000E+000    -0.1230000000000E+003  0.0000000000000E+000
-0.1230000000000E+003  0.0000000000000E+000    -0.1230000000000E+003  0.0000000000000E+000    -0.1230000000000E+003  0.0000000000000E+000
! 3 Dipole moments Z (MCH) in a.u.
-0.1230000000000E+003  0.0000000000000E+000    -0.1230000000000E+003  0.0000000000000E+000    -0.1230000000000E+003  0.0000000000000E+000
-0.1230000000000E+003  0.0000000000000E+000    -0.1230000000000E+003  0.0000000000000E+000    -0.1230000000000E+003  0.0000000000000E+000
-0.1230000000000E+003  0.0000000000000E+000    -0.1230000000000E+003  0.0000000000000E+000    -0.1230000000000E+003  0.0000000000000E+000
! 5 Coefficients (diag)
 0.4318200293004E-004 -0.4315758160411E-003
-0.1046305464224E-001 -0.5143619763674E+000
 0.8377959486332E+000 -0.1828114933102E+000
! 6 Hopping Probabilities (diag)
 0.0000000000000E+000
 0.0000000000000E+000
 0.0000000000000E+000
! 7 Ekin (a.u.)
 0.5584184897708E-001
! 8 states (diag, MCH)
           3            3
! 9 Random number
 0.2356021667732E+000
! 10 Runtime (sec)
           3
! 11 Geometry in a.u.
-0.4618782688053E-001 -0.1353535254434E+000  0.4637588440955E-001
 0.2566296409969E+001  0.1313056097756E+000 -0.5629580881387E-001
-0.1268606242524E+001 -0.8705668573353E+000  0.1603190394606E+001
 0.3874571642435E+001  0.9700546458076E+000  0.1628777248005E+001
 0.4004134878490E+001 -0.4775642762592E+000 -0.1410949686143E+001
-0.1301476504217E+001  0.4264296463073E+000 -0.1702790079336E+001
! 12 Velocities in a.u.
-0.2810185628401E-003 -0.1333820831065E-003 -0.3742551210415E-004
 0.2271890719400E-003  0.2459800473760E-003  0.8505735728461E-004
 0.4569291591268E-003  0.3671400040318E-002 -0.7994491036552E-003
-0.1102847301642E-002 -0.4531951506570E-002 -0.1577539167184E-002
 0.2394325629373E-003  0.2586789535871E-002  0.3035876199993E-003
 0.1047900153103E-002 -0.3067918782444E-002  0.1505835211442E-002
! 0 Step
          33
! 1 Hamiltonian (MCH) in a.u.
-0.7793359375000E+002  0.0000000000000E+000     0.0000000000000E+000  0.0000000000000E+000     0.0000000000000E+000  0.0000000000000E+000
 0.0000000000000E+000  0.0000000000000E+000    -0.7772463226318E+002  0.0000000000000E+000     0.0000000000000E+000  0.0000000000000E+000
 0.0000000000000E+000  0.0000000000000E+000     0.0000000000000E+000  0.0000000000000E+000    -0.7770322418213E+002  0.0000000000000E+000
! 2 U matrix
 0.1000000000000E+001  0.0000000000000E+000     0.0000000000000E+000  0.0000000000000E+000     0.0000000000000E+000  0.0000000000000E+000
 0.0000000000000E+000  0.0000000000000E+000     0.1000000000000E+001  0.0000000000000E+000     0.0000000000000E+000  0.0000000000000E+000
 0.0000000000000E+000  0.0000000000000E+000     0.0000000000000E+000  0.0000000000000E+000     0.1000000000000E+001  0.0000000000000E+000
! 3 Dipole moments X (MCH) in a.u.
-0.1230000000000E+003  0.0000000000000E+000    -0.1230000000000E+003  0.0000000000000E+000    -0.1230000000000E+003  0.0000000000000E+000
-0.1230000000000E+003  0.0000000000000E+000    -0.1230000000000E+003  0.0000000000000E+000    -0.1230000000000E+003  0.0000000000000E+000
-0.1230000000000E+003  0.0000000000000E+000    -0.1230000000000E+003  0.0000000000000E+000    -0.1230000000000E+003  0.0000000000000E+000
! 3 Dipole moments Y (MCH) in a.u.
-0.1230000000000E+003  0.0000000000000E+000    -0.1230000000000E+003  0.0000000000000E+000    -0.1230000000000E+003  0.0000000000000E+000
-0.1230000000000E+003  0.0000000000000E+000    -0.1230000000000E+003  0.0000000000000E+000    -0.1230000000000E+003  0.0000000000000E+000
-0.1230000000000E+003  0.0000000000000E+000    -0.1230000000000E+003  0.0000000000000E+000    -0.1230000000000E+003  0.0000000000000E+000
! 3 Dipole moments Z (MCH) in a.u.
-0.1230000000000E+003  0.0000000000000E+000    -0.1230000000000E+003  0.0000000000000E+000    -0.1230000000000E+003  0.0000000000000E+000
-0.1230000000000E+003  0.0000000000000E+000    -0.1230000000000E+003  0.0000000000000E+000    -0.1230000000000E+003  0.0000000000000E+000
-0.1230000000000E+003  0.0000000000000E+000    -0.1230000000000E+003  0.0000000000000E+000    -0.1230000000000E+003  0.0000000000000E+000
! 5 Coefficients (diag)
 0.1242058369031E-003  0.1628966929426E-003
-0.4313588414285E+000  0.1628943218409E+000
-0.6941600980080E+000 -0.5527537482502E+000
! 6 Hopping Probabilities (diag)
 0.0000000000000E+000
 0.0000000000000E+000
 0.0000000000000E+000
! 7 Ekin (a.u.)
 0.4599974846575E-001
! 8 states (diag, MCH)
           3            3
! 9 Random number
 0.4412519152378E+000
! 10 Runtime (sec)
           2
! 11 Geometry in a.u.
-0.5216212309905E-001 -0.1380179687044E+000  0.4523945200096E-001
 0.2571312967525E+001  0.1364624736507E+000 -0.5404744222395E-001
-0.1259277392083E+001 -0.8001289969094E+000  0.1584875964598E+001
 0.3849358550518E+001  0.8815028187551E+000  0.1591773974989E+001
 0.4009940714239E+001 -0.4303192133441E+000 -0.1404618933093E+001
-0.1279985998728E+001  0.3675996783785E+000 -0.1667052571065E+001
! 12 Velocities in a.u.
-0.2946340087349E-003 -0.1242125920465E-003 -0.6984024295472E-004
 0.2575585581349E-003  0.2507061977418E-003  0.1283113328129E-003
 0.4186601730929E-003  0.3092886517665E-002 -0.9162797223959E-003
-0.1306383265043E-002 -0.3978411820614E-002 -0.1944758443375E-002
 0.3397307663485E-003  0.1955529886656E-002  0.2897672432303E-003
 0.9897712229919E-003 -0.2577261137325E-002  0.1874548677190E-002
! 0 Step
          34
! 1 Hamiltonian (MCH) in a.u.
-0.7793799591064E+002  0.0000000000000E+000     0.0000000000000E+000  0.0000000000000E+000     0.0000000000000E+000  0.0000000000000E+000
 0.0000000000000E+000  0.0000000000000E+000    -0.7771792602539E+002  0.0000000000000E+000     0.0000000000000E+000  0.0000000000000E+000
 0.0000000000000E+000  0.0000000000000E+000     0.0000000000000E+000  0.0000000000000E+000    -0.7769301605225E+002  0.0000000000000E+000
! 2 U matrix
 0.1000000000000E+001  0.0000000000000E+000     0.0000000000000E+000  0.0000000000000E+000     0.0000000000000E+000  0.0000000000000E+000
 0.0000000000000E+000  0.0000000000000E+000     0.1000000000000E+001  0.0000000000000E+000     0.0000000000000E+000  0.0000000000000E+000
 0.0000000000000E+000  0.0000000000000E+000     0.0000000000000E+000  0.0000000000000E+000     0.1000000000000E+001  0.0000000000000E+000
! 3 Dipole moments X (MCH) in a.u.
-0.1230000000000E+003  0.0000000000000E+000    -0.1230000000000E+003  0.0000000000000E+000    -0.1230000000000E+003  0.0000000000000E+000
-0.1230000000000E+003  0.0000000000000E+000    -0.1230000000000E+003  0.0000000000000E+000    -0.1230000000000E+003  0.0000000000000E+000
-0.1230000000000E+003  0.0000000000000E+000    -0.1230000000000E+003  0.0000000000000E+000    -0.1230000000000E+003  0.0000000000000E+000
! 3 Dipole moments Y (MCH) in a.u.
-0.1230000000000E+003  0.0000000000000E+000    -0.1230000000000E+003  0.0000000000000E+000    -0.1230000000000E+003  0.0000000000000E+000
-0.1230000000000E+003  0.0000000000000E+000    -0.1230000000000E+003  0.0000000000000E+000    -0.1230000000000E+003  0.0000000000000E+000
-0.1230000000000E+003  0.0000000000000E+000    -0.1230000000000E+003  0.0000000000000E+000    -0.1230000000000E+003  0.0000000000000E+000
! 3 Dipole moments Z (MCH) in a.u.
-0.1230000000000E+003  0.0000000000000E+000    -0.1230000000000E+003  0.0000000000000E+000    -0.1230000000000E+003  0.0000000000000E+000
-0.1230000000000E+003  0.0000000000000E+000    -0.1230000000000E+003  0.0000000000000E+000    -0.1230000000000E+003  0.0000000000000E+000
-0.1230000000000E+003  0.0000000000000E+000    -0.1230000000000E+003  0.0000000000000E+000    -0.1230000000000E+003  0.0000000000000E+000
! 5 Coefficients (diag)
-0.1011755345730E-003 -0.2805977074399E-004
 0.2929658557549E+000  0.2850996287908E+000
 0.1803228283959E+000  0.8946356104921E+000
! 6 Hopping Probabilities (diag)
 0.0000000000000E+000
 0.0000000000000E+000
 0.0000000000000E+000
! 7 Ekin (a.u.)
 0.3586388784524E-001
! 8 states (diag, MCH)
           3            3
! 9 Random number
 0.7811050648217E+000
! 10 Runtime (sec)
           2
! 11 Geometry in a.u.
-0.5836840143288E-001 -0.1404886445841E+000  0.4348859285174E-001
 0.2576944234477E+001  0.1416701482939E+000 -0.5099124210092E-001
-0.1251298256008E+001 -0.7427026811252E+000  0.1565310132523E+001
 0.3820563964156E+001  0.8055816374505E+000  0.1548378263151E+001
 0.4018179814935E+001 -0.3967199851468E+000 -0.1398970310361E+001
-0.1260558002571E+001  0.3198821314469E+000 -0.1625293662638E+001
! 12 Velocities in a.u.
-0.3039459402854E-003 -0.1150854649008E-003 -0.9577784110567E-004
 0.2856789334202E-003  0.2506558423718E-003  0.1611044808683E-003
 0.3299655092342E-003  0.2423573935880E-002 -0.9289321397052E-003
-0.1432201727265E-002 -0.3314794544574E-002 -0.2183844812547E-002
 0.4735751921755E-003  0.1276429392591E-002  0.2487216818399E-003
 0.8463246252904E-003 -0.2000621163699E-002  0.2085644548057E-002
! 0 Step
          35
! 1 Hamiltonian (MCH) in a.u.
-0.7794067382812E+002  0.0000000000000E+000     0.0000000000000E+000  0.0000000000000E+000     0.0000000000000E+000  0.0000000000000E+000
 0.0000000000000E+000  0.0000000000000E+000    -0.7771146392822E+002  0.0000000000000E+000     0.0000000000000E+000  0.0000000000000E+000
 0.0000000000000E+000  0.0000000000000E+000     0.0000000000000E+000  0.0000000000000E+000    -0.7768363952637E+002  0.0000000000000E+000
! 2 U matrix
 0.1000000000000E+001  0.0000000000000E+000     0.0000000000000E+000  0.0000000000000E+000     0.0000000000000E+000  0.0000000000000E+000
 0.0000000000000E+000  0.0000000000000E+000     0.1000000000000E+001  0.0000000000000E+000     0.0000000000000E+000  0.0000000000000E+000
 0.0000000000000E+000  0.0000000000000E+000     0.0000000000000E+000  0.0000000000000E+000     0.1000000000000E+001  0.0000000000000E+000
! 3 Dipole moments X (MCH) in a.u.
-0.1230000000000E+003  0.0000000000000E+000    -0.1230000000000E+003  0.0000000000000E+000    -0.1230000000000E+003  0.0000000000000E+000
-0.1230000000000E+003  0.0000000000000E+000    -0.1230000000000E+003  0.0000000000000E+000    -0.1230000000000E+003  0.0000000000000E+000
-0.1230000000000E+003  0.0000000000000E+000    -0.1230000000000E+003  0.0000000000000E+000    -0.1230000000000E+003  0.0000000000000E+000
! 3 Dipole moments Y (MCH) in a.u.
-0.1230000000000E+003  0.0000000000000E+000    -0.1230000000000E+003  0.0000000000000E+000    -0.1230000000000E+003  0.0000000000000E+000
-0.1230000000000E+003  0.0000000000000E+000    -0.1230000000000E+003  0.0000000000000E+000    -0.1230000000000E+003  0.0000000000000E+000
-0.1230000000000E+003  0.0000000000000E+000    -0.1230000000000E+003  0.0000000000000E+000    -0.1230000000000E+003  0.0000000000000E+000
! 3 Dipole moments Z (MCH) in a.u.
-0.1230000000000E+003  0.0000000000000E+000    -0.1230000000000E+003  0.0000000000000E+000    -0.1230000000000E+003  0.0000000000000E+000
-0.1230000000000E+003  0.0000000000000E+000    -0.1230000000000E+003  0.0000000000000E+000    -0.1230000000000E+003  0.0000000000000E+000
-0.1230000000000E+003  0.0000000000000E+000    -0.1230000000000E+003  0.0000000000000E+000    -0.1230000000000E+003  0.0000000000000E+000
! 5 Coefficients (diag)
 0.5729400525137E-004 -0.1808888026593E-004
 0.9521165228938E-001 -0.3670266241872E+000
 0.2850311133291E+000 -0.8803314485071E+000
! 6 Hopping Probabilities (diag)
 0.0000000000000E+000
 0.0000000000000E+000
 0.0000000000000E+000
! 7 Ekin (a.u.)
 0.2660215519740E-001
! 8 states (diag, MCH)
           3            3
! 9 Random number
 0.5790555314638E+000
! 10 Runtime (sec)
           3
! 11 Geometry in a.u.
-0.6472766569010E-001 -0.1427757598743E+000  0.4127986451457E-001
 0.2583123326966E+001  0.1468249304089E+000 -0.4738716173440E-001
-0.1245636164778E+001 -0.6999351220207E+000  0.1546472634207E+001
 0.3790149364220E+001  0.7444646599584E+000  0.1501490831287E+001
 0.4029518963061E+001 -0.3775498692890E+000 -0.1394336437187E+001
-0.1244997776431E+001  0.2848912519478E+000 -0.1580829161159E+001
! 12 Velocities in a.u.
-0.3090751192447E-003 -0.1064188867829E-003 -0.1142035091594E-003
 0.3094955776243E-003  0.2459194819654E-003  0.1813204877821E-003
 0.2006170154108E-003  0.1694871968382E-002 -0.8609973725812E-003
-0.1462653505971E-002 -0.2567006151271E-002 -0.2288338579370E-002
 0.6336540504316E-003  0.5758261135033E-003  0.1987013011118E-003
 0.6233722596645E-003 -0.1365935492692E-002  0.2150890828451E-002
! 0 Step
          36
! 1 Hamiltonian (MCH) in a.u.
-0.7794077301025E+002  0.0000000000000E+000     0.0000000000000E+000  0.0000000000000E+000     0.0000000000000E+000  0.0000000000000E+000
 0.0000000000000E+000  0.0000000000000E+000    -0.7770567321777E+002  0.0000000000000E+000     0.0000000000000E+000  0.0000000000000E+000
 0.0000000000000E+000  0.0000000000000E+000     0.0000000000000E+000  0.0000000000000E+000    -0.7767657470703E+002  0.0000000000000E+000
! 2 U matrix
 0.1000000000000E+001  0.0000000000000E+000     0.0000000000000E+000  0.0000000000000E+000     0.0000000000000E+000  0.0000000000000E+000
 0.0000000000000E+000  0.0000000000000E+000     0.1000000000000E+001  0.0000000000000E+000     0.0000000000000E+000  0.0000000000000E+000
 0.0000000000000E+000  0.0000000000000E+000     0.0000000000000E+000  0.0000000000000E+000     0.1000000000000E+001  0.0000000000000E+000
! 3 Dipole moments X (MCH) in a.u.
-0.1230000000000E+003  0.0000000000000E+000    -0.1230000000000E+003  0.0000000000000E+000    -0.1230000000000E+003  0.0000000000000E+000
-0.1230000000000E+003  0.0000000000000E+000    -0.1230000000000E+003  0.0000000000000E+000    -0.1230000000000E+003  0.0000000000000E+000
-0.1230000000000E+003  0.0000000000000E+000    -0.1230000000000E+003  0.0000000000000E+000    -0.1230000000000E+003  0.0000000000000E+000
! 3 Dipole moments Y (MCH) in a.u.
-0.1230000000000E+003  0.0000000000000E+000    -0.1230000000000E+003  0.0000000000000E+000    -0.1230000000000E+003  0.0000000000000E+000
-0.1230000000000E+003  0.0000000000000E+000    -0.1230000000000E+003  0.0000000000000E+000    -0.1230000000000E+003  0.0000000000000E+000
-0.1230000000000E+003  0.0000000000000E+000    -0.1230000000000E+003  0.0000000000000E+000    -0.1230000000000E+003  0.0000000000000E+000
! 3 Dipole moments Z (MCH) in a.u.
-0.1230000000000E+003  0.0000000000000E+000    -0.1230000000000E+003  0.0000000000000E+000    -0.1230000000000E+003  0.0000000000000E+000
-0.1230000000000E+003  0.0000000000000E+000    -0.1230000000000E+003  0.0000000000000E+000    -0.1230000000000E+003  0.0000000000000E+000
-0.1230000000000E+003  0.0000000000000E+000    -0.1230000000000E+003  0.0000000000000E+000    -0.1230000000000E+003  0.0000000000000E+000
! 5 Coefficients (diag)
-0.2521620607772E-004  0.2896826432574E-004
-0.3346884940714E+000  0.1351345148005E+000
-0.5699521669577E+000  0.7381577072354E+000
! 6 Hopping Probabilities (diag)
 0.0000000000000E+000
 0.0000000000000E+000
 0.0000000000000E+000
! 7 Ekin (a.u.)
 0.1960033448351E-001
! 8 states (diag, MCH)
           3            3
! 9 Random number
 0.1118543626775E-001
! 10 Runtime (sec)
           2
! 11 Geometry in a.u.
-0.7114599132619E-001 -0.1448881475125E+000  0.3876726294339E-001
 0.2589739206697E+001  0.1518367974082E+000 -0.4349520412221E-001
-0.1243004473076E+001 -0.6726343463250E+000  0.1529715318703E+001
 0.3760095859506E+001  0.6994580777971E+000  0.1453775203624E+001
 0.4044375943599E+001 -0.3729145428123E+000 -0.1390755725689E+001
-0.1234786937257E+001  0.2634124822918E+000 -0.1536372881895E+001
! 12 Velocities in a.u.
-0.3093367003584E-003 -0.9792838600573E-004 -0.1260563541104E-003
 0.3276129650344E-003  0.2372922541089E-003  0.1902840944739E-003
 0.4284303650635E-004  0.9388212517384E-003 -0.7439050687252E-003
-0.1407295720889E-002 -0.1770932481380E-002 -0.2281823461035E-002
 0.8077964072375E-003 -0.1222964779639E-003  0.1521709156732E-003
 0.3388821177665E-003 -0.7062067114696E-003  0.2108241013826E-002
! 0 Step
          37
! 1 Hamiltonian (MCH) in a.u.
-0.7793788909912E+002  0.0000000000000E+000     0.0000000000000E+000  0.0000000000000E+000     0.0000000000000E+000  0.0000000000000E+000
 0.0000000000000E+000  0.0000000000000E+000    -0.7770104980469E+002  0.0000000000000E+000     0.0000000000000E+000  0.0000000000000E+000
 0.0000000000000E+000  0.0000000000000E+000     0.0000000000000E+000  0.0000000000000E+000    -0.7767276000977E+002  0.0000000000000E+000
! 2 U matrix
 0.1000000000000E+001  0.0000000000000E+000     0.0000000000000E+000  0.0000000000000E+000     0.0000000000000E+000  0.0000000000000E+000
 0.0000000000000E+000  0.0000000000000E+000     0.1000000000000E+001  0.0000000000000E+000     0.0000000000000E+000  0.0000000000000E+000
 0.0000000000000E+000  0.0000000000000E+000     0.0000000000000E+000  0.0000000000000E+000     0.1000000000000E+001  0.0000000000000E+000
! 3 Dipole moments X (MCH) in a.u.
-0.1230000000000E+003  0.0000000000000E+000    -0.1230000000000E+003  0.0000000000000E+000    -0.1230000000000E+003  0.0000000000000E+000
-0.1230000000000E+003  0.0000000000000E+000    -0.1230000000000E+003  0.0000000000000E+000    -0.1230000000000E+003  0.0000000000000E+000
-0.1230000000000E+003  0.0000000000000E+000    -0.1230000000000E+003  0.0000000000000E+000    -0.1230000000000E+003  0.0000000000000E+000
! 3 Dipole moments Y (MCH) in a.u.
-0.1230000000000E+003  0.0000000000000E+000    -0.1230000000000E+003  0.0000000000000E+000    -0.1230000000000E+003  0.0000000000000E+000
-0.1230000000000E+003  0.0000000000000E+000    -0.1230000000000E+003  0.0000000000000E+000    -0.1230000000000E+003  0.0000000000000E+000
-0.1230000000000E+003  0.0000000000000E+000    -0.1230000000000E+003  0.0000000000000E+000    -0.1230000000000E+003  0.0000000000000E+000
! 3 Dipole moments Z (MCH) in a.u.
-0.1230000000000E+003  0.0000000000000E+000    -0.1230000000000E+003  0.0000000000000E+000    -0.1230000000000E+003  0.0000000000000E+000
-0.1230000000000E+003  0.0000000000000E+000    -0.1230000000000E+003  0.0000000000000E+000    -0.1230000000000E+003  0.0000000000000E+000
-0.1230000000000E+003  0.0000000000000E+000    -0.1230000000000E+003  0.0000000000000E+000    -0.1230000000000E+003  0.0000000000000E+000
! 5 Coefficients (diag)
 0.3621518301667E-005 -0.2616628156448E-004
 0.3134313566370E+000  0.1484528679558E+000
 0.7293157101320E+000 -0.5897636178413E+000
! 6 Hopping Probabilities (diag)
 0.0000000000000E+000
 0.0000000000000E+000
 0.0000000000000E+000
! 7 Ekin (a.u.)
 0.1581834807494E-001
! 8 states (diag, MCH)
           3            3
! 9 Random number
 0.3362749478892E+000
! 10 Runtime (sec)
           3
! 11 Geometry in a.u.
-0.7751606970589E-001 -0.1468242538403E+000  0.3606852171802E-001
 0.2596667296863E+001  0.1566349180755E+000 -0.3952055594501E-001
-0.1243864974811E+001 -0.6611229621576E+000  0.1515718577035E+001
 0.3731969826429E+001  0.6712518790943E+000  0.1407157115700E+001
 0.4062914375911E+001 -0.3826057736421E+000 -0.1388045482551E+001
-0.1230987924284E+001  0.2556956966371E+000 -0.1493671582326E+001
! 12 Velocities in a.u.
-0.3035136215577E-003 -0.8912205308738E-004 -0.1330587561765E-003
 0.3388184861382E-003  0.2252592661335E-003  0.1903292533260E-003
-0.1311622976577E-003  0.1740403116763E-003 -0.6054720790418E-003
-0.1285162788990E-002 -0.9484614940948E-003 -0.2193777117996E-002
 0.9835227776328E-003 -0.8065670897952E-003  0.1171685048673E-003
 0.1212090208427E-004 -0.4117842228978E-004  0.1999664331636E-002
! 0 Step
          38
! 1 Hamiltonian (MCH) in a.u.
-0.7793224334717E+002  0.0000000000000E+000     0.0000000000000E+000  0.0000000000000E+000     0.0000000000000E+000  0.0000000000000E+000
 0.0000000000000E+000  0.0000000000000E+000    -0.7769814300537E+002  0.0000000000000E+000     0.0000000000000E+000  0.0000000000000E+000
 0.0000000000000E+000  0.0000000000000E+000     0.0000000000000E+000  0.0000000000000E+000    -0.7767265319824E+002  0.0000000000000E+000
! 2 U matrix
 0.1000000000000E+001  0.0000000000000E+000     0.0000000000000E+000  0.0000000000000E+000     0.0000000000000E+000  0.0000000000000E+000
 0.0000000000000E+000  0.0000000000000E+000     0.1000000000000E+001  0.0000000000000E+000     0.0000000000000E+000  0.0000000000000E+000
 0.0000000000000E+000  0.0000000000000E+000     0.0000000000000E+000  0.0000000000000E+000     0.1000000000000E+001  0.0000000000000E+000
! 3 Dipole moments X (MCH) in a.u.
-0.1230000000000E+003  0.0000000000000E+000    -0.1230000000000E+003  0.0000000000000E+000    -0.1230000000000E+003  0.0000000000000E+000
-0.1230000000000E+003  0.0000000000000E+000    -0.1230000000000E+003  0.0000000000000E+000    -0.1230000000000E+003  0.0000000000000E+000
-0.1230000000000E+003  0.0000000000000E+000    -0.1230000000000E+003  0.0000000000000E+000    -0.1230000000000E+003  0.0000000000000E+000
! 3 Dipole moments Y (MCH) in a.u.
-0.1230000000000E+003  0.0000000000000E+000    -0.1230000000000E+003  0.0000000000000E+000    -0.1230000000000E+003  0.0000000000000E+000
-0.1230000000000E+003  0.0000000000000E+000    -0.1230000000000E+003  0.0000000000000E+000    -0.1230000000000E+003  0.0000000000000E+000
-0.1230000000000E+003  0.0000000000000E+000    -0.1230000000000E+003  0.0000000000000E+000    -0.1230000000000E+003  0.0000000000000E+000
! 3 Dipole moments Z (MCH) in a.u.
-0.1230000000000E+003  0.0000000000000E+000    -0.1230000000000E+003  0.0000000000000E+000    -0.1230000000000E+003  0.0000000000000E+000
-0.1230000000000E+003  0.0000000000000E+000    -0.1230000000000E+003  0.0000000000000E+000    -0.1230000000000E+003  0.0000000000000E+000
-0.1230000000000E+003  0.0000000000000E+000    -0.1230000000000E+003  0.0000000000000E+000    -0.1230000000000E+003  0.0000000000000E+000
! 5 Coefficients (diag)
 0.9284683392212E-005  0.1582823814490E-004
-0.1239622201101E+000 -0.3108155396937E+000
-0.8333653967119E+000  0.4399195193405E+000
! 6 Hopping Probabilities (diag)
 0.0000000000000E+000
 0.0000000000000E+000
 0.0000000000000E+000
! 7 Ekin (a.u.)
 0.1571198522134E-001
! 8 states (diag, MCH)
           3            3
! 9 Random number
 0.2883307609196E+000
! 10 Runtime (sec)
           3
! 11 Geometry in a.u.
-0.8369366126732E-001 -0.1485725755816E+000  0.3326643122878E-001
 0.2603746428225E+001  0.1611493248266E+000 -0.3562673140385E-001
-0.1248426902591E+001 -0.6654392808246E+000  0.1504684271439E+001
 0.3706965464850E+001  0.6602473770757E+000  0.1363081444774E+001
 0.4085036125933E+001 -0.4062591339914E+000 -0.1385911818786E+001
-0.1234285842519E+001  0.2617101097626E+000 -0.1453704012216E+001
! 12 Velocities in a.u.
-0.2895782769587E-003 -0.7965247122170E-004 -0.1366011250049E-003
 0.3410062842689E-003  0.2095557412662E-003  0.1828612381523E-003
-0.3092792225703E-003 -0.5872401993751E-003 -0.4645355096271E-003
-0.1111273811706E-002 -0.1097381767192E-003 -0.2041029675652E-002
 0.1147602694935E-002 -0.1469694464184E-002  0.9879495026584E-004
-0.3398492213665E-003  0.6187878292232E-003  0.1855550028159E-002
! 0 Step
          39
! 1 Hamiltonian (MCH) in a.u.
-0.7792456054688E+002  0.0000000000000E+000     0.0000000000000E+000  0.0000000000000E+000     0.0000000000000E+000  0.0000000000000E+000
 0.0000000000000E+000  0.0000000000000E+000    -0.7769750976562E+002  0.0000000000000E+000     0.0000000000000E+000  0.0000000000000E+000
 0.0000000000000E+000  0.0000000000000E+000     0.0000000000000E+000  0.0000000000000E+000    -0.7767632293701E+002  0.0000000000000E+000
! 2 U matrix
 0.1000000000000E+001  0.0000000000000E+000     0.0000000000000E+000  0.0000000000000E+000     0.0000000000000E+000  0.0000000000000E+000
 0.0000000000000E+000  0.0000000000000E+000     0.1000000000000E+001  0.0000000000000E+000     0.0000000000000E+000  0.0000000000000E+000
 0.0000000000000E+000  0.0000000000000E+000     0.0000000000000E+000  0.0000000000000E+000     0.1000000000000E+001  0.0000000000000E+000
! 3 Dipole moments X (MCH) in a.u.
-0.1230000000000E+003  0.0000000000000E+000    -0.1230000000000E+003  0.0000000000000E+000    -0.1230000000000E+003  0.0000000000000E+000
-0.1230000000000E+003  0.0000000000000E+000    -0.1230000000000E+003  0.0000000000000E+000    -0.1230000000000E+003  0.0000000000000E+000
-0.1230000000000E+003  0.0000000000000E+000    -0.1230000000000E+003  0.0000000000000E+000    -0.1230000000000E+003  0.0000000000000E+000
! 3 Dipole moments Y (MCH) in a.u.
-0.1230000000000E+003  0.0000000000000E+000    -0.1230000000000E+003  0.0000000000000E+000    -0.1230000000000E+003  0.0000000000000E+000
-0.1230000000000E+003  0.0000000000000E+000    -0.1230000000000E+003  0.0000000000000E+000    -0.1230000000000E+003  0.0000000000000E+000
-0.1230000000000E+003  0.0000000000000E+000    -0.1230000000000E+003  0.0000000000000E+000    -0.1230000000000E+003  0.0000000000000E+000
! 3 Dipole moments Z (MCH) in a.u.
-0.1230000000000E+003  0.0000000000000E+000    -0.1230000000000E+003  0.0000000000000E+000    -0.1230000000000E+003  0.0000000000000E+000
-0.1230000000000E+003  0.0000000000000E+000    -0.1230000000000E+003  0.0000000000000E+000    -0.1230000000000E+003  0.0000000000000E+000
-0.1230000000000E+003  0.0000000000000E+000    -0.1230000000000E+003  0.0000000000000E+000    -0.1230000000000E+003  0.0000000000000E+000
! 5 Coefficients (diag)
-0.1177342828957E-004 -0.2802253164178E-005
-0.1058140322273E+000  0.3051168216457E+000
 0.9162828966807E+000 -0.2369235506161E+000
! 6 Hopping Probabilities (diag)
 0.0000000000000E+000
 0.0000000000000E+000
 0.0000000000000E+000
! 7 Ekin (a.u.)
 0.1936645462960E-001
! 8 states (diag, MCH)
           3            3
! 9 Random number
 0.1143770027152E+000
! 10 Runtime (sec)
           2
! 11 Geometry in a.u.
-0.8948763336340E-001 -0.1501171963902E+000  0.3042124361119E-001
 0.2610764964970E+001  0.1652982402097E+000 -0.3196082123002E-001
-0.1256651002616E+001 -0.6854002784774E+000  0.1496514041104E+001
 0.3686028240902E+001  0.6667151521614E+000  0.1322778145890E+001
 0.4110357847363E+001 -0.4433649611746E+000 -0.1383961163629E+001
-0.1245037757822E+001  0.2812772353003E+000 -0.1416960595870E+001
! 12 Velocities in a.u.
-0.2652289182805E-003 -0.6939599579212E-004 -0.1375413581418E-003
 0.3317944565515E-003  0.1894278178649E-003  0.1682914152093E-003
-0.4800870107809E-003 -0.1334735573659E-002 -0.3319251466856E-003
-0.8959881868899E-003  0.7398971655903E-003 -0.1831439209904E-002
 0.1284984737666E-002 -0.2103256923555E-002  0.1030838920122E-003
-0.7020830253583E-003  0.1267835224838E-002  0.1693873054354E-002
! 0 Step
          40
! 1 Hamiltonian (MCH) in a.u.
-0.7791571044922E+002  0.0000000000000E+000     0.0000000000000E+000  0.0000000000000E+000     0.0000000000000E+000  0.0000000000000E+000
 0.0000000000000E+000  0.0000000000000E+000    -0.7769960021973E+002  0.0000000000000E+000     0.0000000000000E+000  0.0000000000000E+000
 0.0000000000000E+000  0.0000000000000E+000     0.0000000000000E+000  0.0000000000000E+000    -0.7768349456787E+002  0.0000000000000E+000
! 2 U matrix
 0.1000000000000E+001  0.0000000000000E+000     0.0000000000000E+000  0.0000000000000E+000     0.0000000000000E+000  0.0000000000000E+000
 0.0000000000000E+000  0.0000000000000E+000     0.1000000000000E+001  0.0000000000000E+000     0.0000000000000E+000  0.0000000000000E+000
 0.0000000000000E+000  0.0000000000000E+000     0.0000000000000E+000  0.0000000000000E+000     0.1000000000000E+001  0.0000000000000E+000
! 3 Dipole moments X (MCH) in a.u.
-0.1230000000000E+003  0.0000000000000E+000    -0.1230000000000E+003  0.0000000000000E+000    -0.1230000000000E+003  0.0000000000000E+000
-0.1230000000000E+003  0.0000000000000E+000    -0.1230000000000E+003  0.0000000000000E+000    -0.1230000000000E+003  0.0000000000000E+000
-0.1230000000000E+003  0.0000000000000E+000    -0.1230000000000E+003  0.0000000000000E+000    -0.1230000000000E+003  0.0000000000000E+000
! 3 Dipole moments Y (MCH) in a.u.
-0.1230000000000E+003  0.0000000000000E+000    -0.1230000000000E+003  0.0000000000000E+000    -0.1230000000000E+003  0.0000000000000E+000
-0.1230000000000E+003  0.0000000000000E+000    -0.1230000000000E+003  0.0000000000000E+000    -0.1230000000000E+003  0.0000000000000E+000
-0.1230000000000E+003  0.0000000000000E+000    -0.1230000000000E+003  0.0000000000000E+000    -0.1230000000000E+003  0.0000000000000E+000
! 3 Dipole moments Z (MCH) in a.u.
-0.1230000000000E+003  0.0000000000000E+000    -0.1230000000000E+003  0.0000000000000E+000    -0.1230000000000E+003  0.0000000000000E+000
-0.1230000000000E+003  0.0000000000000E+000    -0.1230000000000E+003  0.0000000000000E+000    -0.1230000000000E+003  0.0000000000000E+000
-0.1230000000000E+003  0.0000000000000E+000    -0.1230000000000E+003  0.0000000000000E+000    -0.1230000000000E+003  0.0000000000000E+000
! 5 Coefficients (diag)
 0.5384387410298E-005 -0.4959218462973E-005
 0.2725729544805E+000 -0.1515632148733E+000
-0.9460037860461E+000 -0.8837088386967E-001
! 6 Hopping Probabilities (diag)
 0.0000000000000E+000
 0.0000000000000E+000
 0.0000000000000E+000
! 7 Ekin (a.u.)
 0.2649901170113E-001
! 8 states (diag, MCH)
           3            3
! 9 Random number
 0.2648528474057E-001
! 10 Runtime (sec)
           3
! 11 Geometry in a.u.
-0.9465858899724E-001 -0.1514415013516E+000  0.2758028259281E-001
 0.2617463266724E+001  0.1689805309651E+000 -0.2866933317858E-001
-0.1268274358937E+001 -0.7206190824790E+000  0.1490962030030E+001
 0.3669924082712E+001  0.6908357420280E+000  0.1287367232657E+001
 0.4138159159703E+001 -0.4932106636879E+000 -0.1381650189122E+001
-0.1263310918983E+001  0.3141241591201E+000 -0.1383676973894E+001
! 12 Velocities in a.u.
-0.2276579825328E-003 -0.5832636031886E-004 -0.1363170853217E-003
 0.3084750241879E-003  0.1638533211436E-003  0.1465023953533E-003
-0.6322837904693E-003 -0.2052492807222E-002 -0.2120770674702E-003
-0.6490010849611E-003  0.1589294136592E-002 -0.1569112141131E-002
 0.1376762780278E-002 -0.2690403967483E-002  0.1370527469293E-003
-0.1058467690715E-002  0.1896177612400E-002  0.1522771906623E-002
! 0 Step
          41
! 1 Hamiltonian (MCH) in a.u.
-0.7790653228760E+002  0.0000000000000E+000     0.0000000000000E+000  0.0000000000000E+000     0.0000000000000E+000  0.0000000000000E+000
 0.0000000000000E+000  0.0000000000000E+000    -0.7770463562012E+002  0.0000000000000E+000     0.0000000000000E+000  0.0000000000000E+000
 0.0000000000000E+000  0.0000000000000E+000     0.0000000000000E+000  0.0000000000000E+000    -0.7769353485107E+002  0.0000000000000E+000
! 2 U matrix
 0.1000000000000E+001  0.0000000000000E+000     0.0000000000000E+000  0.0000000000000E+000     0.0000000000000E+000  0.0000000000000E+000
 0.0000000000000E+000  0.0000000000000E+000     0.1000000000000E+001  0.0000000000000E+000     0.0000000000000E+000  0.0000000000000E+000
 0.0000000000000E+000  0.0000000000000E+000     0.0000000000000E+000  0.0000000000000E+000     0.1000000000000E+001  0.0000000000000E+000
! 3 Dipole moments X (MCH) in a.u.
-0.1230000000000E+003  0.0000000000000E+000    -0.1230000000000E+003  0.0000000000000E+000    -0.1230000000000E+003  0.0000000000000E+000
-0.1230000000000E+003  0.0000000000000E+000    -0.1230000000000E+003  0.0000000000000E+000    -0.1230000000000E+003  0.0000000000000E+000
-0.1230000000000E+003  0.0000000000000E+000    -0.1230000000000E+003  0.0000000000000E+000    -0.1230000000000E+003  0.0000000000000E+000
! 3 Dipole moments Y (MCH) in a.u.
-0.1230000000000E+003  0.0000000000000E+000    -0.1230000000000E+003  0.0000000000000E+000    -0.1230000000000E+003  0.0000000000000E+000
-0.1230000000000E+003  0.0000000000000E+000    -0.1230000000000E+003  0.0000000000000E+000    -0.1230000000000E+003  0.0000000000000E+000
-0.1230000000000E+003  0.0000000000000E+000    -0.1230000000000E+003  0.0000000000000E+000    -0.1230000000000E+003  0.0000000000000E+000
! 3 Dipole moments Z (MCH) in a.u.
-0.1230000000000E+003  0.0000000000000E+000    -0.1230000000000E+003  0.0000000000000E+000    -0.1230000000000E+003  0.0000000000000E+000
-0.1230000000000E+003  0.0000000000000E+000    -0.1230000000000E+003  0.0000000000000E+000    -0.1230000000000E+003  0.0000000000000E+000
-0.1230000000000E+003  0.0000000000000E+000    -0.1230000000000E+003  0.0000000000000E+000    -0.1230000000000E+003  0.0000000000000E+000
! 5 Coefficients (diag)
 0.1347353924793E-005  0.3833670856249E-005
-0.3410781312925E+000 -0.1330931064691E+000
 0.7529031300449E+000  0.5468901261830E+000
! 6 Hopping Probabilities (diag)
 0.0000000000000E+000
 0.5013892387464E-001
 0.0000000000000E+000
! 7 Ekin (a.u.)
 0.3649409177935E-001
! 8 states (diag, MCH)
           3            3
! 9 Random number
 0.9902534566609E+000
! 10 Runtime (sec)
           2
! 11 Geometry in a.u.
-0.9889932701202E-001 -0.1525284882274E+000  0.2478570809494E-001
 0.2623517746110E+001  0.1720721615314E+000 -0.2590421100922E-001
-0.1282790482852E+001 -0.7702531498885E+000  0.1487746483882E+001
 0.3659197644754E+001  0.7324187544017E+000  0.1257908895059E+001
 0.4167275111456E+001 -0.5545899560168E+000 -0.1378295214852E+001
-0.1288796265787E+001  0.3596678218843E+000 -0.1354007113974E+001
! 12 Velocities in a.u.
-0.1750531824062E-003 -0.4644142073407E-004 -0.1330994040700E-003
 0.2697199897108E-003  0.1318657042597E-003  0.1177861890196E-003
-0.7560679455188E-003 -0.2722150939396E-002 -0.1077732239716E-003
-0.3824716741972E-003  0.2422464969850E-002 -0.1263823138763E-002
 0.1404337001000E-002 -0.3209293420997E-002  0.2078182807201E-003
-0.1393816507250E-002  0.2491091273794E-002  0.1346245663872E-002
! 0 Step
          42
! 1 Hamiltonian (MCH) in a.u.
-0.7789750671387E+002  0.0000000000000E+000     0.0000000000000E+000  0.0000000000000E+000     0.0000000000000E+000  0.0000000000000E+000
 0.0000000000000E+000  0.0000000000000E+000    -0.7771266174316E+002  0.0000000000000E+000     0.0000000000000E+000  0.0000000000000E+000
 0.0000000000000E+000  0.0000000000000E+000     0.0000000000000E+000  0.0000000000000E+000    -0.7770572662354E+002  0.0000000000000E+000
! 2 U matrix
 0.1000000000000E+001  0.0000000000000E+000     0.0000000000000E+000  0.0000000000000E+000     0.0000000000000E+000  0.0000000000000E+000
 0.0000000000000E+000  0.0000000000000E+000     0.1000000000000E+001  0.0000000000000E+000     0.0000000000000E+000  0.0000000000000E+000
 0.0000000000000E+000  0.0000000000000E+000     0.0000000000000E+000  0.0000000000000E+000     0.1000000000000E+001  0.0000000000000E+000
! 3 Dipole moments X (MCH) in a.u.
-0.1230000000000E+003  0.0000000000000E+000    -0.1230000000000E+003  0.0000000000000E+000    -0.1230000000000E+003  0.0000000000000E+000
-0.1230000000000E+003  0.0000000000000E+000    -0.1230000000000E+003  0.0000000000000E+000    -0.1230000000000E+003  0.0000000000000E+000
-0.1230000000000E+003  0.0000000000000E+000    -0.1230000000000E+003  0.0000000000000E+000    -0.1230000000000E+003  0.0000000000000E+000
! 3 Dipole moments Y (MCH) in a.u.
-0.1230000000000E+003  0.0000000000000E+000    -0.1230000000000E+003  0.0000000000000E+000    -0.1230000000000E+003  0.0000000000000E+000
-0.1230000000000E+003  0.0000000000000E+000    -0.1230000000000E+003  0.0000000000000E+000    -0.1230000000000E+003  0.0000000000000E+000
-0.1230000000000E+003  0.0000000000000E+000    -0.1230000000000E+003  0.0000000000000E+000    -0.1230000000000E+003  0.0000000000000E+000
! 3 Dipole moments Z (MCH) in a.u.
-0.1230000000000E+003  0.0000000000000E+000    -0.1230000000000E+003  0.0000000000000E+000    -0.1230000000000E+003  0.0000000000000E+000
-0.1230000000000E+003  0.0000000000000E+000    -0.1230000000000E+003  0.0000000000000E+000    -0.1230000000000E+003  0.0000000000000E+000
-0.1230000000000E+003  0.0000000000000E+000    -0.1230000000000E+003  0.0000000000000E+000    -0.1230000000000E+003  0.0000000000000E+000
! 5 Coefficients (diag)
-0.2038184729373E-005  0.2451401076276E-006
 0.1174809517184E+000  0.5573434306048E+000
-0.1434894141171E+000 -0.8093066874659E+000
! 6 Hopping Probabilities (diag)
 0.0000000000000E+000
 0.1788432611292E+000
 0.0000000000000E+000
! 7 Ekin (a.u.)
 0.5562098386919E-001
! 8 states (diag, MCH)
           2            2
! 9 Random number
 0.1443469592977E-001
! 10 Runtime (sec)
           3
! 11 Geometry in a.u.
-0.1018955279646E+000 -0.1533614534644E+000  0.2207777043846E-001
 0.2628613861515E+001  0.1744320402750E+000 -0.2379989036459E-001
-0.1299531246140E+001 -0.8331565407393E+000  0.1486506536943E+001
 0.3654112178438E+001  0.7909837707380E+000  0.1235119048448E+001
 0.4196216379949E+001 -0.6258872611475E+000 -0.1373058695993E+001
-0.1320933207570E+001  0.4171092934820E+000 -0.1328021329303E+001
! 12 Velocities in a.u.
-0.1148362778086E-003 -0.3605970373579E-004 -0.1367906680091E-003
 0.2313488722883E-003  0.9959774713786E-004  0.8931636612633E-004
-0.9043678208456E-003 -0.3563328390849E-002 -0.2482263619251E-004
-0.1193083371953E-003  0.3448730464264E-002 -0.1001231063635E-002
 0.1451778406620E-002 -0.3897295427368E-002  0.3423086192508E-003
-0.1816428666887E-002  0.3254794508661E-002  0.1249433717300E-002
! 0 Step
          43
! 1 Hamiltonian (MCH) in a.u.
-0.7788902282715E+002  0.0000000000000E+000     0.0000000000000E+000  0.0000000000000E+000     0.0000000000000E+000  0.0000000000000E+000
 0.0000000000000E+000  0.0000000000000E+000    -0.7772354888916E+002  0.0000000000000E+000     0.0000000000000E+000  0.0000000000000E+000
 0.0000000000000E+000  0.0000000000000E+000     0.0000000000000E+000  0.0000000000000E+000    -0.7772007751465E+002  0.0000000000000E+000
! 2 U matrix
 0.1000000000000E+001  0.0000000000000E+000     0.0000000000000E+000  0.0000000000000E+000     0.0000000000000E+000  0.0000000000000E+000
 0.0000000000000E+000  0.0000000000000E+000     0.1000000000000E+001  0.0000000000000E+000     0.0000000000000E+000  0.0000000000000E+000
 0.0000000000000E+000  0.0000000000000E+000     0.0000000000000E+000  0.0000000000000E+000     0.1000000000000E+001  0.0000000000000E+000
! 3 Dipole moments X (MCH) in a.u.
-0.1230000000000E+003  0.0000000000000E+000    -0.1230000000000E+003  0.0000000000000E+000    -0.1230000000000E+003  0.0000000000000E+000
-0.1230000000000E+003  0.0000000000000E+000    -0.1230000000000E+003  0.0000000000000E+000    -0.1230000000000E+003  0.0000000000000E+000
-0.1230000000000E+003  0.0000000000000E+000    -0.1230000000000E+003  0.0000000000000E+000    -0.1230000000000E+003  0.0000000000000E+000
! 3 Dipole moments Y (MCH) in a.u.
-0.1230000000000E+003  0.0000000000000E+000    -0.1230000000000E+003  0.0000000000000E+000    -0.1230000000000E+003  0.0000000000000E+000
-0.1230000000000E+003  0.0000000000000E+000    -0.1230000000000E+003  0.0000000000000E+000    -0.1230000000000E+003  0.0000000000000E+000
-0.1230000000000E+003  0.0000000000000E+000    -0.1230000000000E+003  0.0000000000000E+000    -0.1230000000000E+003  0.0000000000000E+000
! 3 Dipole moments Z (MCH) in a.u.
-0.1230000000000E+003  0.0000000000000E+000    -0.1230000000000E+003  0.0000000000000E+000    -0.1230000000000E+003  0.0000000000000E+000
-0.1230000000000E+003  0.0000000000000E+000    -0.1230000000000E+003  0.0000000000000E+000    -0.1230000000000E+003  0.0000000000000E+000
-0.1230000000000E+003  0.0000000000000E+000    -0.1230000000000E+003  0.0000000000000E+000    -0.1230000000000E+003  0.0000000000000E+000
! 5 Coefficients (diag)
-0.8512181048226E-007 -0.1033571621648E-005
 0.5937566388812E+000 -0.4483606668419E+000
-0.5019668214676E+000  0.4409706071365E+000
! 6 Hopping Probabilities (diag)
 0.0000000000000E+000
 0.0000000000000E+000
 0.0000000000000E+000
! 7 Ekin (a.u.)
 0.6646362412132E-001
! 8 states (diag, MCH)
           2            2
! 9 Random number
 0.5107944415275E+000
! 10 Runtime (sec)
           2
! 11 Geometry in a.u.
-0.1032396605533E+000 -0.1539862220076E+000  0.1935068353346E-001
 0.2632371508127E+001  0.1760491238941E+000 -0.2242829093749E-001
-0.1318604749091E+001 -0.9111621129901E+000  0.1487119037224E+001
 0.3654393651270E+001  0.8692541181854E+000  0.1219590652725E+001
 0.4226038987538E+001 -0.7097009481912E+000 -0.1365662359767E+001
-0.1360722439422E+001  0.4888340988300E+000 -0.1304350216234E+001
! 12 Velocities in a.u.
-0.1471896399582E-004 -0.2455380123191E-004 -0.1263324136814E-003
 0.1298175094584E-003  0.5396072701968E-004  0.4271502808190E-004
-0.9172467462940E-003 -0.3952447360405E-002  0.6079077835068E-004
 0.1385300758081E-003  0.4113713723562E-002 -0.5138292529172E-003
 0.1417577426615E-002 -0.4177346102723E-002  0.3901819177287E-003
-0.2010337926661E-002  0.3665676258947E-002  0.1059214430071E-002
! 0 Step
          44
! 1 Hamiltonian (MCH) in a.u.
-0.7788220977783E+002  0.0000000000000E+000     0.0000000000000E+000  0.0000000000000E+000     0.0000000000000E+000  0.0000000000000E+000
 0.0000000000000E+000  0.0000000000000E+000    -0.7773568725586E+002  0.0000000000000E+000     0.0000000000000E+000  0.0000000000000E+000
 0.0000000000000E+000  0.0000000000000E+000     0.0000000000000E+000  0.0000000000000E+000    -0.7773472595215E+002  0.0000000000000E+000
! 2 U matrix
 0.1000000000000E+001  0.0000000000000E+000     0.0000000000000E+000  0.0000000000000E+000     0.0000000000000E+000  0.0000000000000E+000
 0.0000000000000E+000  0.0000000000000E+000     0.1000000000000E+001  0.0000000000000E+000     0.0000000000000E+000  0.0000000000000E+000
 0.0000000000000E+000  0.0000000000000E+000     0.0000000000000E+000  0.0000000000000E+000     0.1000000000000E+001  0.0000000000000E+000
! 3 Dipole moments X (MCH) in a.u.
-0.1230000000000E+003  0.0000000000000E+000    -0.1230000000000E+003  0.0000000000000E+000    -0.1230000000000E+003  0.0000000000000E+000
-0.1230000000000E+003  0.0000000000000E+000    -0.1230000000000E+003  0.0000000000000E+000    -0.1230000000000E+003  0.0000000000000E+000
-0.1230000000000E+003  0.0000000000000E+000    -0.1230000000000E+003  0.0000000000000E+000    -0.1230000000000E+003  0.0000000000000E+000
! 3 Dipole moments Y (MCH) in a.u.
-0.1230000000000E+003  0.0000000000000E+000    -0.1230000000000E+003  0.0000000000000E+000    -0.1230000000000E+003  0.0000000000000E+000
-0.1230000000000E+003  0.0000000000000E+000    -0.1230000000000E+003  0.0000000000000E+000    -0.1230000000000E+003  0.0000000000000E+000
-0.1230000000000E+003  0.0000000000000E+000    -0.1230000000000E+003  0.0000000000000E+000    -0.1230000000000E+003  0.0000000000000E+000
! 3 Dipole moments Z (MCH) in a.u.
-0.1230000000000E+003  0.0000000000000E+000    -0.1230000000000E+003  0.0000000000000E+000    -0.1230000000000E+003  0.0000000000000E+000
-0.1230000000000E+003  0.0000000000000E+000    -0.1230000000000E+003  0.0000000000000E+000    -0.1230000000000E+003  0.0000000000000E+000
-0.1230000000000E+003  0.0000000000000E+000    -0.1230000000000E+003  0.0000000000000E+000    -0.1230000000000E+003  0.0000000000000E+000
! 5 Coefficients (diag)
 0.3082302894530E-004  0.4940785225407E-002
-0.7186402496381E+000 -0.6073966863038E+000
 0.2933780608759E+000  0.1689093193261E+000
! 6 Hopping Probabilities (diag)
 0.0000000000000E+000
 0.0000000000000E+000
 0.0000000000000E+000
! 7 Ekin (a.u.)
 0.7913552605734E-001
! 8 states (diag, MCH)
           2            2
! 9 Random number
 0.4304047278296E+000
! 10 Runtime (sec)
           2
! 11 Geometry in a.u.
-0.1025040301503E+000 -0.1543765413279E+000  0.1685501496013E-001
 0.2633980695639E+001  0.1766628508361E+000 -0.2203399244163E-001
-0.1337451486319E+001 -0.9965561426534E+000  0.1489019711206E+001
 0.3659839202021E+001  0.9610503455778E+000  0.1213876641472E+001
 0.4254820977575E+001 -0.7985844859305E+000 -0.1356928039663E+001
-0.1404043338326E+001  0.5686533842291E+000 -0.1284231950107E+001
! 12 Velocities in a.u.
 0.8579068477859E-004 -0.1244711526538E-004 -0.1143465362884E-003
 0.3065833239617E-004  0.1856317247146E-005 -0.2497845561468E-005
-0.8879316807244E-003 -0.4320750266359E-002  0.9015467856824E-004
 0.3679510709732E-003  0.4779779439205E-002 -0.1003284146510E-003
 0.1311571748495E-002 -0.4399271634072E-002  0.5018719584322E-003
-0.2179160156894E-002  0.4066438879015E-002  0.9005817560387E-003
! 0 Step
          45
! 1 Hamiltonian (MCH) in a.u.
-0.7787708282471E+002  0.0000000000000E+000     0.0000000000000E+000  0.0000000000000E+000     0.0000000000000E+000  0.0000000000000E+000
 0.0000000000000E+000  0.0000000000000E+000    -0.7775033569336E+002  0.0000000000000E+000     0.0000000000000E+000  0.0000000000000E+000
 0.0000000000000E+000  0.0000000000000E+000     0.0000000000000E+000  0.0000000000000E+000    -0.7774645996094E+002  0.0000000000000E+000
! 2 U matrix
 0.1000000000000E+001  0.0000000000000E+000     0.0000000000000E+000  0.0000000000000E+000     0.0000000000000E+000  0.0000000000000E+000
 0.0000000000000E+000  0.0000000000000E+000     0.1000000000000E+001  0.0000000000000E+000     0.0000000000000E+000  0.0000000000000E+000
 0.0000000000000E+000  0.0000000000000E+000     0.0000000000000E+000  0.0000000000000E+000     0.1000000000000E+001  0.0000000000000E+000
! 3 Dipole moments X (MCH) in a.u.
-0.1230000000000E+003  0.0000000000000E+000    -0.1230000000000E+003  0.0000000000000E+000    -0.1230000000000E+003  0.0000000000000E+000
-0.1230000000000E+003  0.0000000000000E+000    -0.1230000000000E+003  0.0000000000000E+000    -0.1230000000000E+003  0.0000000000000E+000
-0.1230000000000E+003  0.0000000000000E+000    -0.1230000000000E+003  0.0000000000000E+000    -0.1230000000000E+003  0.0000000000000E+000
! 3 Dipole moments Y (MCH) in a.u.
-0.1230000000000E+003  0.0000000000000E+000    -0.1230000000000E+003  0.0000000000000E+000    -0.1230000000000E+003  0.0000000000000E+000
-0.1230000000000E+003  0.0000000000000E+000    -0.1230000000000E+003  0.0000000000000E+000    -0.1230000000000E+003  0.0000000000000E+000
-0.1230000000000E+003  0.0000000000000E+000    -0.1230000000000E+003  0.0000000000000E+000    -0.1230000000000E+003  0.0000000000000E+000
! 3 Dipole moments Z (MCH) in a.u.
-0.1230000000000E+003  0.0000000000000E+000    -0.1230000000000E+003  0.0000000000000E+000    -0.1230000000000E+003  0.0000000000000E+000
-0.1230000000000E+003  0.0000000000000E+000    -0.1230000000000E+003  0.0000000000000E+000    -0.1230000000000E+003  0.0000000000000E+000
-0.1230000000000E+003  0.0000000000000E+000    -0.1230000000000E+003  0.0000000000000E+000    -0.1230000000000E+003  0.0000000000000E+000
! 5 Coefficients (diag)
 0.6918859866949E-002  0.9326724887556E-002
-0.6373608807472E+000  0.6939031947323E+000
-0.2640363909362E+000  0.2059596802186E+000
! 6 Hopping Probabilities (diag)
 0.1211186520481E-004
 0.0000000000000E+000
 0.2696198160039E-002
! 7 Ekin (a.u.)
 0.9295105467763E-001
! 8 states (diag, MCH)
           2            2
! 9 Random number
 0.1546943691998E+000
! 10 Runtime (sec)
           3
! 11 Geometry in a.u.
-0.9969295582519E-001 -0.1545008028468E+000  0.1462344068717E-001
 0.2633638965692E+001  0.1761258665984E+000 -0.2253155530338E-001
-0.1355313064200E+001 -0.1089787862840E+001  0.1490846155449E+001
 0.3669605253865E+001  0.1066856764441E+001  0.1215442938279E+001
 0.4280261164848E+001 -0.8915728792182E+000 -0.1344914283767E+001
-0.1450811913026E+001  0.6569462666721E+000 -0.1267118929639E+001
! 12 Velocities in a.u.
 0.1892280513895E-003  0.8085035523672E-006 -0.9912986341778E-004
-0.6377352367968E-004 -0.5497369896089E-004 -0.4335545399990E-004
-0.8258105249365E-003 -0.4664371327895E-002  0.4944011739168E-004
 0.5633184534425E-003  0.5424356597508E-002  0.2197793582947E-003
 0.1113785371858E-002 -0.4558193602572E-002  0.6711442779484E-003
-0.2346169085736E-002  0.4443623054412E-002  0.7574452861975E-003
! 0 Step
          46
! 1 Hamiltonian (MCH) in a.u.
-0.7787534332275E+002  0.0000000000000E+000     0.0000000000000E+000  0.0000000000000E+000     0.0000000000000E+000  0.0000000000000E+000
 0.0000000000000E+000  0.0000000000000E+000    -0.7776098632812E+002  0.0000000000000E+000     0.0000000000000E+000  0.0000000000000E+000
 0.0000000000000E+000  0.0000000000000E+000     0.0000000000000E+000  0.0000000000000E+000    -0.7775622558594E+002  0.0000000000000E+000
! 2 U matrix
 0.1000000000000E+001  0.0000000000000E+000     0.0000000000000E+000  0.0000000000000E+000     0.0000000000000E+000  0.0000000000000E+000
 0.0000000000000E+000  0.0000000000000E+000     0.1000000000000E+001  0.0000000000000E+000     0.0000000000000E+000  0.0000000000000E+000
 0.0000000000000E+000  0.0000000000000E+000     0.0000000000000E+000  0.0000000000000E+000     0.1000000000000E+001  0.0000000000000E+000
! 3 Dipole moments X (MCH) in a.u.
-0.1230000000000E+003  0.0000000000000E+000    -0.1230000000000E+003  0.0000000000000E+000    -0.1230000000000E+003  0.0000000000000E+000
-0.1230000000000E+003  0.0000000000000E+000    -0.1230000000000E+003  0.0000000000000E+000    -0.1230000000000E+003  0.0000000000000E+000
-0.1230000000000E+003  0.0000000000000E+000    -0.1230000000000E+003  0.0000000000000E+000    -0.1230000000000E+003  0.0000000000000E+000
! 3 Dipole moments Y (MCH) in a.u.
-0.1230000000000E+003  0.0000000000000E+000    -0.1230000000000E+003  0.0000000000000E+000    -0.1230000000000E+003  0.0000000000000E+000
-0.1230000000000E+003  0.0000000000000E+000    -0.1230000000000E+003  0.0000000000000E+000    -0.1230000000000E+003  0.0000000000000E+000
-0.1230000000000E+003  0.0000000000000E+000    -0.1230000000000E+003  0.0000000000000E+000    -0.1230000000000E+003  0.0000000000000E+000
! 3 Dipole moments Z (MCH) in a.u.
-0.1230000000000E+003  0.0000000000000E+000    -0.1230000000000E+003  0.0000000000000E+000    -0.1230000000000E+003  0.0000000000000E+000
-0.1230000000000E+003  0.0000000000000E+000    -0.1230000000000E+003  0.0000000000000E+000    -0.1230000000000E+003  0.0000000000000E+000
-0.1230000000000E+003  0.0000000000000E+000    -0.1230000000000E+003  0.0000000000000E+000    -0.1230000000000E+003  0.0000000000000E+000
! 5 Coefficients (diag)
 0.2420680227155E-001 -0.4838436668082E-001
 0.3744335838670E+000  0.6670442388698E+000
 0.3016842065730E+000  0.5664901569775E+000
! 6 Hopping Probabilities (diag)
 0.1439137759053E-001
 0.0000000000000E+000
 0.3579620375409E+000
! 7 Ekin (a.u.)
 0.1035824616334E+000
! 8 states (diag, MCH)
           2            2
! 9 Random number
 0.6362664829232E+000
! 10 Runtime (sec)
           2
! 11 Geometry in a.u.
-0.9468108263228E-001 -0.1543431166807E+000  0.1275685026791E-001
 0.2631344210587E+001  0.1743901626238E+000 -0.2382636645156E-001
-0.1371591627534E+001 -0.1189387659094E+001  0.1491063633557E+001
 0.3683127560511E+001  0.1185300696779E+001  0.1222962621975E+001
 0.4300866394448E+001 -0.9870264693884E+000 -0.1329182013507E+001
-0.1501037190406E+001  0.7523588638823E+000 -0.1252918121750E+001
! 12 Velocities in a.u.
 0.2875332871560E-003  0.1454587159954E-004 -0.8262772449268E-004
-0.1560429459871E-003 -0.1087337880866E-003 -0.7906746665445E-004
-0.7480673526396E-003 -0.4869952002069E-002 -0.4330095232258E-004
 0.7595510005497E-003  0.5920191233265E-002  0.4946907180837E-003
 0.8932640645942E-003 -0.4601152753230E-002  0.8310580982288E-003
-0.2471544242493E-002  0.4673225897800E-002  0.6442597594168E-003
! 0 Step
          47
! 1 Hamiltonian (MCH) in a.u.
-0.7787434387207E+002  0.0000000000000E+000     0.0000000000000E+000  0.0000000000000E+000     0.0000000000000E+000  0.0000000000000E+000
 0.0000000000000E+000  0.0000000000000E+000    -0.7776535797119E+002  0.0000000000000E+000     0.0000000000000E+000  0.0000000000000E+000
 0.0000000000000E+000  0.0000000000000E+000     0.0000000000000E+000  0.0000000000000E+000    -0.7776329803467E+002  0.0000000000000E+000
! 2 U matrix
 0.1000000000000E+001  0.0000000000000E+000     0.0000000000000E+000  0.0000000000000E+000     0.0000000000000E+000  0.0000000000000E+000
 0.0000000000000E+000  0.0000000000000E+000     0.1000000000000E+001  0.0000000000000E+000     0.0000000000000E+000  0.0000000000000E+000
 0.0000000000000E+000  0.0000000000000E+000     0.0000000000000E+000  0.0000000000000E+000     0.1000000000000E+001  0.0000000000000E+000
! 3 Dipole moments X (MCH) in a.u.
-0.1230000000000E+003  0.0000000000000E+000    -0.1230000000000E+003  0.0000000000000E+000    -0.1230000000000E+003  0.0000000000000E+000
-0.1230000000000E+003  0.0000000000000E+000    -0.1230000000000E+003  0.0000000000000E+000    -0.1230000000000E+003  0.0000000000000E+000
-0.1230000000000E+003  0.0000000000000E+000    -0.1230000000000E+003  0.0000000000000E+000    -0.1230000000000E+003  0.0000000000000E+000
! 3 Dipole moments Y (MCH) in a.u.
-0.1230000000000E+003  0.0000000000000E+000    -0.1230000000000E+003  0.0000000000000E+000    -0.1230000000000E+003  0.0000000000000E+000
-0.1230000000000E+003  0.0000000000000E+000    -0.1230000000000E+003  0.0000000000000E+000    -0.1230000000000E+003  0.0000000000000E+000
-0.1230000000000E+003  0.0000000000000E+000    -0.1230000000000E+003  0.0000000000000E+000    -0.1230000000000E+003  0.0000000000000E+000
! 3 Dipole moments Z (MCH) in a.u.
-0.1230000000000E+003  0.0000000000000E+000    -0.1230000000000E+003  0.0000000000000E+000    -0.1230000000000E+003  0.0000000000000E+000
-0.1230000000000E+003  0.0000000000000E+000    -0.1230000000000E+003  0.0000000000000E+000    -0.1230000000000E+003  0.0000000000000E+000
-0.1230000000000E+003  0.0000000000000E+000    -0.1230000000000E+003  0.0000000000000E+000    -0.1230000000000E+003  0.0000000000000E+000
! 5 Coefficients (diag)
 0.3995265584706E-002 -0.6678884754497E-001
 0.7716579485716E+000 -0.2624538487661E-001
 0.6301904874025E+000 -0.4731202239306E-001
! 6 Hopping Probabilities (diag)
 0.1654136980324E-001
 0.0000000000000E+000
 0.0000000000000E+000
! 7 Ekin (a.u.)
 0.1080493285859E+000
! 8 states (diag, MCH)
           2            2
! 9 Random number
 0.2662312129693E-001
! 10 Runtime (sec)
           3
! 11 Geometry in a.u.
-0.8780593485458E-001 -0.1538994565385E+000  0.1120749708108E-001
 0.2627187936006E+001  0.1716306624710E+000 -0.2580031296101E-001
-0.1386239195906E+001 -0.1291118366682E+001  0.1489056034613E+001
 0.3701006135345E+001  0.1311605600432E+001  0.1235894131941E+001
 0.4317189928029E+001 -0.1081790852962E+001 -0.1310557200665E+001
-0.1552988946269E+001  0.8501438431927E+000 -0.1240484346400E+001
! 12 Velocities in a.u.
 0.3667087354248E-003  0.2826634032988E-004 -0.6921154106285E-004
-0.2378364448607E-003 -0.1545535740525E-003 -0.1097115227850E-003
-0.6764894160739E-003 -0.4906144781687E-002 -0.1726587287136E-003
 0.9800920882738E-003  0.6196530605027E-002  0.6982360531060E-003
 0.6783618538239E-003 -0.4488532403593E-002  0.1002561225141E-002
-0.2517565167474E-002  0.4702943962088E-002  0.6038507709240E-003
! 0 Step
          48
! 1 Hamiltonian (MCH) in a.u.
-0.7787011718750E+002  0.0000000000000E+000     0.0000000000000E+000  0.0000000000000E+000     0.0000000000000E+000  0.0000000000000E+000
 0.0000000000000E+000  0.0000000000000E+000    -0.7776654052734E+002  0.0000000000000E+000     0.0000000000000E+000  0.0000000000000E+000
 0.0000000000000E+000  0.0000000000000E+000     0.0000000000000E+000  0.0000000000000E+000    -0.7776396942139E+002  0.0000000000000E+000
! 2 U matrix
 0.1000000000000E+001  0.0000000000000E+000     0.0000000000000E+000  0.0000000000000E+000     0.0000000000000E+000  0.0000000000000E+000
 0.0000000000000E+000  0.0000000000000E+000     0.1000000000000E+001  0.0000000000000E+000     0.0000000000000E+000  0.0000000000000E+000
 0.0000000000000E+000  0.0000000000000E+000     0.0000000000000E+000  0.0000000000000E+000     0.1000000000000E+001  0.0000000000000E+000
! 3 Dipole moments X (MCH) in a.u.
-0.1230000000000E+003  0.0000000000000E+000    -0.1230000000000E+003  0.0000000000000E+000    -0.1230000000000E+003  0.0000000000000E+000
-0.1230000000000E+003  0.0000000000000E+000    -0.1230000000000E+003  0.0000000000000E+000    -0.1230000000000E+003  0.0000000000000E+000
-0.1230000000000E+003  0.0000000000000E+000    -0.1230000000000E+003  0.0000000000000E+000    -0.1230000000000E+003  0.0000000000000E+000
! 3 Dipole moments Y (MCH) in a.u.
-0.1230000000000E+003  0.0000000000000E+000    -0.1230000000000E+003  0.0000000000000E+000    -0.1230000000000E+003  0.0000000000000E+000
-0.1230000000000E+003  0.0000000000000E+000    -0.1230000000000E+003  0.0000000000000E+000    -0.1230000000000E+003  0.0000000000000E+000
-0.1230000000000E+003  0.0000000000000E+000    -0.1230000000000E+003  0.0000000000000E+000    -0.1230000000000E+003  0.0000000000000E+000
! 3 Dipole moments Z (MCH) in a.u.
-0.1230000000000E+003  0.0000000000000E+000    -0.1230000000000E+003  0.0000000000000E+000    -0.1230000000000E+003  0.0000000000000E+000
-0.1230000000000E+003  0.0000000000000E+000    -0.1230000000000E+003  0.0000000000000E+000    -0.1230000000000E+003  0.0000000000000E+000
-0.1230000000000E+003  0.0000000000000E+000    -0.1230000000000E+003  0.0000000000000E+000    -0.1230000000000E+003  0.0000000000000E+000
! 5 Coefficients (diag)
-0.7517726021154E-002 -0.1791747435869E-001
 0.1961585351417E+000 -0.3012626160561E+000
 0.4071243596379E+000 -0.8394253206543E+000
! 6 Hopping Probabilities (diag)
 0.2121711909638E-002
 0.0000000000000E+000
 0.7750610395284E+000
! 7 Ekin (a.u.)
 0.1066607787812E+000
! 8 states (diag, MCH)
           3            3
! 9 Random number
 0.4838710569928E+000
! 10 Runtime (sec)
           3
! 11 Geometry in a.u.
-0.7952083989581E-001 -0.1531745473523E+000  0.9895550109722E-002
 0.2621511725328E+001  0.1680007056186E+000 -0.2836199147418E-001
-0.1399558629041E+001 -0.1392214422150E+001  0.1483925684593E+001
 0.3723645913435E+001  0.1441473781904E+001  0.1251828659323E+001
 0.4328910805103E+001 -0.1172588563212E+001 -0.1287734755607E+001
-0.1605116791891E+001  0.9467850259935E+000 -0.1227954101590E+001
! 12 Velocities in a.u.
 0.4339925496582E-003  0.4655623017707E-004 -0.6061452508627E-004
-0.3103118571966E-003 -0.1909987818528E-003 -0.1191411542956E-003
-0.5422904069782E-003 -0.4872073687914E-002 -0.2470040476430E-003
 0.1031301642282E-002  0.6241127813177E-002  0.7316392561820E-003
 0.4523871511376E-003 -0.4282645657724E-002  0.1106791466341E-002
-0.2415137611656E-002  0.4634721798699E-002  0.5504838212318E-003
! 0 Step
          49
! 1 Hamiltonian (MCH) in a.u.
-0.7786330413818E+002  0.0000000000000E+000     0.0000000000000E+000  0.0000000000000E+000     0.0000000000000E+000  0.0000000000000E+000
 0.0000000000000E+000  0.0000000000000E+000    -0.7776642608643E+002  0.0000000000000E+000     0.0000000000000E+000  0.0000000000000E+000
 0.0000000000000E+000  0.0000000000000E+000     0.0000000000000E+000  0.0000000000000E+000    -0.7775536346436E+002  0.0000000000000E+000
! 2 U matrix
 0.1000000000000E+001  0.0000000000000E+000     0.0000000000000E+000  0.0000000000000E+000     0.0000000000000E+000  0.0000000000000E+000
 0.0000000000000E+000  0.0000000000000E+000     0.1000000000000E+001  0.0000000000000E+000     0.0000000000000E+000  0.0000000000000E+000
 0.0000000000000E+000  0.0000000000000E+000     0.0000000000000E+000  0.0000000000000E+000     0.1000000000000E+001  0.0000000000000E+000
! 3 Dipole moments X (MCH) in a.u.
-0.1230000000000E+003  0.0000000000000E+000    -0.1230000000000E+003  0.0000000000000E+000    -0.1230000000000E+003  0.0000000000000E+000
-0.1230000000000E+003  0.0000000000000E+000    -0.1230000000000E+003  0.0000000000000E+000    -0.1230000000000E+003  0.0000000000000E+000
-0.1230000000000E+003  0.0000000000000E+000    -0.1230000000000E+003  0.0000000000000E+000    -0.1230000000000E+003  0.0000000000000E+000
! 3 Dipole moments Y (MCH) in a.u.
-0.1230000000000E+003  0.0000000000000E+000    -0.1230000000000E+003  0.0000000000000E+000    -0.1230000000000E+003  0.0000000000000E+000
-0.1230000000000E+003  0.0000000000000E+000    -0.1230000000000E+003  0.0000000000000E+000    -0.1230000000000E+003  0.0000000000000E+000
-0.1230000000000E+003  0.0000000000000E+000    -0.1230000000000E+003  0.0000000000000E+000    -0.1230000000000E+003  0.0000000000000E+000
! 3 Dipole moments Z (MCH) in a.u.
-0.1230000000000E+003  0.0000000000000E+000    -0.1230000000000E+003  0.0000000000000E+000    -0.1230000000000E+003  0.0000000000000E+000
-0.1230000000000E+003  0.0000000000000E+000    -0.1230000000000E+003  0.0000000000000E+000    -0.1230000000000E+003  0.0000000000000E+000
-0.1230000000000E+003  0.0000000000000E+000    -0.1230000000000E+003  0.0000000000000E+000    -0.1230000000000E+003  0.0000000000000E+000
! 5 Coefficients (diag)
-0.1035087792451E-001  0.4339804829091E-001
 0.2435896893798E+000  0.2668979811570E+000
-0.5791786360998E+000 -0.7293772049485E+000
! 6 Hopping Probabilities (diag)
 0.6435484495488E-003
 0.2535097935557E-001
 0.0000000000000E+000
! 7 Ekin (a.u.)
 0.9814177289693E-001
! 8 states (diag, MCH)
           3            3
! 9 Random number
 0.8778649374074E+000
! 10 Runtime (sec)
           3
! 11 Geometry in a.u.
-0.7011349206750E-001 -0.1520772503144E+000  0.8741962132429E-002
 0.2614573925299E+001  0.1636769637818E+000 -0.3105668101307E-001
-0.1409622429605E+001 -0.1491432948987E+001  0.1476255722886E+001
 0.3746602095289E+001  0.1570238461532E+001  0.1266520713283E+001
 0.4335252543828E+001 -0.1257557192722E+001 -0.1261653510888E+001
-0.1653777248432E+001  0.1040652765265E+001 -0.1215202609220E+001
! 12 Velocities in a.u.
 0.4616551715131E-003  0.6063225851130E-004 -0.5151898612254E-004
-0.3465898404574E-003 -0.2212892114257E-003 -0.1335705506860E-003
-0.3713158206662E-003 -0.4655544109982E-002 -0.5545824496852E-003
 0.1073729660607E-002  0.6074305185258E-002  0.5602955673221E-003
 0.1110828340860E-003 -0.3870996576453E-002  0.1446960722339E-002
-0.2184578166147E-002  0.4366571312176E-002  0.7527931970428E-003
! 0 Step
          50
! 1 Hamiltonian (MCH) in a.u.
-0.7785917663574E+002  0.0000000000000E+000     0.0000000000000E+000  0.0000000000000E+000     0.0000000000000E+000  0.0000000000000E+000
 0.0000000000000E+000  0.0000000000000E+000    -0.7776183319092E+002  0.0000000000000E+000     0.0000000000000E+000  0.0000000000000E+000
 0.0000000000000E+000  0.0000000000000E+000     0.0000000000000E+000  0.0000000000000E+000    -0.7774127960205E+002  0.0000000000000E+000
! 2 U matrix
 0.1000000000000E+001  0.0000000000000E+000     0.0000000000000E+000  0.0000000000000E+000     0.0000000000000E+000  0.0000000000000E+000
 0.0000000000000E+000  0.0000000000000E+000     0.1000000000000E+001  0.0000000000000E+000     0.0000000000000E+000  0.0000000000000E+000
 0.0000000000000E+000  0.0000000000000E+000     0.0000000000000E+000  0.0000000000000E+000     0.1000000000000E+001  0.0000000000000E+000
! 3 Dipole moments X (MCH) in a.u.
-0.1230000000000E+003  0.0000000000000E+000    -0.1230000000000E+003  0.0000000000000E+000    -0.1230000000000E+003  0.0000000000000E+000
-0.1230000000000E+003  0.0000000000000E+000    -0.1230000000000E+003  0.0000000000000E+000    -0.1230000000000E+003  0.0000000000000E+000
-0.1230000000000E+003  0.0000000000000E+000    -0.1230000000000E+003  0.0000000000000E+000    -0.1230000000000E+003  0.0000000000000E+000
! 3 Dipole moments Y (MCH) in a.u.
-0.1230000000000E+003  0.0000000000000E+000    -0.1230000000000E+003  0.0000000000000E+000    -0.1230000000000E+003  0.0000000000000E+000
-0.1230000000000E+003  0.0000000000000E+000    -0.1230000000000E+003  0.0000000000000E+000    -0.1230000000000E+003  0.0000000000000E+000
-0.1230000000000E+003  0.0000000000000E+000    -0.1230000000000E+003  0.0000000000000E+000    -0.1230000000000E+003  0.0000000000000E+000
! 3 Dipole moments Z (MCH) in a.u.
-0.1230000000000E+003  0.0000000000000E+000    -0.1230000000000E+003  0.0000000000000E+000    -0.1230000000000E+003  0.0000000000000E+000
-0.1230000000000E+003  0.0000000000000E+000    -0.1230000000000E+003  0.0000000000000E+000    -0.1230000000000E+003  0.0000000000000E+000
-0.1230000000000E+003  0.0000000000000E+000    -0.1230000000000E+003  0.0000000000000E+000    -0.1230000000000E+003  0.0000000000000E+000
! 5 Coefficients (diag)
-0.8911679413748E-002  0.3609056099773E-001
 0.5185262121143E+000 -0.1189063298208E+000
-0.7394225716509E+000  0.4109308530508E+000
! 6 Hopping Probabilities (diag)
 0.5263093758560E-002
 0.2431008376177E+000
 0.0000000000000E+000
! 7 Ekin (a.u.)
 0.8446344634905E-001
! 8 states (diag, MCH)
           3            3
! 9 Random number
 0.2584068148702E+000
! 10 Runtime (sec)
           2
! 11 Geometry in a.u.
-0.6043538109817E-001 -0.1506679265170E+000  0.7765684470580E-002
 0.2607183225339E+001  0.1588523057140E+000 -0.3388398147668E-001
-0.1414909335009E+001 -0.1584681009279E+001  0.1460998484496E+001
 0.3768035372195E+001  0.1692593900319E+001  0.1274992047549E+001
 0.4333503122018E+001 -0.1332620877859E+001 -0.1227915412183E+001
-0.1695430253437E+001  0.1127305080805E+001 -0.1196832596987E+001
! 12 Velocities in a.u.
 0.4657895491504E-003  0.7641143639724E-004 -0.4371605299877E-004
-0.3574659272614E-003 -0.2395734215586E-003 -0.1313430079471E-003
-0.1013255941966E-003 -0.4316818806620E-002 -0.9303520602589E-003
 0.9086565504769E-003  0.5652776769939E-002  0.1895367621854E-003
-0.3154068517042E-003 -0.3354486582379E-002  0.1794297618744E-002
-0.1782673612153E-002  0.3962713647283E-002  0.1032464848189E-002
! 0 Step
          51
! 1 Hamiltonian (MCH) in a.u.
-0.7785768890381E+002  0.0000000000000E+000     0.0000000000000E+000  0.0000000000000E+000     0.0000000000000E+000  0.0000000000000E+000
 0.0000000000000E+000  0.0000000000000E+000    -0.7775493621826E+002  0.0000000000000E+000     0.0000000000000E+000  0.0000000000000E+000
 0.0000000000000E+000  0.0000000000000E+000     0.0000000000000E+000  0.0000000000000E+000    -0.7772670745850E+002  0.0000000000000E+000
! 2 U matrix
 0.1000000000000E+001  0.0000000000000E+000     0.0000000000000E+000  0.0000000000000E+000     0.0000000000000E+000  0.0000000000000E+000
 0.0000000000000E+000  0.0000000000000E+000     0.1000000000000E+001  0.0000000000000E+000     0.0000000000000E+000  0.0000000000000E+000
 0.0000000000000E+000  0.0000000000000E+000     0.0000000000000E+000  0.0000000000000E+000     0.1000000000000E+001  0.0000000000000E+000
! 3 Dipole moments X (MCH) in a.u.
-0.1230000000000E+003  0.0000000000000E+000    -0.1230000000000E+003  0.0000000000000E+000    -0.1230000000000E+003  0.0000000000000E+000
-0.1230000000000E+003  0.0000000000000E+000    -0.1230000000000E+003  0.0000000000000E+000    -0.1230000000000E+003  0.0000000000000E+000
-0.1230000000000E+003  0.0000000000000E+000    -0.1230000000000E+003  0.0000000000000E+000    -0.1230000000000E+003  0.0000000000000E+000
! 3 Dipole moments Y (MCH) in a.u.
-0.1230000000000E+003  0.0000000000000E+000    -0.1230000000000E+003  0.0000000000000E+000    -0.1230000000000E+003  0.0000000000000E+000
-0.1230000000000E+003  0.0000000000000E+000    -0.1230000000000E+003  0.0000000000000E+000    -0.1230000000000E+003  0.0000000000000E+000
-0.1230000000000E+003  0.0000000000000E+000    -0.1230000000000E+003  0.0000000000000E+000    -0.1230000000000E+003  0.0000000000000E+000
! 3 Dipole moments Z (MCH) in a.u.
-0.1230000000000E+003  0.0000000000000E+000    -0.1230000000000E+003  0.0000000000000E+000    -0.1230000000000E+003  0.0000000000000E+000
-0.1230000000000E+003  0.0000000000000E+000    -0.1230000000000E+003  0.0000000000000E+000    -0.1230000000000E+003  0.0000000000000E+000
-0.1230000000000E+003  0.0000000000000E+000    -0.1230000000000E+003  0.0000000000000E+000    -0.1230000000000E+003  0.0000000000000E+000
! 5 Coefficients (diag)
-0.2841154192087E-001  0.4751022063277E-002
 0.7708176971696E-001 -0.4620049745066E+000
 0.5148073999062E+000  0.7174631400883E+000
! 6 Hopping Probabilities (diag)
 0.0000000000000E+000
 0.0000000000000E+000
 0.0000000000000E+000
! 7 Ekin (a.u.)
 0.7005964535310E-001
! 8 states (diag, MCH)
           3            3
! 9 Random number
 0.7645005734293E+000
! 10 Runtime (sec)
           3
! 11 Geometry in a.u.
-0.5085711242044E-001 -0.1489182965952E+000  0.6934680464666E-002
 0.2599795792946E+001  0.1537726695199E+000 -0.3648658133957E-001
-0.1413811368823E+001 -0.1669896166892E+001  0.1437793691030E+001
 0.3784167204976E+001  0.1803932016359E+001  0.1274356423329E+001
 0.4322213191419E+001 -0.1396236274872E+001 -0.1187474783157E+001
-0.1727475423766E+001  0.1204476789578E+001 -0.1172519094475E+001
! 12 Velocities in a.u.
 0.4550062957693E-003  0.9226464946925E-004 -0.3712126518032E-004
-0.3511947626242E-003 -0.2502424517801E-003 -0.1174787477482E-003
 0.2190948001209E-003 -0.3895130387494E-002 -0.1297133913785E-002
 0.6354244867957E-003  0.5081167319349E-002 -0.2418802487948E-003
-0.7919323638492E-003 -0.2776269829490E-002  0.2083803993133E-002
-0.1299571830402E-002  0.3472644952791E-002  0.1297373968964E-002
! 0 Step
          52
! 1 Hamiltonian (MCH) in a.u.
-0.7785739135742E+002  0.0000000000000E+000     0.0000000000000E+000  0.0000000000000E+000     0.0000000000000E+000  0.0000000000000E+000
 0.0000000000000E+000  0.0000000000000E+000    -0.7774828338623E+002  0.0000000000000E+000     0.0000000000000E+000  0.0000000000000E+000
 0.0000000000000E+000  0.0000000000000E+000     0.0000000000000E+000  0.0000000000000E+000    -0.7771426391602E+002  0.0000000000000E+000
! 2 U matrix
 0.1000000000000E+001  0.0000000000000E+000     0.0000000000000E+000  0.0000000000000E+000     0.0000000000000E+000  0.0000000000000E+000
 0.0000000000000E+000  0.0000000000000E+000     0.1000000000000E+001  0.0000000000000E+000     0.0000000000000E+000  0.0000000000000E+000
 0.0000000000000E+000  0.0000000000000E+000     0.0000000000000E+000  0.0000000000000E+000     0.1000000000000E+001  0.0000000000000E+000
! 3 Dipole moments X (MCH) in a.u.
-0.1230000000000E+003  0.0000000000000E+000    -0.1230000000000E+003  0.0000000000000E+000    -0.1230000000000E+003  0.0000000000000E+000
-0.1230000000000E+003  0.0000000000000E+000    -0.1230000000000E+003  0.0000000000000E+000    -0.1230000000000E+003  0.0000000000000E+000
-0.1230000000000E+003  0.0000000000000E+000    -0.1230000000000E+003  0.0000000000000E+000    -0.1230000000000E+003  0.0000000000000E+000
! 3 Dipole moments Y (MCH) in a.u.
-0.1230000000000E+003  0.0000000000000E+000    -0.1230000000000E+003  0.0000000000000E+000    -0.1230000000000E+003  0.0000000000000E+000
-0.1230000000000E+003  0.0000000000000E+000    -0.1230000000000E+003  0.0000000000000E+000    -0.1230000000000E+003  0.0000000000000E+000
-0.1230000000000E+003  0.0000000000000E+000    -0.1230000000000E+003  0.0000000000000E+000    -0.1230000000000E+003  0.0000000000000E+000
! 3 Dipole moments Z (MCH) in a.u.
-0.1230000000000E+003  0.0000000000000E+000    -0.1230000000000E+003  0.0000000000000E+000    -0.1230000000000E+003  0.0000000000000E+000
-0.1230000000000E+003  0.0000000000000E+000    -0.1230000000000E+003  0.0000000000000E+000    -0.1230000000000E+003  0.0000000000000E+000
-0.1230000000000E+003  0.0000000000000E+000    -0.1230000000000E+003  0.0000000000000E+000    -0.1230000000000E+003  0.0000000000000E+000
! 5 Coefficients (diag)
-0.1591162772123E-001 -0.2081746705069E-002
-0.3769885932161E+000 -0.1659819977344E+000
 0.4796374840651E+000 -0.7746095450785E+000
! 6 Hopping Probabilities (diag)
 0.0000000000000E+000
 0.0000000000000E+000
 0.0000000000000E+000
! 7 Ekin (a.u.)
 0.5770663850670E-001
! 8 states (diag, MCH)
           3            3
! 9 Random number
 0.8551763637803E+000
! 10 Runtime (sec)
           2
! 11 Geometry in a.u.
-0.4162479595492E-001 -0.1468535791977E+000  0.6231040388087E-002
 0.2592664351544E+001  0.1485069390906E+000 -0.3874071424629E-001
-0.1405851655081E+001 -0.1745711048818E+001  0.1407373187100E+001
 0.3794304693130E+001  0.1902656335447E+001  0.1264992385881E+001
 0.4300763550508E+001 -0.1447395685359E+001 -0.1141768093346E+001
-0.1749156337654E+001  0.1270868992259E+001 -0.1143197375381E+001
! 12 Velocities in a.u.
 0.4326305706719E-003  0.1062385327756E-003 -0.3111061605255E-004
-0.3338712263376E-003 -0.2595334860328E-003 -0.1009857627662E-003
 0.5507989411547E-003 -0.3414974993285E-002 -0.1621457208711E-002
 0.3559977445666E-003  0.4463849583811E-002 -0.6273582831160E-003
-0.1288694355352E-002 -0.2153038846929E-002  0.2309425075997E-002
-0.7948869893247E-003  0.2930776995543E-002  0.1513408244383E-002
! 0 Step
          53
! 1 Hamiltonian (MCH) in a.u.
-0.7785832214355E+002  0.0000000000000E+000     0.0000000000000E+000  0.0000000000000E+000     0.0000000000000E+000  0.0000000000000E+000
 0.0000000000000E+000  0.0000000000000E+000    -0.7774284362793E+002  0.0000000000000E+000     0.0000000000000E+000  0.0000000000000E+000
 0.0000000000000E+000  0.0000000000000E+000     0.0000000000000E+000  0.0000000000000E+000    -0.7770482635498E+002  0.0000000000000E+000
! 2 U matrix
 0.1000000000000E+001  0.0000000000000E+000     0.0000000000000E+000  0.0000000000000E+000     0.0000000000000E+000  0.0000000000000E+000
 0.0000000000000E+000  0.0000000000000E+000     0.1000000000000E+001  0.0000000000000E+000     0.0000000000000E+000  0.0000000000000E+000
 0.0000000000000E+000  0.0000000000000E+000     0.0000000000000E+000  0.0000000000000E+000     0.1000000000000E+001  0.0000000000000E+000
! 3 Dipole moments X (MCH) in a.u.
-0.1230000000000E+003  0.0000000000000E+000    -0.1230000000000E+003  0.0000000000000E+000    -0.1230000000000E+003  0.0000000000000E+000
-0.1230000000000E+003  0.0000000000000E+000    -0.1230000000000E+003  0.0000000000000E+000    -0.1230000000000E+003  0.0000000000000E+000
-0.1230000000000E+003  0.0000000000000E+000    -0.1230000000000E+003  0.0000000000000E+000    -0.1230000000000E+003  0.0000000000000E+000
! 3 Dipole moments Y (MCH) in a.u.
-0.1230000000000E+003  0.0000000000000E+000    -0.1230000000000E+003  0.0000000000000E+000    -0.1230000000000E+003  0.0000000000000E+000
-0.1230000000000E+003  0.0000000000000E+000    -0.1230000000000E+003  0.0000000000000E+000    -0.1230000000000E+003  0.0000000000000E+000
-0.1230000000000E+003  0.0000000000000E+000    -0.1230000000000E+003  0.0000000000000E+000    -0.1230000000000E+003  0.0000000000000E+000
! 3 Dipole moments Z (MCH) in a.u.
-0.1230000000000E+003  0.0000000000000E+000    -0.1230000000000E+003  0.0000000000000E+000    -0.1230000000000E+003  0.0000000000000E+000
-0.1230000000000E+003  0.0000000000000E+000    -0.1230000000000E+003  0.0000000000000E+000    -0.1230000000000E+003  0.0000000000000E+000
-0.1230000000000E+003  0.0000000000000E+000    -0.1230000000000E+003  0.0000000000000E+000    -0.1230000000000E+003  0.0000000000000E+000
! 5 Coefficients (diag)
-0.5089510609767E-002 -0.8110760628133E-002
-0.1869877005948E+000  0.3105069585377E+000
-0.9300132149925E+000  0.6003966113319E-001
! 6 Hopping Probabilities (diag)
 0.0000000000000E+000
 0.0000000000000E+000
 0.0000000000000E+000
! 7 Ekin (a.u.)
 0.4825233781450E-001
! 8 states (diag, MCH)
           3            3
! 9 Random number
 0.1096503401176E+000
! 10 Runtime (sec)
           3
! 11 Geometry in a.u.
-0.3297157048208E-001 -0.1445262497491E+000  0.5648524871751E-002
 0.2585993097932E+001  0.1430431987809E+000 -0.4066147145963E-001
-0.1391040584164E+001 -0.1811075923020E+001  0.1370760423218E+001
 0.3798884640641E+001  0.1988473688515E+001  0.1248420570332E+001
 0.4268936796960E+001 -0.1485245857648E+001 -0.1091999978901E+001
-0.1760337143551E+001  0.1325639135512E+001 -0.1109952719236E+001
! 12 Velocities in a.u.
 0.3990498520248E-003  0.1174282633055E-003 -0.2526736841838E-004
-0.3065555601187E-003 -0.2692231340204E-003 -0.8631600480752E-004
 0.8763430508767E-003 -0.2890587347150E-002 -0.1894327325593E-002
 0.9922630299303E-004  0.3837748150560E-002 -0.9380440089547E-003
-0.1788559699891E-002 -0.1494272225843E-002  0.2482434980507E-002
-0.2891419868279E-003  0.2355849645167E-002  0.1679527906390E-002
! 0 Step
          54
! 1 Hamiltonian (MCH) in a.u.
-0.7786108398438E+002  0.0000000000000E+000     0.0000000000000E+000  0.0000000000000E+000     0.0000000000000E+000  0.0000000000000E+000
 0.0000000000000E+000  0.0000000000000E+000    -0.7773863983154E+002  0.0000000000000E+000     0.0000000000000E+000  0.0000000000000E+000
 0.0000000000000E+000  0.0000000000000E+000     0.0000000000000E+000  0.0000000000000E+000    -0.7769841766357E+002  0.0000000000000E+000
! 2 U matrix
 0.1000000000000E+001  0.0000000000000E+000     0.0000000000000E+000  0.0000000000000E+000     0.0000000000000E+000  0.0000000000000E+000
 0.0000000000000E+000  0.0000000000000E+000     0.1000000000000E+001  0.0000000000000E+000     0.0000000000000E+000  0.0000000000000E+000
 0.0000000000000E+000  0.0000000000000E+000     0.0000000000000E+000  0.0000000000000E+000     0.1000000000000E+001  0.0000000000000E+000
! 3 Dipole moments X (MCH) in a.u.
-0.1230000000000E+003  0.0000000000000E+000    -0.1230000000000E+003  0.0000000000000E+000    -0.1230000000000E+003  0.0000000000000E+000
-0.1230000000000E+003  0.0000000000000E+000    -0.1230000000000E+003  0.0000000000000E+000    -0.1230000000000E+003  0.0000000000000E+000
-0.1230000000000E+003  0.0000000000000E+000    -0.1230000000000E+003  0.0000000000000E+000    -0.1230000000000E+003  0.0000000000000E+000
! 3 Dipole moments Y (MCH) in a.u.
-0.1230000000000E+003  0.0000000000000E+000    -0.1230000000000E+003  0.0000000000000E+000    -0.1230000000000E+003  0.0000000000000E+000
-0.1230000000000E+003  0.0000000000000E+000    -0.1230000000000E+003  0.0000000000000E+000    -0.1230000000000E+003  0.0000000000000E+000
-0.1230000000000E+003  0.0000000000000E+000    -0.1230000000000E+003  0.0000000000000E+000    -0.1230000000000E+003  0.0000000000000E+000
! 3 Dipole moments Z (MCH) in a.u.
-0.1230000000000E+003  0.0000000000000E+000    -0.1230000000000E+003  0.0000000000000E+000    -0.1230000000000E+003  0.0000000000000E+000
-0.1230000000000E+003  0.0000000000000E+000    -0.1230000000000E+003  0.0000000000000E+000    -0.1230000000000E+003  0.0000000000000E+000
-0.1230000000000E+003  0.0000000000000E+000    -0.1230000000000E+003  0.0000000000000E+000    -0.1230000000000E+003  0.0000000000000E+000
! 5 Coefficients (diag)
 0.1243851700736E-002 -0.1008258838555E-001
 0.2697920694666E+000  0.1728181006773E+000
 0.7090517407680E+000  0.6280832480567E+000
! 6 Hopping Probabilities (diag)
 0.0000000000000E+000
 0.0000000000000E+000
 0.0000000000000E+000
! 7 Ekin (a.u.)
 0.4185193753630E-001
! 8 states (diag, MCH)
           3            3
! 9 Random number
 0.5508253724454E+000
! 10 Runtime (sec)
           3
! 11 Geometry in a.u.
-0.2512752704301E-001 -0.1419989335243E+000  0.5186452677105E-002
 0.2579990923685E+001  0.1373768849966E+000 -0.4230913642584E-001
-0.1369622429845E+001 -0.1865211899494E+001  0.1329059093914E+001
 0.3798406844767E+001  0.2061314114506E+001  0.1226212358302E+001
 0.4226822036223E+001 -0.1509170951312E+001 -0.1039140822036E+001
-0.1761109864478E+001  0.1368263051961E+001 -0.1073763385176E+001
! 12 Velocities in a.u.
 0.3546351501731E-003  0.1256648485500E-003 -0.1936401588439E-004
-0.2692375953619E-003 -0.2786023291602E-003 -0.7469308904231E-004
 0.1185940201838E-002 -0.2331585006348E-002 -0.2113037044445E-002
-0.1351525262073E-003  0.3203359961748E-002 -0.1177687960800E-002
-0.2277792188004E-002 -0.8071623217362E-003  0.2611421653255E-002
 0.2094345685373E-003  0.1757740454630E-002  0.1800057589040E-002
! 0 Step
          55
! 1 Hamiltonian (MCH) in a.u.
-0.7786573028564E+002  0.0000000000000E+000     0.0000000000000E+000  0.0000000000000E+000     0.0000000000000E+000  0.0000000000000E+000
 0.0000000000000E+000  0.0000000000000E+000    -0.7773583221436E+002  0.0000000000000E+000     0.0000000000000E+000  0.0000000000000E+000
 0.0000000000000E+000  0.0000000000000E+000     0.0000000000000E+000  0.0000000000000E+000    -0.7769503784180E+002  0.0000000000000E+000
! 2 U matrix
 0.1000000000000E+001  0.0000000000000E+000     0.0000000000000E+000  0.0000000000000E+000     0.0000000000000E+000  0.0000000000000E+000
 0.0000000000000E+000  0.0000000000000E+000     0.1000000000000E+001  0.0000000000000E+000     0.0000000000000E+000  0.0000000000000E+000
 0.0000000000000E+000  0.0000000000000E+000     0.0000000000000E+000  0.0000000000000E+000     0.1000000000000E+001  0.0000000000000E+000
! 3 Dipole moments X (MCH) in a.u.
-0.1230000000000E+003  0.0000000000000E+000    -0.1230000000000E+003  0.0000000000000E+000    -0.1230000000000E+003  0.0000000000000E+000
-0.1230000000000E+003  0.0000000000000E+000    -0.1230000000000E+003  0.0000000000000E+000    -0.1230000000000E+003  0.0000000000000E+000
-0.1230000000000E+003  0.0000000000000E+000    -0.1230000000000E+003  0.0000000000000E+000    -0.1230000000000E+003  0.0000000000000E+000
! 3 Dipole moments Y (MCH) in a.u.
-0.1230000000000E+003  0.0000000000000E+000    -0.1230000000000E+003  0.0000000000000E+000    -0.1230000000000E+003  0.0000000000000E+000
-0.1230000000000E+003  0.0000000000000E+000    -0.1230000000000E+003  0.0000000000000E+000    -0.1230000000000E+003  0.0000000000000E+000
-0.1230000000000E+003  0.0000000000000E+000    -0.1230000000000E+003  0.0000000000000E+000    -0.1230000000000E+003  0.0000000000000E+000
! 3 Dipole moments Z (MCH) in a.u.
-0.1230000000000E+003  0.0000000000000E+000    -0.1230000000000E+003  0.0000000000000E+000    -0.1230000000000E+003  0.0000000000000E+000
-0.1230000000000E+003  0.0000000000000E+000    -0.1230000000000E+003  0.0000000000000E+000    -0.1230000000000E+003  0.0000000000000E+000
-0.1230000000000E+003  0.0000000000000E+000    -0.1230000000000E+003  0.0000000000000E+000    -0.1230000000000E+003  0.0000000000000E+000
! 5 Coefficients (diag)
 0.5587518807337E-003 -0.4948814547708E-002
 0.1428220357796E+000 -0.2466651997676E+000
-0.1493063380883E+000 -0.9468056610292E+000
! 6 Hopping Probabilities (diag)
 0.0000000000000E+000
 0.0000000000000E+000
 0.0000000000000E+000
! 7 Ekin (a.u.)
 0.3847472488442E-001
! 8 states (diag, MCH)
           3            3
! 9 Random number
 0.3694165323028E+000
! 10 Runtime (sec)
           2
! 11 Geometry in a.u.
-0.1831046634100E-001 -0.1393310923301E+000  0.4847989861806E-002
 0.2574862445986E+001  0.1315253958790E+000 -0.4374938633929E-001
-0.1342012187527E+001 -0.1907466849230E+001  0.1283404569892E+001
 0.3793297249597E+001  0.2120904988621E+001  0.1199733332672E+001
 0.4174769739736E+001 -0.1518615056533E+001 -0.9840402213980E+000
-0.1751678830864E+001  0.1398306539874E+001 -0.1035535866422E+001
! 12 Velocities in a.u.
 0.2996630617395E-003  0.1311779983202E-003 -0.1321483588180E-004
-0.2222705093247E-003 -0.2871325450904E-003 -0.6624144724188E-004
 0.1474902225927E-002 -0.1740655515175E-002 -0.2274789132662E-002
-0.3486865221316E-003  0.2550847821575E-002 -0.1352842484170E-002
-0.2747159457555E-002 -0.8929688235162E-004  0.2699224281747E-002
 0.6987587508163E-003  0.1137407896187E-002  0.1875182925351E-002
! 0 Step
          56
! 1 Hamiltonian (MCH) in a.u.
-0.7787184143066E+002  0.0000000000000E+000     0.0000000000000E+000  0.0000000000000E+000     0.0000000000000E+000  0.0000000000000E+000
 0.0000000000000E+000  0.0000000000000E+000    -0.7773464965820E+002  0.0000000000000E+000     0.0000000000000E+000  0.0000000000000E+000
 0.0000000000000E+000  0.0000000000000E+000     0.0000000000000E+000  0.0000000000000E+000    -0.7769477844238E+002  0.0000000000000E+000
! 2 U matrix
 0.1000000000000E+001  0.0000000000000E+000     0.0000000000000E+000  0.0000000000000E+000     0.0000000000000E+000  0.0000000000000E+000
 0.0000000000000E+000  0.0000000000000E+000     0.1000000000000E+001  0.0000000000000E+000     0.0000000000000E+000  0.0000000000000E+000
 0.0000000000000E+000  0.0000000000000E+000     0.0000000000000E+000  0.0000000000000E+000     0.1000000000000E+001  0.0000000000000E+000
! 3 Dipole moments X (MCH) in a.u.
-0.1230000000000E+003  0.0000000000000E+000    -0.1230000000000E+003  0.0000000000000E+000    -0.1230000000000E+003  0.0000000000000E+000
-0.1230000000000E+003  0.0000000000000E+000    -0.1230000000000E+003  0.0000000000000E+000    -0.1230000000000E+003  0.0000000000000E+000
-0.1230000000000E+003  0.0000000000000E+000    -0.1230000000000E+003  0.0000000000000E+000    -0.1230000000000E+003  0.0000000000000E+000
! 3 Dipole moments Y (MCH) in a.u.
-0.1230000000000E+003  0.0000000000000E+000    -0.1230000000000E+003  0.0000000000000E+000    -0.1230000000000E+003  0.0000000000000E+000
-0.1230000000000E+003  0.0000000000000E+000    -0.1230000000000E+003  0.0000000000000E+000    -0.1230000000000E+003  0.0000000000000E+000
-0.1230000000000E+003  0.0000000000000E+000    -0.1230000000000E+003  0.0000000000000E+000    -0.1230000000000E+003  0.0000000000000E+000
! 3 Dipole moments Z (MCH) in a.u.
-0.1230000000000E+003  0.0000000000000E+000    -0.1230000000000E+003  0.0000000000000E+000    -0.1230000000000E+003  0.0000000000000E+000
-0.1230000000000E+003  0.0000000000000E+000    -0.1230000000000E+003  0.0000000000000E+000    -0.1230000000000E+003  0.0000000000000E+000
-0.1230000000000E+003  0.0000000000000E+000    -0.1230000000000E+003  0.0000000000000E+000    -0.1230000000000E+003  0.0000000000000E+000
! 5 Coefficients (diag)
 0.1552409823139E-002  0.2776355184465E-003
-0.2300704809585E+000 -0.1084687263793E+000
-0.4608889918006E+000  0.8502240642139E+000
! 6 Hopping Probabilities (diag)
 0.0000000000000E+000
 0.0000000000000E+000
 0.0000000000000E+000
! 7 Ekin (a.u.)
 0.3822656720908E-001
! 8 states (diag, MCH)
           3            3
! 9 Random number
 0.2195448838409E+000
! 10 Runtime (sec)
           2
! 11 Geometry in a.u.
-0.1273904453287E-001 -0.1365758549223E+000  0.4640133213352E-002
 0.2570801955578E+001  0.1255064312534E+000 -0.4504764882652E-001
-0.1308647946290E+001 -0.1937172988995E+001  0.1235016187122E+001
 0.3783991665079E+001  0.2166769666619E+001  0.1170283992101E+001
 0.4113250691477E+001 -0.1512862607063E+001 -0.9275511832893E+000
-0.1732222218089E+001  0.1415285056432E+001 -0.9962407477870E+000
! 12 Velocities in a.u.
 0.2350138476945E-003  0.1340714494836E-003 -0.6677603777724E-005
-0.1667276126136E-003 -0.2946327746968E-003 -0.6069238796209E-004
 0.1740506124887E-002 -0.1117654061386E-002 -0.2380047946497E-002
-0.5405016880826E-003  0.1871987961836E-002 -0.1470343236717E-002
-0.3189723868373E-002  0.6639211634413E-003  0.2747787330789E-002
 0.1176042311379E-002  0.4949410657237E-003  0.1905363126093E-002
! 0 Step
          57
! 1 Hamiltonian (MCH) in a.u.
-0.7787908935547E+002  0.0000000000000E+000     0.0000000000000E+000  0.0000000000000E+000     0.0000000000000E+000  0.0000000000000E+000
 0.0000000000000E+000  0.0000000000000E+000    -0.7773492431641E+002  0.0000000000000E+000     0.0000000000000E+000  0.0000000000000E+000
 0.0000000000000E+000  0.0000000000000E+000     0.0000000000000E+000  0.0000000000000E+000    -0.7769779205322E+002  0.0000000000000E+000
! 2 U matrix
 0.1000000000000E+001  0.0000000000000E+000     0.0000000000000E+000  0.0000000000000E+000     0.0000000000000E+000  0.0000000000000E+000
 0.0000000000000E+000  0.0000000000000E+000     0.1000000000000E+001  0.0000000000000E+000     0.0000000000000E+000  0.0000000000000E+000
 0.0000000000000E+000  0.0000000000000E+000     0.0000000000000E+000  0.0000000000000E+000     0.1000000000000E+001  0.0000000000000E+000
! 3 Dipole moments X (MCH) in a.u.
-0.1230000000000E+003  0.0000000000000E+000    -0.1230000000000E+003  0.0000000000000E+000    -0.1230000000000E+003  0.0000000000000E+000
-0.1230000000000E+003  0.0000000000000E+000    -0.1230000000000E+003  0.0000000000000E+000    -0.1230000000000E+003  0.0000000000000E+000
-0.1230000000000E+003  0.0000000000000E+000    -0.1230000000000E+003  0.0000000000000E+000    -0.1230000000000E+003  0.0000000000000E+000
! 3 Dipole moments Y (MCH) in a.u.
-0.1230000000000E+003  0.0000000000000E+000    -0.1230000000000E+003  0.0000000000000E+000    -0.1230000000000E+003  0.0000000000000E+000
-0.1230000000000E+003  0.0000000000000E+000    -0.1230000000000E+003  0.0000000000000E+000    -0.1230000000000E+003  0.0000000000000E+000
-0.1230000000000E+003  0.0000000000000E+000    -0.1230000000000E+003  0.0000000000000E+000    -0.1230000000000E+003  0.0000000000000E+000
! 3 Dipole moments Z (MCH) in a.u.
-0.1230000000000E+003  0.0000000000000E+000    -0.1230000000000E+003  0.0000000000000E+000    -0.1230000000000E+003  0.0000000000000E+000
-0.1230000000000E+003  0.0000000000000E+000    -0.1230000000000E+003  0.0000000000000E+000    -0.1230000000000E+003  0.0000000000000E+000
-0.1230000000000E+003  0.0000000000000E+000    -0.1230000000000E+003  0.0000000000000E+000    -0.1230000000000E+003  0.0000000000000E+000
! 5 Coefficients (diag)
 0.1336362977835E-003  0.9030087530171E-003
-0.7743420469018E-001  0.2138223202479E+000
 0.9002718972479E+000 -0.3712056533108E+000
! 6 Hopping Probabilities (diag)
 0.0000000000000E+000
 0.0000000000000E+000
 0.0000000000000E+000
! 7 Ekin (a.u.)
 0.4120037311398E-001
! 8 states (diag, MCH)
           3            3
! 9 Random number
 0.2115055576183E+000
! 10 Runtime (sec)
           3
! 11 Geometry in a.u.
-0.8594671124526E-002 -0.1337883944834E+000  0.4571928551046E-002
 0.2567969697508E+001  0.1193448723435E+000 -0.4625849300863E-001
-0.1270057274025E+001 -0.1953672203042E+001  0.1185010119180E+001
 0.3770952167522E+001  0.2198295541830E+001  0.1138947323992E+001
 0.4042902174457E+001 -0.1491167643850E+001 -0.8704429195102E+000
-0.1703059626611E+001  0.1418768083251E+001 -0.9567655380875E+000
! 12 Velocities in a.u.
 0.1629926346436E-003  0.1341306229207E-003  0.2525657987693E-006
-0.1059558263579E-003 -0.2998552455565E-003 -0.5676474955044E-004
 0.1979870185317E-002 -0.4625107428469E-003 -0.2433492942489E-002
-0.7065318665561E-003  0.1163677134263E-002 -0.1538381133586E-002
-0.3586756970690E-002  0.1440246432637E-002  0.2752245329072E-002
 0.1633786046140E-002 -0.1666925067562E-003  0.1893009901339E-002
! 0 Step
          58
! 1 Hamiltonian (MCH) in a.u.
-0.7788707733154E+002  0.0000000000000E+000     0.0000000000000E+000  0.0000000000000E+000     0.0000000000000E+000  0.0000000000000E+000
 0.0000000000000E+000  0.0000000000000E+000    -0.7773632812500E+002  0.0000000000000E+000     0.0000000000000E+000  0.0000000000000E+000
 0.0000000000000E+000  0.0000000000000E+000     0.0000000000000E+000  0.0000000000000E+000    -0.7770352172852E+002  0.0000000000000E+000
! 2 U matrix
 0.1000000000000E+001  0.0000000000000E+000     0.0000000000000E+000  0.0000000000000E+000     0.0000000000000E+000  0.0000000000000E+000
 0.0000000000000E+000  0.0000000000000E+000     0.1000000000000E+001  0.0000000000000E+000     0.0000000000000E+000  0.0000000000000E+000
 0.0000000000000E+000  0.0000000000000E+000     0.0000000000000E+000  0.0000000000000E+000     0.1000000000000E+001  0.0000000000000E+000
! 3 Dipole moments X (MCH) in a.u.
-0.1230000000000E+003  0.0000000000000E+000    -0.1230000000000E+003  0.0000000000000E+000    -0.1230000000000E+003  0.0000000000000E+000
-0.1230000000000E+003  0.0000000000000E+000    -0.1230000000000E+003  0.0000000000000E+000    -0.1230000000000E+003  0.0000000000000E+000
-0.1230000000000E+003  0.0000000000000E+000    -0.1230000000000E+003  0.0000000000000E+000    -0.1230000000000E+003  0.0000000000000E+000
! 3 Dipole moments Y (MCH) in a.u.
-0.1230000000000E+003  0.0000000000000E+000    -0.1230000000000E+003  0.0000000000000E+000    -0.1230000000000E+003  0.0000000000000E+000
-0.1230000000000E+003  0.0000000000000E+000    -0.1230000000000E+003  0.0000000000000E+000    -0.1230000000000E+003  0.0000000000000E+000
-0.1230000000000E+003  0.0000000000000E+000    -0.1230000000000E+003  0.0000000000000E+000    -0.1230000000000E+003  0.0000000000000E+000
! 3 Dipole moments Z (MCH) in a.u.
-0.1230000000000E+003  0.0000000000000E+000    -0.1230000000000E+003  0.0000000000000E+000    -0.1230000000000E+003  0.0000000000000E+000
-0.1230000000000E+003  0.0000000000000E+000    -0.1230000000000E+003  0.0000000000000E+000    -0.1230000000000E+003  0.0000000000000E+000
-0.1230000000000E+003  0.0000000000000E+000    -0.1230000000000E+003  0.0000000000000E+000    -0.1230000000000E+003  0.0000000000000E+000
! 5 Coefficients (diag)
-0.4744365830240E-003  0.1535688934741E-003
 0.1966052038823E+000  0.5486993168435E-001
-0.9078844261447E+000 -0.3661711409897E+000
! 6 Hopping Probabilities (diag)
 0.0000000000000E+000
 0.0000000000000E+000
 0.0000000000000E+000
! 7 Ekin (a.u.)
 0.4677907883481E-001
! 8 states (diag, MCH)
           3            3
! 9 Random number
 0.2398139999483E+000
! 10 Runtime (sec)
           3
! 11 Geometry in a.u.
-0.6000705173187E-002 -0.1310307107645E+000  0.4650574630331E-002
 0.2566421596203E+001  0.1131100036003E+000 -0.4739438152997E-001
-0.1226797393804E+001 -0.1956293818287E+001  0.1134412246878E+001
 0.3754782667410E+001  0.2214877677468E+001  0.1106685203325E+001
 0.3964969232489E+001 -0.1453320841597E+001 -0.8137695816302E+000
-0.1664679259206E+001  0.1408393759278E+001 -0.9179811187286E+000
! 12 Velocities in a.u.
 0.8668168916011E-004  0.1307930864846E-003  0.7511434121729E-005
-0.4758842249751E-004 -0.2979464478269E-003 -0.5122668801544E-004
 0.2193617502188E-002  0.2249274875626E-003 -0.2439254117402E-002
-0.8392860097650E-003  0.4304135915015E-003 -0.1560191754392E-002
-0.3883676994482E-002  0.2178552211652E-002  0.2682796631875E-002
 0.2063522325672E-002 -0.8421485348588E-003  0.1837546338465E-002
! 0 Step
          59
! 1 Hamiltonian (MCH) in a.u.
-0.7789505004883E+002  0.0000000000000E+000     0.0000000000000E+000  0.0000000000000E+000     0.0000000000000E+000  0.0000000000000E+000
 0.0000000000000E+000  0.0000000000000E+000    -0.7773820495605E+002  0.0000000000000E+000     0.0000000000000E+000  0.0000000000000E+000
 0.0000000000000E+000  0.0000000000000E+000     0.0000000000000E+000  0.0000000000000E+000    -0.7771006011963E+002  0.0000000000000E+000
! 2 U matrix
 0.1000000000000E+001  0.0000000000000E+000     0.0000000000000E+000  0.0000000000000E+000     0.0000000000000E+000  0.0000000000000E+000
 0.0000000000000E+000  0.0000000000000E+000     0.1000000000000E+001  0.0000000000000E+000     0.0000000000000E+000  0.0000000000000E+000
 0.0000000000000E+000  0.0000000000000E+000     0.0000000000000E+000  0.0000000000000E+000     0.1000000000000E+001  0.0000000000000E+000
! 3 Dipole moments X (MCH) in a.u.
-0.1230000000000E+003  0.0000000000000E+000    -0.1230000000000E+003  0.0000000000000E+000    -0.1230000000000E+003  0.0000000000000E+000
-0.1230000000000E+003  0.0000000000000E+000    -0.1230000000000E+003  0.0000000000000E+000    -0.1230000000000E+003  0.0000000000000E+000
-0.1230000000000E+003  0.0000000000000E+000    -0.1230000000000E+003  0.0000000000000E+000    -0.1230000000000E+003  0.0000000000000E+000
! 3 Dipole moments Y (MCH) in a.u.
-0.1230000000000E+003  0.0000000000000E+000    -0.1230000000000E+003  0.0000000000000E+000    -0.1230000000000E+003  0.0000000000000E+000
-0.1230000000000E+003  0.0000000000000E+000    -0.1230000000000E+003  0.0000000000000E+000    -0.1230000000000E+003  0.0000000000000E+000
-0.1230000000000E+003  0.0000000000000E+000    -0.1230000000000E+003  0.0000000000000E+000    -0.1230000000000E+003  0.0000000000000E+000
! 3 Dipole moments Z (MCH) in a.u.
-0.1230000000000E+003  0.0000000000000E+000    -0.1230000000000E+003  0.0000000000000E+000    -0.1230000000000E+003  0.0000000000000E+000
-0.1230000000000E+003  0.0000000000000E+000    -0.1230000000000E+003  0.0000000000000E+000    -0.1230000000000E+003  0.0000000000000E+000
-0.1230000000000E+003  0.0000000000000E+000    -0.1230000000000E+003  0.0000000000000E+000    -0.1230000000000E+003  0.0000000000000E+000
! 5 Coefficients (diag)
 0.2752955490131E-002 -0.2373185903321E-002
 0.3891944356667E-001 -0.2202983653765E+000
 0.2778210629210E+000  0.9342141902942E+000
! 6 Hopping Probabilities (diag)
 0.9156129371561E-004
 0.2039606942611E-001
 0.0000000000000E+000
! 7 Ekin (a.u.)
 0.5318926106829E-001
! 8 states (diag, MCH)
           3            3
! 9 Random number
 0.8903543277414E+000
! 10 Runtime (sec)
           4
! 11 Geometry in a.u.
-0.5011131051633E-002 -0.1283812286654E+000  0.4882461553355E-002
 0.2566002326767E+001  0.1070273570100E+000 -0.4837627464260E-001
-0.1179370113913E+001 -0.1944373391805E+001  0.1084168004053E+001
 0.3736254931257E+001  0.2216089430805E+001  0.1074446854199E+001
 0.3882345633915E+001 -0.1401103303538E+001 -0.7595324223695E+000
-0.1617750779760E+001  0.1383952506267E+001 -0.8807988488883E+000
! 12 Velocities in a.u.
 0.1076844210508E-004  0.1233070548982E-003  0.1517398135852E-004
-0.2726419820834E-005 -0.2807173096557E-003 -0.3990204783011E-004
 0.2381530715694E-002  0.9335838026638E-003 -0.2399348029821E-002
-0.9316006052155E-003 -0.3085393899194E-003 -0.1533963194042E-002
-0.3996591977118E-002  0.2764022945399E-002  0.2492752932899E-002
 0.2450835196732E-002 -0.1513418292594E-002  0.1735210226433E-002
! 0 Step
          60
! 1 Hamiltonian (MCH) in a.u.
-0.7790146636963E+002  0.0000000000000E+000     0.0000000000000E+000  0.0000000000000E+000     0.0000000000000E+000  0.0000000000000E+000
 0.0000000000000E+000  0.0000000000000E+000    -0.7773942565918E+002  0.0000000000000E+000     0.0000000000000E+000  0.0000000000000E+000
 0.0000000000000E+000  0.0000000000000E+000     0.0000000000000E+000  0.0000000000000E+000    -0.7771564483643E+002  0.0000000000000E+000
! 2 U matrix
 0.1000000000000E+001  0.0000000000000E+000     0.0000000000000E+000  0.0000000000000E+000     0.0000000000000E+000  0.0000000000000E+000
 0.0000000000000E+000  0.0000000000000E+000     0.1000000000000E+001  0.0000000000000E+000     0.0000000000000E+000  0.0000000000000E+000
 0.0000000000000E+000  0.0000000000000E+000     0.0000000000000E+000  0.0000000000000E+000     0.1000000000000E+001  0.0000000000000E+000
! 3 Dipole moments X (MCH) in a.u.
-0.1230000000000E+003  0.0000000000000E+000    -0.1230000000000E+003  0.0000000000000E+000    -0.1230000000000E+003  0.0000000000000E+000
-0.1230000000000E+003  0.0000000000000E+000    -0.1230000000000E+003  0.0000000000000E+000    -0.1230000000000E+003  0.0000000000000E+000
-0.1230000000000E+003  0.0000000000000E+000    -0.1230000000000E+003  0.0000000000000E+000    -0.1230000000000E+003  0.0000000000000E+000
! 3 Dipole moments Y (MCH) in a.u.
-0.1230000000000E+003  0.0000000000000E+000    -0.1230000000000E+003  0.0000000000000E+000    -0.1230000000000E+003  0.0000000000000E+000
-0.1230000000000E+003  0.0000000000000E+000    -0.1230000000000E+003  0.0000000000000E+000    -0.1230000000000E+003  0.0000000000000E+000
-0.1230000000000E+003  0.0000000000000E+000    -0.1230000000000E+003  0.0000000000000E+000    -0.1230000000000E+003  0.0000000000000E+000
! 3 Dipole moments Z (MCH) in a.u.
-0.1230000000000E+003  0.0000000000000E+000    -0.1230000000000E+003  0.0000000000000E+000    -0.1230000000000E+003  0.0000000000000E+000
-0.1230000000000E+003  0.0000000000000E+000    -0.1230000000000E+003  0.0000000000000E+000    -0.1230000000000E+003  0.0000000000000E+000
-0.1230000000000E+003  0.0000000000000E+000    -0.1230000000000E+003  0.0000000000000E+000    -0.1230000000000E+003  0.0000000000000E+000
! 5 Coefficients (diag)
 0.1770654623615E-002 -0.1586097724647E-002
-0.2702345235056E+000  0.1176897415207E-001
 0.6360806999231E+000 -0.7226551638331E+000
! 6 Hopping Probabilities (diag)
 0.4527960972134E-004
 0.3967260718409E-001
 0.0000000000000E+000
! 7 Ekin (a.u.)
 0.5876571121188E-001
! 8 states (diag, MCH)
           3            3
! 9 Random number
 0.7163002504776E+000
! 10 Runtime (sec)
           3
! 11 Geometry in a.u.
-0.5555522987883E-002 -0.1259330277731E+000  0.5277887858654E-002
 0.2566308882264E+001  0.1015047645002E+000 -0.4904398698615E-001
-0.1128341643377E+001 -0.1917698181761E+001  0.1035219904216E+001
 0.3716269018991E+001  0.2202122235361E+001  0.1043269058238E+001
 0.3799744631494E+001 -0.1339052337104E+001 -0.7107157519988E+000
-0.1563358366355E+001  0.1345826968631E+001 -0.8462451449426E+000
! 12 Velocities in a.u.
-0.5949229120904E-004  0.1109717603898E-003  0.2363355427563E-004
 0.2335535799064E-004 -0.2451788517541E-003 -0.2166894494182E-004
 0.2538191928470E-002  0.1639082661817E-002 -0.2310538282030E-002
-0.9819327167754E-003 -0.1022938932283E-002 -0.1454520958273E-002
-0.3896960184803E-002  0.3130023198350E-002  0.2164843078051E-002
 0.2771296304433E-002 -0.2146999233285E-002  0.1576806850679E-002
