SHARC_version   4.0
 method           0
 integrator           2
 maxmult           3
 nstates_m    3    0    0
 natom           6
 dtstep   20.670686667591056     
 nsteps          60
 nsubsteps          25
 ezero   0.0000000000000000     
 write_overlap           0
 write_grad           0
 write_nacdr           0
 write_property1d           0
 write_property2d           0
 n_property1d           1
 n_property2d           1
 laser           0
 laser_e F
 laser_b F
 laser_egrad F
 laser_freq_path None
************************************* End of settings *************************************
! Atomic numbers
 0.6000000000000E+001
 0.6000000000000E+001
 0.1000000000000E+001
 0.1000000000000E+001
 0.1000000000000E+001
 0.1000000000000E+001
! Elements
 C 
 C 
 H 
 H 
 H 
 H 
! Atomic masses
 0.2189471361552E+005
 0.2189471361552E+005
 0.1837471594742E+004
 0.1837471594742E+004
 0.1837471594742E+004
 0.1837471594742E+004
********************************* End of header array data ********************************
! 0 Step
           0
! 1 Hamiltonian (MCH) in a.u.
-0.7798355865479E+002  0.0000000000000E+000     0.0000000000000E+000  0.0000000000000E+000     0.0000000000000E+000  0.0000000000000E+000
 0.0000000000000E+000  0.0000000000000E+000    -0.7765851593018E+002  0.0000000000000E+000     0.0000000000000E+000  0.0000000000000E+000
 0.0000000000000E+000  0.0000000000000E+000     0.0000000000000E+000  0.0000000000000E+000    -0.7756113433838E+002  0.0000000000000E+000
! 2 U matrix
 0.1000000000000E+001  0.0000000000000E+000     0.0000000000000E+000  0.0000000000000E+000     0.0000000000000E+000  0.0000000000000E+000
 0.0000000000000E+000  0.0000000000000E+000     0.1000000000000E+001  0.0000000000000E+000     0.0000000000000E+000  0.0000000000000E+000
 0.0000000000000E+000  0.0000000000000E+000     0.0000000000000E+000  0.0000000000000E+000     0.1000000000000E+001  0.0000000000000E+000
! 3 Dipole moments X (MCH) in a.u.
-0.1230000000000E+003  0.0000000000000E+000    -0.1230000000000E+003  0.0000000000000E+000    -0.1230000000000E+003  0.0000000000000E+000
-0.1230000000000E+003  0.0000000000000E+000    -0.1230000000000E+003  0.0000000000000E+000    -0.1230000000000E+003  0.0000000000000E+000
-0.1230000000000E+003  0.0000000000000E+000    -0.1230000000000E+003  0.0000000000000E+000    -0.1230000000000E+003  0.0000000000000E+000
! 3 Dipole moments Y (MCH) in a.u.
-0.1230000000000E+003  0.0000000000000E+000    -0.1230000000000E+003  0.0000000000000E+000    -0.1230000000000E+003  0.0000000000000E+000
-0.1230000000000E+003  0.0000000000000E+000    -0.1230000000000E+003  0.0000000000000E+000    -0.1230000000000E+003  0.0000000000000E+000
-0.1230000000000E+003  0.0000000000000E+000    -0.1230000000000E+003  0.0000000000000E+000    -0.1230000000000E+003  0.0000000000000E+000
! 3 Dipole moments Z (MCH) in a.u.
-0.1230000000000E+003  0.0000000000000E+000    -0.1230000000000E+003  0.0000000000000E+000    -0.1230000000000E+003  0.0000000000000E+000
-0.1230000000000E+003  0.0000000000000E+000    -0.1230000000000E+003  0.0000000000000E+000    -0.1230000000000E+003  0.0000000000000E+000
-0.1230000000000E+003  0.0000000000000E+000    -0.1230000000000E+003  0.0000000000000E+000    -0.1230000000000E+003  0.0000000000000E+000
! 5 Coefficients (diag)
 0.0000000000000E+000  0.0000000000000E+000
 0.1000000000000E+001  0.0000000000000E+000
 0.0000000000000E+000  0.0000000000000E+000
! 6 Hopping Probabilities (diag)
 0.0000000000000E+000
 0.0000000000000E+000
 0.0000000000000E+000
! 7 Ekin (a.u.)
 0.5133026117901E-003
! 8 states (diag, MCH)
           2            2
! 9 Random number
 0.0000000000000E+000
! 10 Runtime (sec)
           3
! 11 Geometry in a.u.
-0.1347808000000E-001 -0.1120911300000E+000 -0.3632297000000E-001
 0.2556280140000E+001  0.1255951100000E+000  0.3916310000000E-001
-0.7242361700000E+000 -0.1943690130000E+001  0.3069418800000E+000
 0.3275390000000E+001  0.1735747060000E+001  0.1943445000000E-001
 0.3667065260000E+001 -0.1630499390000E+001 -0.3238502800000E+000
-0.1180003360000E+001  0.1677652950000E+001 -0.3634283000000E-001
! 12 Velocities in a.u.
 0.1500000000000E-003  0.0000000000000E+000  0.0000000000000E+000
-0.1500000000000E-003  0.0000000000000E+000  0.0000000000000E+000
 0.0000000000000E+000  0.0000000000000E+000 -0.7500000000000E-004
 0.0000000000000E+000 -0.7500000000000E-004  0.0000000000000E+000
 0.0000000000000E+000  0.0000000000000E+000  0.7500000000000E-004
 0.0000000000000E+000  0.7500000000000E-004  0.0000000000000E+000
! 0 Step
           1
! 1 Hamiltonian (MCH) in a.u.
-0.7798396301270E+002  0.0000000000000E+000     0.0000000000000E+000  0.0000000000000E+000     0.0000000000000E+000  0.0000000000000E+000
 0.0000000000000E+000  0.0000000000000E+000    -0.7765895080566E+002  0.0000000000000E+000     0.0000000000000E+000  0.0000000000000E+000
 0.0000000000000E+000  0.0000000000000E+000     0.0000000000000E+000  0.0000000000000E+000    -0.7756009674072E+002  0.0000000000000E+000
! 2 U matrix
 0.1000000000000E+001  0.0000000000000E+000     0.0000000000000E+000  0.0000000000000E+000     0.0000000000000E+000  0.0000000000000E+000
 0.0000000000000E+000  0.0000000000000E+000     0.1000000000000E+001  0.0000000000000E+000     0.0000000000000E+000  0.0000000000000E+000
 0.0000000000000E+000  0.0000000000000E+000     0.0000000000000E+000  0.0000000000000E+000     0.1000000000000E+001  0.0000000000000E+000
! 3 Dipole moments X (MCH) in a.u.
-0.1230000000000E+003  0.0000000000000E+000    -0.1230000000000E+003  0.0000000000000E+000    -0.1230000000000E+003  0.0000000000000E+000
-0.1230000000000E+003  0.0000000000000E+000    -0.1230000000000E+003  0.0000000000000E+000    -0.1230000000000E+003  0.0000000000000E+000
-0.1230000000000E+003  0.0000000000000E+000    -0.1230000000000E+003  0.0000000000000E+000    -0.1230000000000E+003  0.0000000000000E+000
! 3 Dipole moments Y (MCH) in a.u.
-0.1230000000000E+003  0.0000000000000E+000    -0.1230000000000E+003  0.0000000000000E+000    -0.1230000000000E+003  0.0000000000000E+000
-0.1230000000000E+003  0.0000000000000E+000    -0.1230000000000E+003  0.0000000000000E+000    -0.1230000000000E+003  0.0000000000000E+000
-0.1230000000000E+003  0.0000000000000E+000    -0.1230000000000E+003  0.0000000000000E+000    -0.1230000000000E+003  0.0000000000000E+000
! 3 Dipole moments Z (MCH) in a.u.
-0.1230000000000E+003  0.0000000000000E+000    -0.1230000000000E+003  0.0000000000000E+000    -0.1230000000000E+003  0.0000000000000E+000
-0.1230000000000E+003  0.0000000000000E+000    -0.1230000000000E+003  0.0000000000000E+000    -0.1230000000000E+003  0.0000000000000E+000
-0.1230000000000E+003  0.0000000000000E+000    -0.1230000000000E+003  0.0000000000000E+000    -0.1230000000000E+003  0.0000000000000E+000
! 5 Coefficients (diag)
 0.0000000000000E+000  0.0000000000000E+000
-0.9955550005927E+000  0.9418195578149E-001
 0.0000000000000E+000  0.0000000000000E+000
! 6 Hopping Probabilities (diag)
 0.0000000000000E+000
 0.0000000000000E+000
 0.0000000000000E+000
! 7 Ekin (a.u.)
 0.9420084190287E-003
! 8 states (diag, MCH)
           2            2
! 9 Random number
 0.5393910569012E+000
! 10 Runtime (sec)
           3
! 11 Geometry in a.u.
-0.1050789233994E-001 -0.1119307263234E+000 -0.3617137641498E-001
 0.2553101826814E+001  0.1251555297931E+000  0.3895074473411E-001
-0.7255030668965E+000 -0.1944732195075E+001  0.3071723960849E+000
 0.3278641432140E+001  0.1739561042575E+001  0.2245729593847E-001
 0.3667526965064E+001 -0.1630213986997E+001 -0.3238243761258E+000
-0.1179969644499E+001  0.1677922207028E+001 -0.3889807937175E-001
! 12 Velocities in a.u.
 0.1362356607487E-003  0.1531764365096E-004  0.1457449443469E-004
-0.1563127070508E-003 -0.4209124098215E-004 -0.2028308497995E-004
-0.1222163126149E-003 -0.9891072409426E-004  0.9723782223304E-004
 0.3131796667862E-003  0.4390001596105E-003  0.2915099527013E-003
 0.4507816780825E-004  0.2819520851810E-004 -0.7364851297595E-004
 0.3190018764150E-005 -0.4925911134676E-004 -0.2470775493399E-003
! 0 Step
           2
! 1 Hamiltonian (MCH) in a.u.
-0.7798473358154E+002  0.0000000000000E+000     0.0000000000000E+000  0.0000000000000E+000     0.0000000000000E+000  0.0000000000000E+000
 0.0000000000000E+000  0.0000000000000E+000    -0.7766049194336E+002  0.0000000000000E+000     0.0000000000000E+000  0.0000000000000E+000
 0.0000000000000E+000  0.0000000000000E+000     0.0000000000000E+000  0.0000000000000E+000    -0.7756034088135E+002  0.0000000000000E+000
! 2 U matrix
 0.1000000000000E+001  0.0000000000000E+000     0.0000000000000E+000  0.0000000000000E+000     0.0000000000000E+000  0.0000000000000E+000
 0.0000000000000E+000  0.0000000000000E+000     0.1000000000000E+001  0.0000000000000E+000     0.0000000000000E+000  0.0000000000000E+000
 0.0000000000000E+000  0.0000000000000E+000     0.0000000000000E+000  0.0000000000000E+000     0.1000000000000E+001  0.0000000000000E+000
! 3 Dipole moments X (MCH) in a.u.
-0.1230000000000E+003  0.0000000000000E+000    -0.1230000000000E+003  0.0000000000000E+000    -0.1230000000000E+003  0.0000000000000E+000
-0.1230000000000E+003  0.0000000000000E+000    -0.1230000000000E+003  0.0000000000000E+000    -0.1230000000000E+003  0.0000000000000E+000
-0.1230000000000E+003  0.0000000000000E+000    -0.1230000000000E+003  0.0000000000000E+000    -0.1230000000000E+003  0.0000000000000E+000
! 3 Dipole moments Y (MCH) in a.u.
-0.1230000000000E+003  0.0000000000000E+000    -0.1230000000000E+003  0.0000000000000E+000    -0.1230000000000E+003  0.0000000000000E+000
-0.1230000000000E+003  0.0000000000000E+000    -0.1230000000000E+003  0.0000000000000E+000    -0.1230000000000E+003  0.0000000000000E+000
-0.1230000000000E+003  0.0000000000000E+000    -0.1230000000000E+003  0.0000000000000E+000    -0.1230000000000E+003  0.0000000000000E+000
! 3 Dipole moments Z (MCH) in a.u.
-0.1230000000000E+003  0.0000000000000E+000    -0.1230000000000E+003  0.0000000000000E+000    -0.1230000000000E+003  0.0000000000000E+000
-0.1230000000000E+003  0.0000000000000E+000    -0.1230000000000E+003  0.0000000000000E+000    -0.1230000000000E+003  0.0000000000000E+000
-0.1230000000000E+003  0.0000000000000E+000    -0.1230000000000E+003  0.0000000000000E+000    -0.1230000000000E+003  0.0000000000000E+000
! 5 Coefficients (diag)
 0.0000000000000E+000  0.0000000000000E+000
 0.9859606976155E+000 -0.1669775516578E+000
 0.0000000000000E+000  0.0000000000000E+000
! 6 Hopping Probabilities (diag)
 0.0000000000000E+000
 0.0000000000000E+000
 0.0000000000000E+000
! 7 Ekin (a.u.)
 0.2472539347487E-002
! 8 states (diag, MCH)
           2            2
! 9 Random number
 0.9600772615284E+000
! 10 Runtime (sec)
           2
! 11 Geometry in a.u.
-0.7845910687424E-002 -0.1114578775752E+000 -0.3572044038440E-001
 0.2549817958021E+001  0.1238550002924E+000  0.3832456941145E-001
-0.7292887602075E+000 -0.1947779235172E+001  0.3109618251112E+000
 0.3288337277526E+001  0.1753895929493E+001  0.3148587178554E-001
 0.3668928853365E+001 -0.1629333761358E+001 -0.3268950106705E+000
-0.1179871480243E+001  0.1675616510688E+001 -0.4655735521000E-001
! 12 Velocities in a.u.
 0.1203558607078E-003  0.2995484140931E-004  0.2887117755328E-004
-0.1599437689366E-003 -0.8258116706275E-004 -0.3972160505934E-004
-0.2426098055397E-003 -0.1911839356372E-003  0.2697773488677E-003
 0.6183126570605E-003  0.9321104560627E-003  0.5802140974228E-003
 0.9089390161888E-004  0.5883331433884E-004 -0.2264275013823E-003
 0.5119887188470E-005 -0.1726815972364E-003 -0.4942737709636E-003
! 0 Step
           3
! 1 Hamiltonian (MCH) in a.u.
-0.7798569488525E+002  0.0000000000000E+000     0.0000000000000E+000  0.0000000000000E+000     0.0000000000000E+000  0.0000000000000E+000
 0.0000000000000E+000  0.0000000000000E+000    -0.7766297912598E+002  0.0000000000000E+000     0.0000000000000E+000  0.0000000000000E+000
 0.0000000000000E+000  0.0000000000000E+000     0.0000000000000E+000  0.0000000000000E+000    -0.7756189727783E+002  0.0000000000000E+000
! 2 U matrix
 0.1000000000000E+001  0.0000000000000E+000     0.0000000000000E+000  0.0000000000000E+000     0.0000000000000E+000  0.0000000000000E+000
 0.0000000000000E+000  0.0000000000000E+000     0.1000000000000E+001  0.0000000000000E+000     0.0000000000000E+000  0.0000000000000E+000
 0.0000000000000E+000  0.0000000000000E+000     0.0000000000000E+000  0.0000000000000E+000     0.1000000000000E+001  0.0000000000000E+000
! 3 Dipole moments X (MCH) in a.u.
-0.1230000000000E+003  0.0000000000000E+000    -0.1230000000000E+003  0.0000000000000E+000    -0.1230000000000E+003  0.0000000000000E+000
-0.1230000000000E+003  0.0000000000000E+000    -0.1230000000000E+003  0.0000000000000E+000    -0.1230000000000E+003  0.0000000000000E+000
-0.1230000000000E+003  0.0000000000000E+000    -0.1230000000000E+003  0.0000000000000E+000    -0.1230000000000E+003  0.0000000000000E+000
! 3 Dipole moments Y (MCH) in a.u.
-0.1230000000000E+003  0.0000000000000E+000    -0.1230000000000E+003  0.0000000000000E+000    -0.1230000000000E+003  0.0000000000000E+000
-0.1230000000000E+003  0.0000000000000E+000    -0.1230000000000E+003  0.0000000000000E+000    -0.1230000000000E+003  0.0000000000000E+000
-0.1230000000000E+003  0.0000000000000E+000    -0.1230000000000E+003  0.0000000000000E+000    -0.1230000000000E+003  0.0000000000000E+000
! 3 Dipole moments Z (MCH) in a.u.
-0.1230000000000E+003  0.0000000000000E+000    -0.1230000000000E+003  0.0000000000000E+000    -0.1230000000000E+003  0.0000000000000E+000
-0.1230000000000E+003  0.0000000000000E+000    -0.1230000000000E+003  0.0000000000000E+000    -0.1230000000000E+003  0.0000000000000E+000
-0.1230000000000E+003  0.0000000000000E+000    -0.1230000000000E+003  0.0000000000000E+000    -0.1230000000000E+003  0.0000000000000E+000
! 5 Coefficients (diag)
 0.0000000000000E+000  0.0000000000000E+000
-0.9802291902107E+000  0.1978654458435E+000
 0.0000000000000E+000  0.0000000000000E+000
! 6 Hopping Probabilities (diag)
 0.0000000000000E+000
 0.0000000000000E+000
 0.0000000000000E+000
! 7 Ekin (a.u.)
 0.4944016529935E-002
! 8 states (diag, MCH)
           2            2
! 9 Random number
 0.8927614899845E+000
! 10 Runtime (sec)
           3
! 11 Geometry in a.u.
-0.5532215769346E-002 -0.1106923520415E+000 -0.3497780228513E-001
 0.2546489531750E+001  0.1217415109351E+000  0.3730859902988E-001
-0.7355328894421E+000 -0.1952636001534E+001  0.3183253621818E+000
 0.3304203326533E+001  0.1778095768929E+001  0.4644414355436E-001
 0.3671284643785E+001 -0.1627781736984E+001 -0.3331851999938E+000
-0.1179757981331E+001  0.1670783312649E+001 -0.5933203586695E-001
! 12 Velocities in a.u.
 0.1027178247936E-003  0.4340136975186E-004  0.4275392544657E-004
-0.1603282066329E-003 -0.1199501234418E-003 -0.5783309265590E-004
-0.3592264773360E-003 -0.2715235892993E-003  0.4442590799080E-003
 0.9047223626997E-003  0.1382000049014E-002  0.8657460870517E-003
 0.1372958410995E-003  0.9436917419029E-004 -0.3870927224625E-003
 0.3674865373296E-005 -0.2927155163891E-003 -0.7432339947440E-003
! 0 Step
           4
! 1 Hamiltonian (MCH) in a.u.
-0.7798657226562E+002  0.0000000000000E+000     0.0000000000000E+000  0.0000000000000E+000     0.0000000000000E+000  0.0000000000000E+000
 0.0000000000000E+000  0.0000000000000E+000    -0.7766616058350E+002  0.0000000000000E+000     0.0000000000000E+000  0.0000000000000E+000
 0.0000000000000E+000  0.0000000000000E+000     0.0000000000000E+000  0.0000000000000E+000    -0.7756475830078E+002  0.0000000000000E+000
! 2 U matrix
 0.1000000000000E+001  0.0000000000000E+000     0.0000000000000E+000  0.0000000000000E+000     0.0000000000000E+000  0.0000000000000E+000
 0.0000000000000E+000  0.0000000000000E+000     0.1000000000000E+001  0.0000000000000E+000     0.0000000000000E+000  0.0000000000000E+000
 0.0000000000000E+000  0.0000000000000E+000     0.0000000000000E+000  0.0000000000000E+000     0.1000000000000E+001  0.0000000000000E+000
! 3 Dipole moments X (MCH) in a.u.
-0.1230000000000E+003  0.0000000000000E+000    -0.1230000000000E+003  0.0000000000000E+000    -0.1230000000000E+003  0.0000000000000E+000
-0.1230000000000E+003  0.0000000000000E+000    -0.1230000000000E+003  0.0000000000000E+000    -0.1230000000000E+003  0.0000000000000E+000
-0.1230000000000E+003  0.0000000000000E+000    -0.1230000000000E+003  0.0000000000000E+000    -0.1230000000000E+003  0.0000000000000E+000
! 3 Dipole moments Y (MCH) in a.u.
-0.1230000000000E+003  0.0000000000000E+000    -0.1230000000000E+003  0.0000000000000E+000    -0.1230000000000E+003  0.0000000000000E+000
-0.1230000000000E+003  0.0000000000000E+000    -0.1230000000000E+003  0.0000000000000E+000    -0.1230000000000E+003  0.0000000000000E+000
-0.1230000000000E+003  0.0000000000000E+000    -0.1230000000000E+003  0.0000000000000E+000    -0.1230000000000E+003  0.0000000000000E+000
! 3 Dipole moments Z (MCH) in a.u.
-0.1230000000000E+003  0.0000000000000E+000    -0.1230000000000E+003  0.0000000000000E+000    -0.1230000000000E+003  0.0000000000000E+000
-0.1230000000000E+003  0.0000000000000E+000    -0.1230000000000E+003  0.0000000000000E+000    -0.1230000000000E+003  0.0000000000000E+000
-0.1230000000000E+003  0.0000000000000E+000    -0.1230000000000E+003  0.0000000000000E+000    -0.1230000000000E+003  0.0000000000000E+000
! 5 Coefficients (diag)
 0.0000000000000E+000  0.0000000000000E+000
 0.9852919876710E+000 -0.1708791942609E+000
 0.0000000000000E+000  0.0000000000000E+000
! 6 Hopping Probabilities (diag)
 0.0000000000000E+000
 0.0000000000000E+000
 0.0000000000000E+000
! 7 Ekin (a.u.)
 0.8107139771578E-002
! 8 states (diag, MCH)
           2            2
! 9 Random number
 0.6081040550923E+000
! 10 Runtime (sec)
           3
! 11 Geometry in a.u.
-0.3599414744452E-002 -0.1096636053450E+000 -0.3395293439097E-001
 0.2543189769774E+001  0.1188960974576E+000  0.3593366993684E-001
-0.7441396761189E+000 -0.1959004393246E+001  0.3293281055913E+000
 0.3325739742487E+001  0.1811029709468E+001  0.6727700398382E-001
 0.3674604851989E+001 -0.1625432410097E+001 -0.3428979554252E+000
-0.1179719556262E+001  0.1663515249244E+001 -0.7728366926211E-001
! 12 Velocities in a.u.
 0.8369638460169E-004  0.5521792381554E-004  0.5619316914605E-004
-0.1568253120412E-003 -0.1524444094530E-003 -0.7443966707297E-004
-0.4706018353301E-003 -0.3353948653000E-003  0.6234542808671E-003
 0.1160832164645E-002  0.1764529799467E-002  0.1149900160189E-002
 0.1842015353625E-003  0.1367186102371E-003 -0.5591377218786E-003
-0.3051325296163E-005 -0.4073342464662E-003 -0.9967973872331E-003
! 0 Step
           5
! 1 Hamiltonian (MCH) in a.u.
-0.7798701477051E+002  0.0000000000000E+000     0.0000000000000E+000  0.0000000000000E+000     0.0000000000000E+000  0.0000000000000E+000
 0.0000000000000E+000  0.0000000000000E+000    -0.7766973114014E+002  0.0000000000000E+000     0.0000000000000E+000  0.0000000000000E+000
 0.0000000000000E+000  0.0000000000000E+000     0.0000000000000E+000  0.0000000000000E+000    -0.7756887817383E+002  0.0000000000000E+000
! 2 U matrix
 0.1000000000000E+001  0.0000000000000E+000     0.0000000000000E+000  0.0000000000000E+000     0.0000000000000E+000  0.0000000000000E+000
 0.0000000000000E+000  0.0000000000000E+000     0.1000000000000E+001  0.0000000000000E+000     0.0000000000000E+000  0.0000000000000E+000
 0.0000000000000E+000  0.0000000000000E+000     0.0000000000000E+000  0.0000000000000E+000     0.1000000000000E+001  0.0000000000000E+000
! 3 Dipole moments X (MCH) in a.u.
-0.1230000000000E+003  0.0000000000000E+000    -0.1230000000000E+003  0.0000000000000E+000    -0.1230000000000E+003  0.0000000000000E+000
-0.1230000000000E+003  0.0000000000000E+000    -0.1230000000000E+003  0.0000000000000E+000    -0.1230000000000E+003  0.0000000000000E+000
-0.1230000000000E+003  0.0000000000000E+000    -0.1230000000000E+003  0.0000000000000E+000    -0.1230000000000E+003  0.0000000000000E+000
! 3 Dipole moments Y (MCH) in a.u.
-0.1230000000000E+003  0.0000000000000E+000    -0.1230000000000E+003  0.0000000000000E+000    -0.1230000000000E+003  0.0000000000000E+000
-0.1230000000000E+003  0.0000000000000E+000    -0.1230000000000E+003  0.0000000000000E+000    -0.1230000000000E+003  0.0000000000000E+000
-0.1230000000000E+003  0.0000000000000E+000    -0.1230000000000E+003  0.0000000000000E+000    -0.1230000000000E+003  0.0000000000000E+000
! 3 Dipole moments Z (MCH) in a.u.
-0.1230000000000E+003  0.0000000000000E+000    -0.1230000000000E+003  0.0000000000000E+000    -0.1230000000000E+003  0.0000000000000E+000
-0.1230000000000E+003  0.0000000000000E+000    -0.1230000000000E+003  0.0000000000000E+000    -0.1230000000000E+003  0.0000000000000E+000
-0.1230000000000E+003  0.0000000000000E+000    -0.1230000000000E+003  0.0000000000000E+000    -0.1230000000000E+003  0.0000000000000E+000
! 5 Coefficients (diag)
 0.0000000000000E+000  0.0000000000000E+000
-0.9972396317631E+000  0.7425036593152E-001
 0.0000000000000E+000  0.0000000000000E+000
! 6 Hopping Probabilities (diag)
 0.0000000000000E+000
 0.0000000000000E+000
 0.0000000000000E+000
! 7 Ekin (a.u.)
 0.1166667017093E-001
! 8 states (diag, MCH)
           2            2
! 9 Random number
 0.6433215172389E+000
! 10 Runtime (sec)
           3
! 11 Geometry in a.u.
-0.2072092286722E-002 -0.1084095672382E+000 -0.3265469950057E-001
 0.2540006157977E+001  0.1154392496910E+000  0.3423116096247E-001
-0.7549882156087E+000 -0.1966501685875E+001  0.3440998183646E+000
 0.3352193722431E+001  0.1851043854129E+001  0.9398259537493E-001
 0.3678899788227E+001 -0.1622129601876E+001 -0.3563007212997E+000
-0.1179884127309E+001  0.1653943555493E+001 -0.1005410087921E+000
! 12 Velocities in a.u.
 0.6379209490702E-004  0.6502209149199E-004  0.6926273809164E-004
-0.1488677149982E-003 -0.1781631491414E-003 -0.8961266681579E-004
-0.5758907048830E-003 -0.3789348810081E-003  0.8112809600985E-003
 0.1374712517683E-002  0.2055164005822E-002  0.1436017548764E-002
 0.2316448039656E-003  0.1869985675965E-003 -0.7458506815800E-003
-0.1673318433144E-004 -0.5150755106667E-003 -0.1258964703646E-002
! 0 Step
           6
! 1 Hamiltonian (MCH) in a.u.
-0.7798667144775E+002  0.0000000000000E+000     0.0000000000000E+000  0.0000000000000E+000     0.0000000000000E+000  0.0000000000000E+000
 0.0000000000000E+000  0.0000000000000E+000    -0.7767345428467E+002  0.0000000000000E+000     0.0000000000000E+000  0.0000000000000E+000
 0.0000000000000E+000  0.0000000000000E+000     0.0000000000000E+000  0.0000000000000E+000    -0.7757421112061E+002  0.0000000000000E+000
! 2 U matrix
 0.1000000000000E+001  0.0000000000000E+000     0.0000000000000E+000  0.0000000000000E+000     0.0000000000000E+000  0.0000000000000E+000
 0.0000000000000E+000  0.0000000000000E+000     0.1000000000000E+001  0.0000000000000E+000     0.0000000000000E+000  0.0000000000000E+000
 0.0000000000000E+000  0.0000000000000E+000     0.0000000000000E+000  0.0000000000000E+000     0.1000000000000E+001  0.0000000000000E+000
! 3 Dipole moments X (MCH) in a.u.
-0.1230000000000E+003  0.0000000000000E+000    -0.1230000000000E+003  0.0000000000000E+000    -0.1230000000000E+003  0.0000000000000E+000
-0.1230000000000E+003  0.0000000000000E+000    -0.1230000000000E+003  0.0000000000000E+000    -0.1230000000000E+003  0.0000000000000E+000
-0.1230000000000E+003  0.0000000000000E+000    -0.1230000000000E+003  0.0000000000000E+000    -0.1230000000000E+003  0.0000000000000E+000
! 3 Dipole moments Y (MCH) in a.u.
-0.1230000000000E+003  0.0000000000000E+000    -0.1230000000000E+003  0.0000000000000E+000    -0.1230000000000E+003  0.0000000000000E+000
-0.1230000000000E+003  0.0000000000000E+000    -0.1230000000000E+003  0.0000000000000E+000    -0.1230000000000E+003  0.0000000000000E+000
-0.1230000000000E+003  0.0000000000000E+000    -0.1230000000000E+003  0.0000000000000E+000    -0.1230000000000E+003  0.0000000000000E+000
! 3 Dipole moments Z (MCH) in a.u.
-0.1230000000000E+003  0.0000000000000E+000    -0.1230000000000E+003  0.0000000000000E+000    -0.1230000000000E+003  0.0000000000000E+000
-0.1230000000000E+003  0.0000000000000E+000    -0.1230000000000E+003  0.0000000000000E+000    -0.1230000000000E+003  0.0000000000000E+000
-0.1230000000000E+003  0.0000000000000E+000    -0.1230000000000E+003  0.0000000000000E+000    -0.1230000000000E+003  0.0000000000000E+000
! 5 Coefficients (diag)
 0.0000000000000E+000  0.0000000000000E+000
 0.9951498074614E+000  0.9837103592799E-001
 0.0000000000000E+000  0.0000000000000E+000
! 6 Hopping Probabilities (diag)
 0.0000000000000E+000
 0.0000000000000E+000
 0.0000000000000E+000
! 7 Ekin (a.u.)
 0.1538031735546E-001
! 8 states (diag, MCH)
           2            2
! 9 Random number
 0.9615587220278E+000
! 10 Runtime (sec)
           2
! 11 Geometry in a.u.
-0.9621619330674E-003 -0.1069755027856E+000 -0.3108951767731E-001
 0.2537035373991E+001  0.1115305881944E+000  0.3222895922245E-001
-0.7679477887497E+000 -0.1974670081632E+001  0.3628675746424E+000
 0.3382572245909E+001  0.1895993011898E+001  0.1266439415831E+000
 0.3684181366311E+001 -0.1617701632501E+001 -0.3737324469047E+000
-0.1180411329083E+001  0.1642221320261E+001 -0.1293309990914E+000
! 12 Velocities in a.u.
 0.4378987797966E-004  0.7247276354399E-004  0.8210508112675E-004
-0.1363852970773E-003 -0.1956053793888E-003 -0.1035768053184E-003
-0.6749958547658E-003 -0.3987549141694E-003  0.1013170467356E-002
 0.1537309916739E-002  0.2235535169803E-002  0.1728668911544E-002
 0.2798003289066E-003  0.2455831358392E-003 -0.9509091484635E-003
-0.3877748433198E-004 -0.6151550472726E-003 -0.1535080198945E-002
! 0 Step
           7
! 1 Hamiltonian (MCH) in a.u.
-0.7798531341553E+002  0.0000000000000E+000     0.0000000000000E+000  0.0000000000000E+000     0.0000000000000E+000  0.0000000000000E+000
 0.0000000000000E+000  0.0000000000000E+000    -0.7767724609375E+002  0.0000000000000E+000     0.0000000000000E+000  0.0000000000000E+000
 0.0000000000000E+000  0.0000000000000E+000     0.0000000000000E+000  0.0000000000000E+000    -0.7758076477051E+002  0.0000000000000E+000
! 2 U matrix
 0.1000000000000E+001  0.0000000000000E+000     0.0000000000000E+000  0.0000000000000E+000     0.0000000000000E+000  0.0000000000000E+000
 0.0000000000000E+000  0.0000000000000E+000     0.1000000000000E+001  0.0000000000000E+000     0.0000000000000E+000  0.0000000000000E+000
 0.0000000000000E+000  0.0000000000000E+000     0.0000000000000E+000  0.0000000000000E+000     0.1000000000000E+001  0.0000000000000E+000
! 3 Dipole moments X (MCH) in a.u.
-0.1230000000000E+003  0.0000000000000E+000    -0.1230000000000E+003  0.0000000000000E+000    -0.1230000000000E+003  0.0000000000000E+000
-0.1230000000000E+003  0.0000000000000E+000    -0.1230000000000E+003  0.0000000000000E+000    -0.1230000000000E+003  0.0000000000000E+000
-0.1230000000000E+003  0.0000000000000E+000    -0.1230000000000E+003  0.0000000000000E+000    -0.1230000000000E+003  0.0000000000000E+000
! 3 Dipole moments Y (MCH) in a.u.
-0.1230000000000E+003  0.0000000000000E+000    -0.1230000000000E+003  0.0000000000000E+000    -0.1230000000000E+003  0.0000000000000E+000
-0.1230000000000E+003  0.0000000000000E+000    -0.1230000000000E+003  0.0000000000000E+000    -0.1230000000000E+003  0.0000000000000E+000
-0.1230000000000E+003  0.0000000000000E+000    -0.1230000000000E+003  0.0000000000000E+000    -0.1230000000000E+003  0.0000000000000E+000
! 3 Dipole moments Z (MCH) in a.u.
-0.1230000000000E+003  0.0000000000000E+000    -0.1230000000000E+003  0.0000000000000E+000    -0.1230000000000E+003  0.0000000000000E+000
-0.1230000000000E+003  0.0000000000000E+000    -0.1230000000000E+003  0.0000000000000E+000    -0.1230000000000E+003  0.0000000000000E+000
-0.1230000000000E+003  0.0000000000000E+000    -0.1230000000000E+003  0.0000000000000E+000    -0.1230000000000E+003  0.0000000000000E+000
! 5 Coefficients (diag)
 0.0000000000000E+000  0.0000000000000E+000
-0.9396886217120E+000 -0.3420311304909E+000
 0.0000000000000E+000  0.0000000000000E+000
! 6 Hopping Probabilities (diag)
 0.0000000000000E+000
 0.0000000000000E+000
 0.0000000000000E+000
! 7 Ekin (a.u.)
 0.1917897473375E-001
! 8 states (diag, MCH)
           2            2
! 9 Random number
 0.5218666058741E+000
! 10 Runtime (sec)
           3
! 11 Geometry in a.u.
-0.2617585928629E-003 -0.1054134436639E+000 -0.2926036268900E-001
 0.2534367802493E+001  0.1073526546754E+000  0.2994915358494E-001
-0.7828934712403E+000 -0.1982986761651E+001  0.3859856769077E+000
 0.3415748225631E+001  0.1943463948188E+001  0.1654481422200E+000
 0.3690467118084E+001 -0.1611976857773E+001 -0.3956126114142E+000
-0.1181487241766E+001  0.1628512201025E+001 -0.1640033323961E+000
! 12 Velocities in a.u.
 0.2471377087174E-004  0.7721711002056E-004  0.9486040850678E-004
-0.1200992904789E-003 -0.2042862997249E-003 -0.1166465883630E-003
-0.7686280247796E-003 -0.3918947539035E-003  0.1235423727821E-002
 0.1646562348375E-002  0.2300905093952E-002  0.2032835781400E-002
 0.3291848563717E-003  0.3122862602506E-003 -0.1177844228016E-002
-0.7053634101805E-004 -0.7071813121336E-003 -0.1830818287860E-002
! 0 Step
           8
! 1 Hamiltonian (MCH) in a.u.
-0.7798289489746E+002  0.0000000000000E+000     0.0000000000000E+000  0.0000000000000E+000     0.0000000000000E+000  0.0000000000000E+000
 0.0000000000000E+000  0.0000000000000E+000    -0.7768124389648E+002  0.0000000000000E+000     0.0000000000000E+000  0.0000000000000E+000
 0.0000000000000E+000  0.0000000000000E+000     0.0000000000000E+000  0.0000000000000E+000    -0.7758861541748E+002  0.0000000000000E+000
! 2 U matrix
 0.1000000000000E+001  0.0000000000000E+000     0.0000000000000E+000  0.0000000000000E+000     0.0000000000000E+000  0.0000000000000E+000
 0.0000000000000E+000  0.0000000000000E+000     0.1000000000000E+001  0.0000000000000E+000     0.0000000000000E+000  0.0000000000000E+000
 0.0000000000000E+000  0.0000000000000E+000     0.0000000000000E+000  0.0000000000000E+000     0.1000000000000E+001  0.0000000000000E+000
! 3 Dipole moments X (MCH) in a.u.
-0.1230000000000E+003  0.0000000000000E+000    -0.1230000000000E+003  0.0000000000000E+000    -0.1230000000000E+003  0.0000000000000E+000
-0.1230000000000E+003  0.0000000000000E+000    -0.1230000000000E+003  0.0000000000000E+000    -0.1230000000000E+003  0.0000000000000E+000
-0.1230000000000E+003  0.0000000000000E+000    -0.1230000000000E+003  0.0000000000000E+000    -0.1230000000000E+003  0.0000000000000E+000
! 3 Dipole moments Y (MCH) in a.u.
-0.1230000000000E+003  0.0000000000000E+000    -0.1230000000000E+003  0.0000000000000E+000    -0.1230000000000E+003  0.0000000000000E+000
-0.1230000000000E+003  0.0000000000000E+000    -0.1230000000000E+003  0.0000000000000E+000    -0.1230000000000E+003  0.0000000000000E+000
-0.1230000000000E+003  0.0000000000000E+000    -0.1230000000000E+003  0.0000000000000E+000    -0.1230000000000E+003  0.0000000000000E+000
! 3 Dipole moments Z (MCH) in a.u.
-0.1230000000000E+003  0.0000000000000E+000    -0.1230000000000E+003  0.0000000000000E+000    -0.1230000000000E+003  0.0000000000000E+000
-0.1230000000000E+003  0.0000000000000E+000    -0.1230000000000E+003  0.0000000000000E+000    -0.1230000000000E+003  0.0000000000000E+000
-0.1230000000000E+003  0.0000000000000E+000    -0.1230000000000E+003  0.0000000000000E+000    -0.1230000000000E+003  0.0000000000000E+000
! 5 Coefficients (diag)
 0.0000000000000E+000  0.0000000000000E+000
 0.7774355139577E+000  0.6289626552009E+000
 0.0000000000000E+000  0.0000000000000E+000
! 6 Hopping Probabilities (diag)
 0.0000000000000E+000
 0.0000000000000E+000
 0.0000000000000E+000
! 7 Ekin (a.u.)
 0.2320374103587E-001
! 8 states (diag, MCH)
           2            2
! 9 Random number
 0.9033374075329E+000
! 10 Runtime (sec)
           4
! 11 Geometry in a.u.
 0.5953929506132E-004 -0.1037832414124E+000 -0.2716785811450E-001
 0.2532070304386E+001  0.1030851120102E+000  0.2740662906465E-001
-0.7997239268780E+000 -0.1990871548961E+001  0.4139416882014E+000
 0.3450643394673E+001  0.1991115588396E+001  0.2106841645511E+000
 0.3697790320354E+001 -0.1604791289628E+001 -0.4224261448658E+000
-0.1183327398290E+001  0.1612985473621E+001 -0.2050195414387E+000
! 12 Velocities in a.u.
 0.7788462326197E-005  0.7888735354403E-004  0.1076389808004E-003
-0.1015887723797E-003 -0.2048442132609E-003 -0.1292670984096E-003
-0.8582507280041E-003 -0.3561072078651E-003  0.1482845706518E-002
 0.1708631698320E-002  0.2261340347651E-002  0.2352278467804E-002
 0.3807121247055E-003  0.3866182251462E-003 -0.1427635870215E-002
-0.1133990986017E-003 -0.7909902494871E-003 -0.2149774729066E-002
! 0 Step
           9
! 1 Hamiltonian (MCH) in a.u.
-0.7797944641113E+002  0.0000000000000E+000     0.0000000000000E+000  0.0000000000000E+000     0.0000000000000E+000  0.0000000000000E+000
 0.0000000000000E+000  0.0000000000000E+000    -0.7768575286865E+002  0.0000000000000E+000     0.0000000000000E+000  0.0000000000000E+000
 0.0000000000000E+000  0.0000000000000E+000     0.0000000000000E+000  0.0000000000000E+000    -0.7759781646729E+002  0.0000000000000E+000
! 2 U matrix
 0.1000000000000E+001  0.0000000000000E+000     0.0000000000000E+000  0.0000000000000E+000     0.0000000000000E+000  0.0000000000000E+000
 0.0000000000000E+000  0.0000000000000E+000     0.1000000000000E+001  0.0000000000000E+000     0.0000000000000E+000  0.0000000000000E+000
 0.0000000000000E+000  0.0000000000000E+000     0.0000000000000E+000  0.0000000000000E+000     0.1000000000000E+001  0.0000000000000E+000
! 3 Dipole moments X (MCH) in a.u.
-0.1230000000000E+003  0.0000000000000E+000    -0.1230000000000E+003  0.0000000000000E+000    -0.1230000000000E+003  0.0000000000000E+000
-0.1230000000000E+003  0.0000000000000E+000    -0.1230000000000E+003  0.0000000000000E+000    -0.1230000000000E+003  0.0000000000000E+000
-0.1230000000000E+003  0.0000000000000E+000    -0.1230000000000E+003  0.0000000000000E+000    -0.1230000000000E+003  0.0000000000000E+000
! 3 Dipole moments Y (MCH) in a.u.
-0.1230000000000E+003  0.0000000000000E+000    -0.1230000000000E+003  0.0000000000000E+000    -0.1230000000000E+003  0.0000000000000E+000
-0.1230000000000E+003  0.0000000000000E+000    -0.1230000000000E+003  0.0000000000000E+000    -0.1230000000000E+003  0.0000000000000E+000
-0.1230000000000E+003  0.0000000000000E+000    -0.1230000000000E+003  0.0000000000000E+000    -0.1230000000000E+003  0.0000000000000E+000
! 3 Dipole moments Z (MCH) in a.u.
-0.1230000000000E+003  0.0000000000000E+000    -0.1230000000000E+003  0.0000000000000E+000    -0.1230000000000E+003  0.0000000000000E+000
-0.1230000000000E+003  0.0000000000000E+000    -0.1230000000000E+003  0.0000000000000E+000    -0.1230000000000E+003  0.0000000000000E+000
-0.1230000000000E+003  0.0000000000000E+000    -0.1230000000000E+003  0.0000000000000E+000    -0.1230000000000E+003  0.0000000000000E+000
! 5 Coefficients (diag)
 0.0000000000000E+000  0.0000000000000E+000
-0.4540500711874E+000 -0.8909761685111E+000
 0.0000000000000E+000  0.0000000000000E+000
! 6 Hopping Probabilities (diag)
 0.0000000000000E+000
 0.0000000000000E+000
 0.0000000000000E+000
! 7 Ekin (a.u.)
 0.2772994838389E-001
! 8 states (diag, MCH)
           2            2
! 9 Random number
 0.5800066373227E+000
! 10 Runtime (sec)
           2
! 11 Geometry in a.u.
 0.6022713587135E-004 -0.1021521321297E+000 -0.2481041939831E-001
 0.2530167983127E+001  0.9888411357939E-001  0.2460507420963E-001
-0.8183747350019E+000 -0.1997708722679E+001  0.4472885548593E+000
 0.3486385406563E+001  0.2036950863738E+001  0.2626945645458E+000
 0.3706206280165E+001 -0.1595993529389E+001 -0.4546330389115E+000
-0.1186175316237E+001  0.1595811577816E+001 -0.2528779720570E+000
! 12 Velocities in a.u.
-0.5588462284867E-005  0.7717938054889E-004  0.1205173944689E-003
-0.8309740361560E-004 -0.1986635099216E-003 -0.1420313612375E-003
-0.9457963414765E-003 -0.2903861078650E-003  0.1756671079234E-002
 0.1735609588720E-002  0.2136736885524E-002  0.2688225402289E-002
 0.4355394741718E-003  0.4679501391887E-003 -0.1696899437175E-002
-0.1686007733697E-003 -0.8667353962493E-003 -0.2491643637864E-002
! 0 Step
          10
! 1 Hamiltonian (MCH) in a.u.
-0.7797494506836E+002  0.0000000000000E+000     0.0000000000000E+000  0.0000000000000E+000     0.0000000000000E+000  0.0000000000000E+000
 0.0000000000000E+000  0.0000000000000E+000    -0.7769104003906E+002  0.0000000000000E+000     0.0000000000000E+000  0.0000000000000E+000
 0.0000000000000E+000  0.0000000000000E+000     0.0000000000000E+000  0.0000000000000E+000    -0.7760842895508E+002  0.0000000000000E+000
! 2 U matrix
 0.1000000000000E+001  0.0000000000000E+000     0.0000000000000E+000  0.0000000000000E+000     0.0000000000000E+000  0.0000000000000E+000
 0.0000000000000E+000  0.0000000000000E+000     0.1000000000000E+001  0.0000000000000E+000     0.0000000000000E+000  0.0000000000000E+000
 0.0000000000000E+000  0.0000000000000E+000     0.0000000000000E+000  0.0000000000000E+000     0.1000000000000E+001  0.0000000000000E+000
! 3 Dipole moments X (MCH) in a.u.
-0.1230000000000E+003  0.0000000000000E+000    -0.1230000000000E+003  0.0000000000000E+000    -0.1230000000000E+003  0.0000000000000E+000
-0.1230000000000E+003  0.0000000000000E+000    -0.1230000000000E+003  0.0000000000000E+000    -0.1230000000000E+003  0.0000000000000E+000
-0.1230000000000E+003  0.0000000000000E+000    -0.1230000000000E+003  0.0000000000000E+000    -0.1230000000000E+003  0.0000000000000E+000
! 3 Dipole moments Y (MCH) in a.u.
-0.1230000000000E+003  0.0000000000000E+000    -0.1230000000000E+003  0.0000000000000E+000    -0.1230000000000E+003  0.0000000000000E+000
-0.1230000000000E+003  0.0000000000000E+000    -0.1230000000000E+003  0.0000000000000E+000    -0.1230000000000E+003  0.0000000000000E+000
-0.1230000000000E+003  0.0000000000000E+000    -0.1230000000000E+003  0.0000000000000E+000    -0.1230000000000E+003  0.0000000000000E+000
! 3 Dipole moments Z (MCH) in a.u.
-0.1230000000000E+003  0.0000000000000E+000    -0.1230000000000E+003  0.0000000000000E+000    -0.1230000000000E+003  0.0000000000000E+000
-0.1230000000000E+003  0.0000000000000E+000    -0.1230000000000E+003  0.0000000000000E+000    -0.1230000000000E+003  0.0000000000000E+000
-0.1230000000000E+003  0.0000000000000E+000    -0.1230000000000E+003  0.0000000000000E+000    -0.1230000000000E+003  0.0000000000000E+000
! 5 Coefficients (diag)
 0.0000000000000E+000  0.0000000000000E+000
-0.4951459717099E-001  0.9987734000598E+000
 0.0000000000000E+000  0.0000000000000E+000
! 6 Hopping Probabilities (diag)
 0.0000000000000E+000
 0.0000000000000E+000
 0.0000000000000E+000
! 7 Ekin (a.u.)
 0.3302526368307E-001
! 8 states (diag, MCH)
           2            2
! 9 Random number
 0.3818383464095E+000
! 10 Runtime (sec)
           3
! 11 Geometry in a.u.
-0.1714954106269E-003 -0.1005925398274E+000 -0.2218550351638E-001
 0.2528634943600E+001  0.9487208967845E-001  0.2153485753443E-001
-0.8388244465300E+000 -0.2002876509457E+001  0.4865648831151E+000
 0.3522395878644E+001  0.2079451225699E+001  0.3218190945163E+000
 0.3715796120358E+001 -0.1585445588222E+001 -0.4925782980103E+000
-0.1190297585807E+001  0.1577153442022E+001 -0.3080275112898E+000
! 12 Velocities in a.u.
-0.1414123159314E-004  0.7192674095757E-004  0.1334599178324E-003
-0.6701421343839E-004 -0.1874416416742E-003 -0.1555131794333E-003
-0.1033012664768E-002 -0.1949631435434E-003  0.2053099273619E-002
 0.1742129513709E-002  0.1950752937405E-002  0.3037751591220E-002
 0.4946795637505E-003  0.5558907908706E-003 -0.1977290434928E-002
-0.2367745194638E-003 -0.9352424425727E-003 -0.2850780877875E-002
! 0 Step
          11
! 1 Hamiltonian (MCH) in a.u.
-0.7796924591064E+002  0.0000000000000E+000     0.0000000000000E+000  0.0000000000000E+000     0.0000000000000E+000  0.0000000000000E+000
 0.0000000000000E+000  0.0000000000000E+000    -0.7769724273682E+002  0.0000000000000E+000     0.0000000000000E+000  0.0000000000000E+000
 0.0000000000000E+000  0.0000000000000E+000     0.0000000000000E+000  0.0000000000000E+000    -0.7762047576904E+002  0.0000000000000E+000
! 2 U matrix
 0.1000000000000E+001  0.0000000000000E+000     0.0000000000000E+000  0.0000000000000E+000     0.0000000000000E+000  0.0000000000000E+000
 0.0000000000000E+000  0.0000000000000E+000     0.1000000000000E+001  0.0000000000000E+000     0.0000000000000E+000  0.0000000000000E+000
 0.0000000000000E+000  0.0000000000000E+000     0.0000000000000E+000  0.0000000000000E+000     0.1000000000000E+001  0.0000000000000E+000
! 3 Dipole moments X (MCH) in a.u.
-0.1230000000000E+003  0.0000000000000E+000    -0.1230000000000E+003  0.0000000000000E+000    -0.1230000000000E+003  0.0000000000000E+000
-0.1230000000000E+003  0.0000000000000E+000    -0.1230000000000E+003  0.0000000000000E+000    -0.1230000000000E+003  0.0000000000000E+000
-0.1230000000000E+003  0.0000000000000E+000    -0.1230000000000E+003  0.0000000000000E+000    -0.1230000000000E+003  0.0000000000000E+000
! 3 Dipole moments Y (MCH) in a.u.
-0.1230000000000E+003  0.0000000000000E+000    -0.1230000000000E+003  0.0000000000000E+000    -0.1230000000000E+003  0.0000000000000E+000
-0.1230000000000E+003  0.0000000000000E+000    -0.1230000000000E+003  0.0000000000000E+000    -0.1230000000000E+003  0.0000000000000E+000
-0.1230000000000E+003  0.0000000000000E+000    -0.1230000000000E+003  0.0000000000000E+000    -0.1230000000000E+003  0.0000000000000E+000
! 3 Dipole moments Z (MCH) in a.u.
-0.1230000000000E+003  0.0000000000000E+000    -0.1230000000000E+003  0.0000000000000E+000    -0.1230000000000E+003  0.0000000000000E+000
-0.1230000000000E+003  0.0000000000000E+000    -0.1230000000000E+003  0.0000000000000E+000    -0.1230000000000E+003  0.0000000000000E+000
-0.1230000000000E+003  0.0000000000000E+000    -0.1230000000000E+003  0.0000000000000E+000    -0.1230000000000E+003  0.0000000000000E+000
! 5 Coefficients (diag)
 0.0000000000000E+000  0.0000000000000E+000
 0.6361558664908E+000 -0.7715605702272E+000
 0.0000000000000E+000  0.0000000000000E+000
! 6 Hopping Probabilities (diag)
 0.0000000000000E+000
 0.0000000000000E+000
 0.0000000000000E+000
! 7 Ekin (a.u.)
 0.3921398026796E-001
! 8 states (diag, MCH)
           2            2
! 9 Random number
 0.4075631499893E+000
! 10 Runtime (sec)
           3
! 11 Geometry in a.u.
-0.5243907988398E-003 -0.9917858187894E-001 -0.1929300310992E-001
 0.2527397523511E+001  0.9113501869238E-001  0.1817594580014E-001
-0.8610808972360E+000 -0.2005768766783E+001  0.5321664984242E+000
 0.3558407433188E+001  0.2117597669208E+001  0.3882793871780E+000
 0.3726657012691E+001 -0.1573012240670E+001 -0.5363769409739E+000
-0.1195963900042E+001  0.1557147370839E+001 -0.3707331686260E+000
! 12 Velocities in a.u.
-0.1727607218986E-004  0.6311994357178E-004  0.1462646445006E-003
-0.5504783092851E-004 -0.1727089218903E-003 -0.1700422791553E-003
-0.1120883058099E-002 -0.7048934924722E-004  0.2363490146974E-002
 0.1741595588116E-002  0.1723936184397E-002  0.3393236968550E-002
 0.5585856808107E-003  0.6511169066116E-003 -0.2256797797200E-002
-0.3175101071135E-003 -0.9987369757181E-003 -0.3216602656176E-002
! 0 Step
          12
! 1 Hamiltonian (MCH) in a.u.
-0.7796224212646E+002  0.0000000000000E+000     0.0000000000000E+000  0.0000000000000E+000     0.0000000000000E+000  0.0000000000000E+000
 0.0000000000000E+000  0.0000000000000E+000    -0.7770420837402E+002  0.0000000000000E+000     0.0000000000000E+000  0.0000000000000E+000
 0.0000000000000E+000  0.0000000000000E+000     0.0000000000000E+000  0.0000000000000E+000    -0.7763393402100E+002  0.0000000000000E+000
! 2 U matrix
 0.1000000000000E+001  0.0000000000000E+000     0.0000000000000E+000  0.0000000000000E+000     0.0000000000000E+000  0.0000000000000E+000
 0.0000000000000E+000  0.0000000000000E+000     0.1000000000000E+001  0.0000000000000E+000     0.0000000000000E+000  0.0000000000000E+000
 0.0000000000000E+000  0.0000000000000E+000     0.0000000000000E+000  0.0000000000000E+000     0.1000000000000E+001  0.0000000000000E+000
! 3 Dipole moments X (MCH) in a.u.
-0.1230000000000E+003  0.0000000000000E+000    -0.1230000000000E+003  0.0000000000000E+000    -0.1230000000000E+003  0.0000000000000E+000
-0.1230000000000E+003  0.0000000000000E+000    -0.1230000000000E+003  0.0000000000000E+000    -0.1230000000000E+003  0.0000000000000E+000
-0.1230000000000E+003  0.0000000000000E+000    -0.1230000000000E+003  0.0000000000000E+000    -0.1230000000000E+003  0.0000000000000E+000
! 3 Dipole moments Y (MCH) in a.u.
-0.1230000000000E+003  0.0000000000000E+000    -0.1230000000000E+003  0.0000000000000E+000    -0.1230000000000E+003  0.0000000000000E+000
-0.1230000000000E+003  0.0000000000000E+000    -0.1230000000000E+003  0.0000000000000E+000    -0.1230000000000E+003  0.0000000000000E+000
-0.1230000000000E+003  0.0000000000000E+000    -0.1230000000000E+003  0.0000000000000E+000    -0.1230000000000E+003  0.0000000000000E+000
! 3 Dipole moments Z (MCH) in a.u.
-0.1230000000000E+003  0.0000000000000E+000    -0.1230000000000E+003  0.0000000000000E+000    -0.1230000000000E+003  0.0000000000000E+000
-0.1230000000000E+003  0.0000000000000E+000    -0.1230000000000E+003  0.0000000000000E+000    -0.1230000000000E+003  0.0000000000000E+000
-0.1230000000000E+003  0.0000000000000E+000    -0.1230000000000E+003  0.0000000000000E+000    -0.1230000000000E+003  0.0000000000000E+000
! 5 Coefficients (diag)
 0.0000000000000E+000  0.0000000000000E+000
-0.9945025008178E+000  0.1047128257051E+000
 0.0000000000000E+000  0.0000000000000E+000
! 6 Hopping Probabilities (diag)
 0.0000000000000E+000
 0.0000000000000E+000
 0.0000000000000E+000
! 7 Ekin (a.u.)
 0.4613121331958E-001
! 8 states (diag, MCH)
           2            2
! 9 Random number
 0.2147309228291E+000
! 10 Runtime (sec)
           3
! 11 Geometry in a.u.
-0.8857119607936E-003 -0.9798307467527E-001 -0.1613872224234E-001
 0.2526359190670E+001  0.8773206566026E-001  0.1450507618911E-001
-0.8851632915000E+000 -0.2005790635961E+001  0.5842748116552E+000
 0.3594395832051E+001  0.2150721115104E+001  0.4621001708478E+000
 0.3738888819528E+001 -0.1558527521101E+001 -0.5858774182863E+000
-0.1203423889683E+001  0.1535864283845E+001 -0.4410062825697E+000
! 12 Velocities in a.u.
-0.1594460788152E-004  0.5097589182650E-004  0.1586661831000E-003
-0.4706399466261E-004 -0.1553396528166E-003 -0.1855771898139E-003
-0.1208885437284E-002  0.8211745067280E-004  0.2672502171390E-002
 0.1741843918531E-002  0.1467321739749E-002  0.3740045387217E-002
 0.6264266688570E-003  0.7556094816826E-003 -0.2518982274838E-002
-0.4085951421430E-003 -0.1061483892858E-002 -0.3572902374515E-002
! 0 Step
          13
! 1 Hamiltonian (MCH) in a.u.
-0.7795398712158E+002  0.0000000000000E+000     0.0000000000000E+000  0.0000000000000E+000     0.0000000000000E+000  0.0000000000000E+000
 0.0000000000000E+000  0.0000000000000E+000    -0.7771147155762E+002  0.0000000000000E+000     0.0000000000000E+000  0.0000000000000E+000
 0.0000000000000E+000  0.0000000000000E+000     0.0000000000000E+000  0.0000000000000E+000    -0.7764859008789E+002  0.0000000000000E+000
! 2 U matrix
 0.1000000000000E+001  0.0000000000000E+000     0.0000000000000E+000  0.0000000000000E+000     0.0000000000000E+000  0.0000000000000E+000
 0.0000000000000E+000  0.0000000000000E+000     0.1000000000000E+001  0.0000000000000E+000     0.0000000000000E+000  0.0000000000000E+000
 0.0000000000000E+000  0.0000000000000E+000     0.0000000000000E+000  0.0000000000000E+000     0.1000000000000E+001  0.0000000000000E+000
! 3 Dipole moments X (MCH) in a.u.
-0.1230000000000E+003  0.0000000000000E+000    -0.1230000000000E+003  0.0000000000000E+000    -0.1230000000000E+003  0.0000000000000E+000
-0.1230000000000E+003  0.0000000000000E+000    -0.1230000000000E+003  0.0000000000000E+000    -0.1230000000000E+003  0.0000000000000E+000
-0.1230000000000E+003  0.0000000000000E+000    -0.1230000000000E+003  0.0000000000000E+000    -0.1230000000000E+003  0.0000000000000E+000
! 3 Dipole moments Y (MCH) in a.u.
-0.1230000000000E+003  0.0000000000000E+000    -0.1230000000000E+003  0.0000000000000E+000    -0.1230000000000E+003  0.0000000000000E+000
-0.1230000000000E+003  0.0000000000000E+000    -0.1230000000000E+003  0.0000000000000E+000    -0.1230000000000E+003  0.0000000000000E+000
-0.1230000000000E+003  0.0000000000000E+000    -0.1230000000000E+003  0.0000000000000E+000    -0.1230000000000E+003  0.0000000000000E+000
! 3 Dipole moments Z (MCH) in a.u.
-0.1230000000000E+003  0.0000000000000E+000    -0.1230000000000E+003  0.0000000000000E+000    -0.1230000000000E+003  0.0000000000000E+000
-0.1230000000000E+003  0.0000000000000E+000    -0.1230000000000E+003  0.0000000000000E+000    -0.1230000000000E+003  0.0000000000000E+000
-0.1230000000000E+003  0.0000000000000E+000    -0.1230000000000E+003  0.0000000000000E+000    -0.1230000000000E+003  0.0000000000000E+000
! 5 Coefficients (diag)
 0.0000000000000E+000  0.0000000000000E+000
 0.6831980447502E+000  0.7302331351353E+000
 0.0000000000000E+000  0.0000000000000E+000
! 6 Hopping Probabilities (diag)
 0.0000000000000E+000
 0.0000000000000E+000
 0.0000000000000E+000
! 7 Ekin (a.u.)
 0.5336800219309E-001
! 8 states (diag, MCH)
           2            2
! 9 Random number
 0.5081202118624E+000
! 10 Runtime (sec)
           2
! 11 Geometry in a.u.
-0.1183562785953E-002 -0.9707116850385E-001 -0.1273352519871E-001
 0.2525451833337E+001  0.8471306411153E-001  0.1050392991355E-001
-0.9110578814183E+000 -0.2002373918597E+001  0.6426514084307E+000
 0.3630417652916E+001  0.2178258765054E+001  0.5428979998214E+000
 0.3752554351475E+001 -0.1541774306992E+001 -0.6405151276227E+000
-0.1212855784357E+001  0.1513264168935E+001 -0.5184418595810E+000
! 12 Velocities in a.u.
-0.1173846650833E-004  0.3596368750068E-004  0.1704385320855E-003
-0.4179508859958E-004 -0.1354275957669E-003 -0.2017586329885E-003
-0.1295206168289E-002  0.2616690142223E-003  0.2962951124517E-002
 0.1743310413405E-002  0.1180314481915E-002  0.4060425927260E-002
 0.6963496027165E-003  0.8721340873807E-003 -0.2747409689528E-002
-0.5065654195569E-003 -0.1128937828741E-002 -0.3902767142296E-002
! 0 Step
          14
! 1 Hamiltonian (MCH) in a.u.
-0.7794414520264E+002  0.0000000000000E+000     0.0000000000000E+000  0.0000000000000E+000     0.0000000000000E+000  0.0000000000000E+000
 0.0000000000000E+000  0.0000000000000E+000    -0.7771859741211E+002  0.0000000000000E+000     0.0000000000000E+000  0.0000000000000E+000
 0.0000000000000E+000  0.0000000000000E+000     0.0000000000000E+000  0.0000000000000E+000    -0.7766410827637E+002  0.0000000000000E+000
! 2 U matrix
 0.1000000000000E+001  0.0000000000000E+000     0.0000000000000E+000  0.0000000000000E+000     0.0000000000000E+000  0.0000000000000E+000
 0.0000000000000E+000  0.0000000000000E+000     0.1000000000000E+001  0.0000000000000E+000     0.0000000000000E+000  0.0000000000000E+000
 0.0000000000000E+000  0.0000000000000E+000     0.0000000000000E+000  0.0000000000000E+000     0.1000000000000E+001  0.0000000000000E+000
! 3 Dipole moments X (MCH) in a.u.
-0.1230000000000E+003  0.0000000000000E+000    -0.1230000000000E+003  0.0000000000000E+000    -0.1230000000000E+003  0.0000000000000E+000
-0.1230000000000E+003  0.0000000000000E+000    -0.1230000000000E+003  0.0000000000000E+000    -0.1230000000000E+003  0.0000000000000E+000
-0.1230000000000E+003  0.0000000000000E+000    -0.1230000000000E+003  0.0000000000000E+000    -0.1230000000000E+003  0.0000000000000E+000
! 3 Dipole moments Y (MCH) in a.u.
-0.1230000000000E+003  0.0000000000000E+000    -0.1230000000000E+003  0.0000000000000E+000    -0.1230000000000E+003  0.0000000000000E+000
-0.1230000000000E+003  0.0000000000000E+000    -0.1230000000000E+003  0.0000000000000E+000    -0.1230000000000E+003  0.0000000000000E+000
-0.1230000000000E+003  0.0000000000000E+000    -0.1230000000000E+003  0.0000000000000E+000    -0.1230000000000E+003  0.0000000000000E+000
! 3 Dipole moments Z (MCH) in a.u.
-0.1230000000000E+003  0.0000000000000E+000    -0.1230000000000E+003  0.0000000000000E+000    -0.1230000000000E+003  0.0000000000000E+000
-0.1230000000000E+003  0.0000000000000E+000    -0.1230000000000E+003  0.0000000000000E+000    -0.1230000000000E+003  0.0000000000000E+000
-0.1230000000000E+003  0.0000000000000E+000    -0.1230000000000E+003  0.0000000000000E+000    -0.1230000000000E+003  0.0000000000000E+000
! 5 Coefficients (diag)
 0.0000000000000E+000  0.0000000000000E+000
 0.3146557322359E+000 -0.9492058629039E+000
 0.0000000000000E+000  0.0000000000000E+000
! 6 Hopping Probabilities (diag)
 0.0000000000000E+000
 0.0000000000000E+000
 0.0000000000000E+000
! 7 Ekin (a.u.)
 0.6045999449910E-001
! 8 states (diag, MCH)
           2            2
! 9 Random number
 0.1236171438851E+000
! 10 Runtime (sec)
           3
! 11 Geometry in a.u.
-0.1370996287097E-002 -0.9649628644379E-001 -0.9092559256698E-002
 0.2524631324309E+001  0.8213330286378E-001  0.6164097219136E-002
-0.9387088932493E+000 -0.1994972879554E+001  0.7067672802677E+000
 0.3666466678691E+001  0.2199516936754E+001  0.6299637550065E+000
 0.3767676868426E+001 -0.1522472300196E+001 -0.6994591079658E+000
-0.1224365999811E+001  0.1489192443595E+001 -0.6023520360397E+000
! 12 Velocities in a.u.
-0.5533233221526E-005  0.1878018341993E-004  0.1813182643434E-003
-0.3820420314704E-004 -0.1125394863726E-003 -0.2178927721440E-003
-0.1377633239345E-002  0.4663250933239E-003  0.3222402441268E-002
 0.1740206659748E-002  0.8539212163173E-003  0.4338492616178E-002
 0.7661740481143E-003  0.1003272943338E-002 -0.2931315997856E-002
-0.6075864033908E-003 -0.1206313684808E-002 -0.4193769047289E-002
! 0 Step
          15
! 1 Hamiltonian (MCH) in a.u.
-0.7793254089355E+002  0.0000000000000E+000     0.0000000000000E+000  0.0000000000000E+000     0.0000000000000E+000  0.0000000000000E+000
 0.0000000000000E+000  0.0000000000000E+000    -0.7772514343262E+002  0.0000000000000E+000     0.0000000000000E+000  0.0000000000000E+000
 0.0000000000000E+000  0.0000000000000E+000     0.0000000000000E+000  0.0000000000000E+000    -0.7767991638184E+002  0.0000000000000E+000
! 2 U matrix
 0.1000000000000E+001  0.0000000000000E+000     0.0000000000000E+000  0.0000000000000E+000     0.0000000000000E+000  0.0000000000000E+000
 0.0000000000000E+000  0.0000000000000E+000     0.1000000000000E+001  0.0000000000000E+000     0.0000000000000E+000  0.0000000000000E+000
 0.0000000000000E+000  0.0000000000000E+000     0.0000000000000E+000  0.0000000000000E+000     0.1000000000000E+001  0.0000000000000E+000
! 3 Dipole moments X (MCH) in a.u.
-0.1230000000000E+003  0.0000000000000E+000    -0.1230000000000E+003  0.0000000000000E+000    -0.1230000000000E+003  0.0000000000000E+000
-0.1230000000000E+003  0.0000000000000E+000    -0.1230000000000E+003  0.0000000000000E+000    -0.1230000000000E+003  0.0000000000000E+000
-0.1230000000000E+003  0.0000000000000E+000    -0.1230000000000E+003  0.0000000000000E+000    -0.1230000000000E+003  0.0000000000000E+000
! 3 Dipole moments Y (MCH) in a.u.
-0.1230000000000E+003  0.0000000000000E+000    -0.1230000000000E+003  0.0000000000000E+000    -0.1230000000000E+003  0.0000000000000E+000
-0.1230000000000E+003  0.0000000000000E+000    -0.1230000000000E+003  0.0000000000000E+000    -0.1230000000000E+003  0.0000000000000E+000
-0.1230000000000E+003  0.0000000000000E+000    -0.1230000000000E+003  0.0000000000000E+000    -0.1230000000000E+003  0.0000000000000E+000
! 3 Dipole moments Z (MCH) in a.u.
-0.1230000000000E+003  0.0000000000000E+000    -0.1230000000000E+003  0.0000000000000E+000    -0.1230000000000E+003  0.0000000000000E+000
-0.1230000000000E+003  0.0000000000000E+000    -0.1230000000000E+003  0.0000000000000E+000    -0.1230000000000E+003  0.0000000000000E+000
-0.1230000000000E+003  0.0000000000000E+000    -0.1230000000000E+003  0.0000000000000E+000    -0.1230000000000E+003  0.0000000000000E+000
! 5 Coefficients (diag)
 0.0000000000000E+000  0.0000000000000E+000
-0.9993002738953E+000  0.3740270836102E-001
 0.0000000000000E+000  0.0000000000000E+000
! 6 Hopping Probabilities (diag)
 0.0000000000000E+000
 0.0000000000000E+000
 0.0000000000000E+000
! 7 Ekin (a.u.)
 0.6697429469739E-001
! 8 states (diag, MCH)
           2            2
! 9 Random number
 0.9763245262110E+000
! 10 Runtime (sec)
           3
! 11 Geometry in a.u.
-0.1412314246315E-002 -0.9629476992978E-001 -0.5237579140002E-002
 0.2523872419111E+001  0.8006052719045E-001  0.1495943473305E-002
-0.9680111314850E+000 -0.1983095398818E+001  0.7758699507914E+000
 0.3702360186117E+001  0.2213561040857E+001  0.7222572427788E+000
 0.3784229038838E+001 -0.1500297625684E+001 -0.7616997566534E+000
-0.1237974240693E+001  0.1463393504532E+001 -0.6918180314465E+000
! 12 Velocities in a.u.
 0.2118434090892E-005  0.3570564184785E-006  0.1909853743399E-003
-0.3526722354854E-004 -0.8606505530847E-004 -0.2329322510176E-003
-0.1454029776670E-002  0.6933484829921E-003  0.3442387308320E-002
 0.1722776909031E-002  0.4758843962248E-003  0.4559321662560E-002
 0.8331252611940E-003  0.1151200517213E-002 -0.3064926819383E-002
-0.7068822073643E-003 -0.1299164552839E-002 -0.4436956739809E-002
! 0 Step
          16
! 1 Hamiltonian (MCH) in a.u.
-0.7791947937012E+002  0.0000000000000E+000     0.0000000000000E+000  0.0000000000000E+000     0.0000000000000E+000  0.0000000000000E+000
 0.0000000000000E+000  0.0000000000000E+000    -0.7773084259033E+002  0.0000000000000E+000     0.0000000000000E+000  0.0000000000000E+000
 0.0000000000000E+000  0.0000000000000E+000     0.0000000000000E+000  0.0000000000000E+000    -0.7769522094727E+002  0.0000000000000E+000
! 2 U matrix
 0.1000000000000E+001  0.0000000000000E+000     0.0000000000000E+000  0.0000000000000E+000     0.0000000000000E+000  0.0000000000000E+000
 0.0000000000000E+000  0.0000000000000E+000     0.1000000000000E+001  0.0000000000000E+000     0.0000000000000E+000  0.0000000000000E+000
 0.0000000000000E+000  0.0000000000000E+000     0.0000000000000E+000  0.0000000000000E+000     0.1000000000000E+001  0.0000000000000E+000
! 3 Dipole moments X (MCH) in a.u.
-0.1230000000000E+003  0.0000000000000E+000    -0.1230000000000E+003  0.0000000000000E+000    -0.1230000000000E+003  0.0000000000000E+000
-0.1230000000000E+003  0.0000000000000E+000    -0.1230000000000E+003  0.0000000000000E+000    -0.1230000000000E+003  0.0000000000000E+000
-0.1230000000000E+003  0.0000000000000E+000    -0.1230000000000E+003  0.0000000000000E+000    -0.1230000000000E+003  0.0000000000000E+000
! 3 Dipole moments Y (MCH) in a.u.
-0.1230000000000E+003  0.0000000000000E+000    -0.1230000000000E+003  0.0000000000000E+000    -0.1230000000000E+003  0.0000000000000E+000
-0.1230000000000E+003  0.0000000000000E+000    -0.1230000000000E+003  0.0000000000000E+000    -0.1230000000000E+003  0.0000000000000E+000
-0.1230000000000E+003  0.0000000000000E+000    -0.1230000000000E+003  0.0000000000000E+000    -0.1230000000000E+003  0.0000000000000E+000
! 3 Dipole moments Z (MCH) in a.u.
-0.1230000000000E+003  0.0000000000000E+000    -0.1230000000000E+003  0.0000000000000E+000    -0.1230000000000E+003  0.0000000000000E+000
-0.1230000000000E+003  0.0000000000000E+000    -0.1230000000000E+003  0.0000000000000E+000    -0.1230000000000E+003  0.0000000000000E+000
-0.1230000000000E+003  0.0000000000000E+000    -0.1230000000000E+003  0.0000000000000E+000    -0.1230000000000E+003  0.0000000000000E+000
! 5 Coefficients (diag)
 0.5339645681532E-005 -0.2035565463092E-004
 0.2654183311135E+000  0.9640061431585E+000
 0.7972664767955E-002  0.1347967489216E-001
! 6 Hopping Probabilities (diag)
 0.2286413218532E-008
 0.0000000000000E+000
 0.3343910228665E-003
! 7 Ekin (a.u.)
 0.7270321513409E-001
! 8 states (diag, MCH)
           2            2
! 9 Random number
 0.3099185511354E+000
! 10 Runtime (sec)
           3
! 11 Geometry in a.u.
-0.1283417312460E-002 -0.9648152524109E-001 -0.1196961594553E-002
 0.2523173328854E+001  0.7857525528116E-001 -0.3465641931987E-002
-0.9988204810871E+000 -0.1966308901067E+001  0.8490802991453E+000
 0.3737688642060E+001  0.2219190651243E+001  0.8184523740136E+000
 0.3802119410884E+001 -0.1474880089830E+001 -0.8261673918509E+000
-0.1253589481050E+001  0.1435483196792E+001 -0.7857819210922E+000
! 12 Velocities in a.u.
 0.9837728345563E-005 -0.1836904491151E-004  0.1992134349693E-003
-0.3092481077084E-004 -0.5542739753005E-004 -0.2456678034712E-003
-0.1522585917928E-002  0.9431546881356E-003  0.3620584025597E-002
 0.1679412998875E-002  0.3230145934191E-004  0.4712674457180E-002
 0.8929764232166E-003  0.1320265414299E-002 -0.3149864070642E-002
-0.7985367006774E-003 -0.1416386948842E-002 -0.4629859207690E-002
! 0 Step
          17
! 1 Hamiltonian (MCH) in a.u.
-0.7790527343750E+002  0.0000000000000E+000     0.0000000000000E+000  0.0000000000000E+000     0.0000000000000E+000  0.0000000000000E+000
 0.0000000000000E+000  0.0000000000000E+000    -0.7773599243164E+002  0.0000000000000E+000     0.0000000000000E+000  0.0000000000000E+000
 0.0000000000000E+000  0.0000000000000E+000     0.0000000000000E+000  0.0000000000000E+000    -0.7770888519287E+002  0.0000000000000E+000
! 2 U matrix
 0.1000000000000E+001  0.0000000000000E+000     0.0000000000000E+000  0.0000000000000E+000     0.0000000000000E+000  0.0000000000000E+000
 0.0000000000000E+000  0.0000000000000E+000     0.1000000000000E+001  0.0000000000000E+000     0.0000000000000E+000  0.0000000000000E+000
 0.0000000000000E+000  0.0000000000000E+000     0.0000000000000E+000  0.0000000000000E+000     0.1000000000000E+001  0.0000000000000E+000
! 3 Dipole moments X (MCH) in a.u.
-0.1230000000000E+003  0.0000000000000E+000    -0.1230000000000E+003  0.0000000000000E+000    -0.1230000000000E+003  0.0000000000000E+000
-0.1230000000000E+003  0.0000000000000E+000    -0.1230000000000E+003  0.0000000000000E+000    -0.1230000000000E+003  0.0000000000000E+000
-0.1230000000000E+003  0.0000000000000E+000    -0.1230000000000E+003  0.0000000000000E+000    -0.1230000000000E+003  0.0000000000000E+000
! 3 Dipole moments Y (MCH) in a.u.
-0.1230000000000E+003  0.0000000000000E+000    -0.1230000000000E+003  0.0000000000000E+000    -0.1230000000000E+003  0.0000000000000E+000
-0.1230000000000E+003  0.0000000000000E+000    -0.1230000000000E+003  0.0000000000000E+000    -0.1230000000000E+003  0.0000000000000E+000
-0.1230000000000E+003  0.0000000000000E+000    -0.1230000000000E+003  0.0000000000000E+000    -0.1230000000000E+003  0.0000000000000E+000
! 3 Dipole moments Z (MCH) in a.u.
-0.1230000000000E+003  0.0000000000000E+000    -0.1230000000000E+003  0.0000000000000E+000    -0.1230000000000E+003  0.0000000000000E+000
-0.1230000000000E+003  0.0000000000000E+000    -0.1230000000000E+003  0.0000000000000E+000    -0.1230000000000E+003  0.0000000000000E+000
-0.1230000000000E+003  0.0000000000000E+000    -0.1230000000000E+003  0.0000000000000E+000    -0.1230000000000E+003  0.0000000000000E+000
! 5 Coefficients (diag)
-0.6184000586325E-003 -0.1361328295690E-003
 0.9221236966504E+000 -0.3749979964183E+000
 0.7154416816621E-001 -0.6281259275607E-001
! 6 Hopping Probabilities (diag)
 0.1742758599338E-005
 0.0000000000000E+000
 0.1134212720185E-001
! 7 Ekin (a.u.)
 0.7789974007402E-001
! 8 states (diag, MCH)
           2            2
! 9 Random number
 0.4799634465667E+000
! 10 Runtime (sec)
           3
! 11 Geometry in a.u.
-0.1005609046011E-002 -0.9705417147328E-001  0.2998177848449E-002
 0.2522593944964E+001  0.7776908245616E-001 -0.8660300906434E-002
-0.1030956924353E+001 -0.1944104088743E+001  0.9255498666850E+000
 0.3771789425887E+001  0.2214896427546E+001  0.9170856769202E+000
 0.3821145910530E+001 -0.1445716040290E+001 -0.8919194631529E+000
-0.1270986844557E+001  0.1404838122893E+001 -0.8832227694409E+000
! 12 Velocities in a.u.
 0.1517025226929E-004 -0.3673673476798E-004  0.2059869291066E-003
-0.2186363756146E-004 -0.2032704342662E-004 -0.2550961903946E-003
-0.1580803989762E-002  0.1224631924408E-002  0.3763421546472E-002
 0.1597828216061E-002 -0.4905438347503E-003  0.4798875876807E-002
 0.9368270251509E-003  0.1519465449503E-002 -0.3197726793960E-002
-0.8740950802932E-003 -0.1573599892922E-002 -0.4779400586329E-002
! 0 Step
          18
! 1 Hamiltonian (MCH) in a.u.
-0.7788964080811E+002  0.0000000000000E+000     0.0000000000000E+000  0.0000000000000E+000     0.0000000000000E+000  0.0000000000000E+000
 0.0000000000000E+000  0.0000000000000E+000    -0.7774151611328E+002  0.0000000000000E+000     0.0000000000000E+000  0.0000000000000E+000
 0.0000000000000E+000  0.0000000000000E+000     0.0000000000000E+000  0.0000000000000E+000    -0.7772039794922E+002  0.0000000000000E+000
! 2 U matrix
 0.1000000000000E+001  0.0000000000000E+000     0.0000000000000E+000  0.0000000000000E+000     0.0000000000000E+000  0.0000000000000E+000
 0.0000000000000E+000  0.0000000000000E+000     0.1000000000000E+001  0.0000000000000E+000     0.0000000000000E+000  0.0000000000000E+000
 0.0000000000000E+000  0.0000000000000E+000     0.0000000000000E+000  0.0000000000000E+000     0.1000000000000E+001  0.0000000000000E+000
! 3 Dipole moments X (MCH) in a.u.
-0.1230000000000E+003  0.0000000000000E+000    -0.1230000000000E+003  0.0000000000000E+000    -0.1230000000000E+003  0.0000000000000E+000
-0.1230000000000E+003  0.0000000000000E+000    -0.1230000000000E+003  0.0000000000000E+000    -0.1230000000000E+003  0.0000000000000E+000
-0.1230000000000E+003  0.0000000000000E+000    -0.1230000000000E+003  0.0000000000000E+000    -0.1230000000000E+003  0.0000000000000E+000
! 3 Dipole moments Y (MCH) in a.u.
-0.1230000000000E+003  0.0000000000000E+000    -0.1230000000000E+003  0.0000000000000E+000    -0.1230000000000E+003  0.0000000000000E+000
-0.1230000000000E+003  0.0000000000000E+000    -0.1230000000000E+003  0.0000000000000E+000    -0.1230000000000E+003  0.0000000000000E+000
-0.1230000000000E+003  0.0000000000000E+000    -0.1230000000000E+003  0.0000000000000E+000    -0.1230000000000E+003  0.0000000000000E+000
! 3 Dipole moments Z (MCH) in a.u.
-0.1230000000000E+003  0.0000000000000E+000    -0.1230000000000E+003  0.0000000000000E+000    -0.1230000000000E+003  0.0000000000000E+000
-0.1230000000000E+003  0.0000000000000E+000    -0.1230000000000E+003  0.0000000000000E+000    -0.1230000000000E+003  0.0000000000000E+000
-0.1230000000000E+003  0.0000000000000E+000    -0.1230000000000E+003  0.0000000000000E+000    -0.1230000000000E+003  0.0000000000000E+000
! 5 Coefficients (diag)
-0.1143947131779E-002  0.1610539473154E-002
-0.3619472935875E+000 -0.9009736120829E+000
-0.1754128489423E+000 -0.1626872366489E+000
! 6 Hopping Probabilities (diag)
 0.1292301303528E-004
 0.0000000000000E+000
 0.6131909844914E-001
! 7 Ekin (a.u.)
 0.8361858949192E-001
! 8 states (diag, MCH)
           2            2
! 9 Random number
 0.2093493762828E+000
! 10 Runtime (sec)
           3
! 11 Geometry in a.u.
-0.6562582498058E-003 -0.9800027230825E-001  0.7318820943813E-002
 0.2522269456051E+001  0.7773490739006E-001 -0.1401166877547E-001
-0.1064173088998E+001 -0.1915680935482E+001  0.1004665314316E+001
 0.3803745054866E+001  0.2198910895433E+001  0.1016844493226E+001
 0.3840849126681E+001 -0.1412063301412E+001 -0.9583658090639E+000
-0.1289725772095E+001  0.1370428416138E+001 -0.9833689050500E+000
! 12 Velocities in a.u.
 0.1538127644336E-004 -0.5468901708357E-004  0.2114855348693E-003
-0.4087421156383E-005  0.1911002004498E-004 -0.2610828646057E-003
-0.1624208788790E-002  0.1565385845966E-002  0.3890348741201E-002
 0.1464696630661E-002 -0.1107860962626E-002  0.4838737802127E-002
 0.9434412422292E-003  0.1768218271806E-002 -0.3233540123744E-002
-0.9185030370279E-003 -0.1801795201514E-002 -0.4904560698682E-002
! 0 Step
          19
! 1 Hamiltonian (MCH) in a.u.
-0.7787282562256E+002  0.0000000000000E+000     0.0000000000000E+000  0.0000000000000E+000     0.0000000000000E+000  0.0000000000000E+000
 0.0000000000000E+000  0.0000000000000E+000    -0.7774870300293E+002  0.0000000000000E+000     0.0000000000000E+000  0.0000000000000E+000
 0.0000000000000E+000  0.0000000000000E+000     0.0000000000000E+000  0.0000000000000E+000    -0.7772993469238E+002  0.0000000000000E+000
! 2 U matrix
 0.1000000000000E+001  0.0000000000000E+000     0.0000000000000E+000  0.0000000000000E+000     0.0000000000000E+000  0.0000000000000E+000
 0.0000000000000E+000  0.0000000000000E+000     0.1000000000000E+001  0.0000000000000E+000     0.0000000000000E+000  0.0000000000000E+000
 0.0000000000000E+000  0.0000000000000E+000     0.0000000000000E+000  0.0000000000000E+000     0.1000000000000E+001  0.0000000000000E+000
! 3 Dipole moments X (MCH) in a.u.
-0.1230000000000E+003  0.0000000000000E+000    -0.1230000000000E+003  0.0000000000000E+000    -0.1230000000000E+003  0.0000000000000E+000
-0.1230000000000E+003  0.0000000000000E+000    -0.1230000000000E+003  0.0000000000000E+000    -0.1230000000000E+003  0.0000000000000E+000
-0.1230000000000E+003  0.0000000000000E+000    -0.1230000000000E+003  0.0000000000000E+000    -0.1230000000000E+003  0.0000000000000E+000
! 3 Dipole moments Y (MCH) in a.u.
-0.1230000000000E+003  0.0000000000000E+000    -0.1230000000000E+003  0.0000000000000E+000    -0.1230000000000E+003  0.0000000000000E+000
-0.1230000000000E+003  0.0000000000000E+000    -0.1230000000000E+003  0.0000000000000E+000    -0.1230000000000E+003  0.0000000000000E+000
-0.1230000000000E+003  0.0000000000000E+000    -0.1230000000000E+003  0.0000000000000E+000    -0.1230000000000E+003  0.0000000000000E+000
! 3 Dipole moments Z (MCH) in a.u.
-0.1230000000000E+003  0.0000000000000E+000    -0.1230000000000E+003  0.0000000000000E+000    -0.1230000000000E+003  0.0000000000000E+000
-0.1230000000000E+003  0.0000000000000E+000    -0.1230000000000E+003  0.0000000000000E+000    -0.1230000000000E+003  0.0000000000000E+000
-0.1230000000000E+003  0.0000000000000E+000    -0.1230000000000E+003  0.0000000000000E+000    -0.1230000000000E+003  0.0000000000000E+000
! 5 Coefficients (diag)
 0.3417017440231E-002  0.1654501049964E-002
-0.8973474938313E+000  0.1982803543626E+000
-0.2769860871495E+000  0.2805649132238E+000
! 6 Hopping Probabilities (diag)
 0.3494032372589E-004
 0.0000000000000E+000
 0.1375620590145E+000
! 7 Ekin (a.u.)
 0.9058586161891E-001
! 8 states (diag, MCH)
           2            2
! 9 Random number
 0.2526281596020E+000
! 10 Runtime (sec)
           2
! 11 Geometry in a.u.
-0.3697259541940E-003 -0.9931509054587E-001  0.1174128030047E-001
 0.2522424965360E+001  0.7855911692928E-001 -0.1945382508352E-001
-0.1098103946265E+001 -0.1879388888072E+001  0.1086382226399E+001
 0.3832341996118E+001  0.2169095933887E+001  0.1117125742869E+001
 0.3860149067145E+001 -0.1372615468578E+001 -0.1025598452603E+001
-0.1308959021520E+001  0.1330349434794E+001 -0.1085984044330E+001
! 12 Velocities in a.u.
 0.1268288638091E-004 -0.7203893635155E-004  0.2145788196849E-003
 0.2073858090663E-004  0.6123079350651E-004 -0.2637256047980E-003
-0.1653572202157E-002  0.1975415988773E-002  0.4006989363279E-002
 0.1278566775456E-002 -0.1803578237569E-002  0.4843599777413E-002
 0.8965894190751E-003  0.2071121968602E-002 -0.3265678914823E-002
-0.9198233820866E-003 -0.2114173214864E-002 -0.4999293038925E-002
! 0 Step
          20
! 1 Hamiltonian (MCH) in a.u.
-0.7785828399658E+002  0.0000000000000E+000     0.0000000000000E+000  0.0000000000000E+000     0.0000000000000E+000  0.0000000000000E+000
 0.0000000000000E+000  0.0000000000000E+000    -0.7775626373291E+002  0.0000000000000E+000     0.0000000000000E+000  0.0000000000000E+000
 0.0000000000000E+000  0.0000000000000E+000     0.0000000000000E+000  0.0000000000000E+000    -0.7773692321777E+002  0.0000000000000E+000
! 2 U matrix
 0.1000000000000E+001  0.0000000000000E+000     0.0000000000000E+000  0.0000000000000E+000     0.0000000000000E+000  0.0000000000000E+000
 0.0000000000000E+000  0.0000000000000E+000     0.1000000000000E+001  0.0000000000000E+000     0.0000000000000E+000  0.0000000000000E+000
 0.0000000000000E+000  0.0000000000000E+000     0.0000000000000E+000  0.0000000000000E+000     0.1000000000000E+001  0.0000000000000E+000
! 3 Dipole moments X (MCH) in a.u.
-0.1230000000000E+003  0.0000000000000E+000    -0.1230000000000E+003  0.0000000000000E+000    -0.1230000000000E+003  0.0000000000000E+000
-0.1230000000000E+003  0.0000000000000E+000    -0.1230000000000E+003  0.0000000000000E+000    -0.1230000000000E+003  0.0000000000000E+000
-0.1230000000000E+003  0.0000000000000E+000    -0.1230000000000E+003  0.0000000000000E+000    -0.1230000000000E+003  0.0000000000000E+000
! 3 Dipole moments Y (MCH) in a.u.
-0.1230000000000E+003  0.0000000000000E+000    -0.1230000000000E+003  0.0000000000000E+000    -0.1230000000000E+003  0.0000000000000E+000
-0.1230000000000E+003  0.0000000000000E+000    -0.1230000000000E+003  0.0000000000000E+000    -0.1230000000000E+003  0.0000000000000E+000
-0.1230000000000E+003  0.0000000000000E+000    -0.1230000000000E+003  0.0000000000000E+000    -0.1230000000000E+003  0.0000000000000E+000
! 3 Dipole moments Z (MCH) in a.u.
-0.1230000000000E+003  0.0000000000000E+000    -0.1230000000000E+003  0.0000000000000E+000    -0.1230000000000E+003  0.0000000000000E+000
-0.1230000000000E+003  0.0000000000000E+000    -0.1230000000000E+003  0.0000000000000E+000    -0.1230000000000E+003  0.0000000000000E+000
-0.1230000000000E+003  0.0000000000000E+000    -0.1230000000000E+003  0.0000000000000E+000    -0.1230000000000E+003  0.0000000000000E+000
! 5 Coefficients (diag)
 0.2719090818044E-001 -0.3709910596841E-001
-0.1098203448378E+000  0.8654530441853E+000
 0.3039399160931E+000  0.3800465213945E+000
! 6 Hopping Probabilities (diag)
 0.8299264784548E-002
 0.0000000000000E+000
 0.1564388037640E+000
! 7 Ekin (a.u.)
 0.9782210933985E-001
! 8 states (diag, MCH)
           2            2
! 9 Random number
 0.7379043323277E+000
! 10 Runtime (sec)
           3
! 11 Geometry in a.u.
-0.1319303089650E-003 -0.1009784608706E+000  0.1618980403823E-001
 0.2523126817466E+001  0.8026627248402E-001 -0.2491444746147E-001
-0.1132534034744E+001 -0.1834014525598E+001  0.1170319757533E+001
 0.3856602761264E+001  0.2124348494175E+001  0.1217085559910E+001
 0.3877915364584E+001 -0.1326440274886E+001 -0.1093373460274E+001
-0.1327752533936E+001  0.1283025591967E+001 -0.1190046544984E+001
! 12 Velocities in a.u.
 0.1269650189319E-004 -0.8801209676502E-004  0.2130408456232E-003
 0.4741030314183E-004  0.1039370254233E-003 -0.2617303059435E-003
-0.1673880409256E-002  0.2414749437441E-002  0.4088531787830E-002
 0.1039462396427E-002 -0.2525798039324E-002  0.4784852706613E-002
 0.8003077910560E-003  0.2391974400438E-002 -0.3271728297876E-002
-0.8821029620111E-003 -0.2470681853836E-002 -0.5021488340423E-002
! 0 Step
          21
! 1 Hamiltonian (MCH) in a.u.
-0.7785017395020E+002  0.0000000000000E+000     0.0000000000000E+000  0.0000000000000E+000     0.0000000000000E+000  0.0000000000000E+000
 0.0000000000000E+000  0.0000000000000E+000    -0.7776203155518E+002  0.0000000000000E+000     0.0000000000000E+000  0.0000000000000E+000
 0.0000000000000E+000  0.0000000000000E+000     0.0000000000000E+000  0.0000000000000E+000    -0.7773913574219E+002  0.0000000000000E+000
! 2 U matrix
 0.1000000000000E+001  0.0000000000000E+000     0.0000000000000E+000  0.0000000000000E+000     0.0000000000000E+000  0.0000000000000E+000
 0.0000000000000E+000  0.0000000000000E+000     0.1000000000000E+001  0.0000000000000E+000     0.0000000000000E+000  0.0000000000000E+000
 0.0000000000000E+000  0.0000000000000E+000     0.0000000000000E+000  0.0000000000000E+000     0.1000000000000E+001  0.0000000000000E+000
! 3 Dipole moments X (MCH) in a.u.
-0.1230000000000E+003  0.0000000000000E+000    -0.1230000000000E+003  0.0000000000000E+000    -0.1230000000000E+003  0.0000000000000E+000
-0.1230000000000E+003  0.0000000000000E+000    -0.1230000000000E+003  0.0000000000000E+000    -0.1230000000000E+003  0.0000000000000E+000
-0.1230000000000E+003  0.0000000000000E+000    -0.1230000000000E+003  0.0000000000000E+000    -0.1230000000000E+003  0.0000000000000E+000
! 3 Dipole moments Y (MCH) in a.u.
-0.1230000000000E+003  0.0000000000000E+000    -0.1230000000000E+003  0.0000000000000E+000    -0.1230000000000E+003  0.0000000000000E+000
-0.1230000000000E+003  0.0000000000000E+000    -0.1230000000000E+003  0.0000000000000E+000    -0.1230000000000E+003  0.0000000000000E+000
-0.1230000000000E+003  0.0000000000000E+000    -0.1230000000000E+003  0.0000000000000E+000    -0.1230000000000E+003  0.0000000000000E+000
! 3 Dipole moments Z (MCH) in a.u.
-0.1230000000000E+003  0.0000000000000E+000    -0.1230000000000E+003  0.0000000000000E+000    -0.1230000000000E+003  0.0000000000000E+000
-0.1230000000000E+003  0.0000000000000E+000    -0.1230000000000E+003  0.0000000000000E+000    -0.1230000000000E+003  0.0000000000000E+000
-0.1230000000000E+003  0.0000000000000E+000    -0.1230000000000E+003  0.0000000000000E+000    -0.1230000000000E+003  0.0000000000000E+000
! 5 Coefficients (diag)
-0.1914925906922E-001 -0.9526382490424E-001
 0.5897259570174E+000  0.4185696917248E+000
 0.5970732006261E+000 -0.3332932813983E+000
! 6 Hopping Probabilities (diag)
 0.4071421567308E-001
 0.0000000000000E+000
 0.1104023556055E+000
! 7 Ekin (a.u.)
 0.8069411861719E-001
! 8 states (diag, MCH)
           3            3
! 9 Random number
 0.6540338140905E-001
! 10 Runtime (sec)
           3
! 11 Geometry in a.u.
 0.1551648706231E-003 -0.1029536314962E+000  0.2054868143503E-001
 0.2524384972402E+001  0.8285601630066E-001 -0.3027411537466E-001
-0.1167304461182E+001 -0.1779559830067E+001  0.1255407745432E+001
 0.3875314799117E+001  0.2064675974174E+001  0.1314938124967E+001
 0.3893234890318E+001 -0.1273727961881E+001 -0.1160856193617E+001
-0.1345426369393E+001  0.1228208053882E+001 -0.1293579268510E+001
! 12 Velocities in a.u.
 0.1568964825711E-004 -0.9017100542407E-004  0.1818477329437E-003
 0.6593010251018E-004  0.1292425948874E-003 -0.2226520355983E-003
-0.1491452817675E-002  0.2491081478879E-002  0.3626283586654E-002
 0.6541233047266E-003 -0.2844769754249E-002  0.4078139348857E-002
 0.5976284911583E-003  0.2360056185874E-002 -0.2854520550368E-002
-0.7328534087189E-003 -0.2471932032066E-002 -0.4363691507343E-002
! 0 Step
          22
! 1 Hamiltonian (MCH) in a.u.
-0.7784785461426E+002  0.0000000000000E+000     0.0000000000000E+000  0.0000000000000E+000     0.0000000000000E+000  0.0000000000000E+000
 0.0000000000000E+000  0.0000000000000E+000    -0.7776535797119E+002  0.0000000000000E+000     0.0000000000000E+000  0.0000000000000E+000
 0.0000000000000E+000  0.0000000000000E+000     0.0000000000000E+000  0.0000000000000E+000    -0.7773881530762E+002  0.0000000000000E+000
! 2 U matrix
 0.1000000000000E+001  0.0000000000000E+000     0.0000000000000E+000  0.0000000000000E+000     0.0000000000000E+000  0.0000000000000E+000
 0.0000000000000E+000  0.0000000000000E+000     0.1000000000000E+001  0.0000000000000E+000     0.0000000000000E+000  0.0000000000000E+000
 0.0000000000000E+000  0.0000000000000E+000     0.0000000000000E+000  0.0000000000000E+000     0.1000000000000E+001  0.0000000000000E+000
! 3 Dipole moments X (MCH) in a.u.
-0.1230000000000E+003  0.0000000000000E+000    -0.1230000000000E+003  0.0000000000000E+000    -0.1230000000000E+003  0.0000000000000E+000
-0.1230000000000E+003  0.0000000000000E+000    -0.1230000000000E+003  0.0000000000000E+000    -0.1230000000000E+003  0.0000000000000E+000
-0.1230000000000E+003  0.0000000000000E+000    -0.1230000000000E+003  0.0000000000000E+000    -0.1230000000000E+003  0.0000000000000E+000
! 3 Dipole moments Y (MCH) in a.u.
-0.1230000000000E+003  0.0000000000000E+000    -0.1230000000000E+003  0.0000000000000E+000    -0.1230000000000E+003  0.0000000000000E+000
-0.1230000000000E+003  0.0000000000000E+000    -0.1230000000000E+003  0.0000000000000E+000    -0.1230000000000E+003  0.0000000000000E+000
-0.1230000000000E+003  0.0000000000000E+000    -0.1230000000000E+003  0.0000000000000E+000    -0.1230000000000E+003  0.0000000000000E+000
! 3 Dipole moments Z (MCH) in a.u.
-0.1230000000000E+003  0.0000000000000E+000    -0.1230000000000E+003  0.0000000000000E+000    -0.1230000000000E+003  0.0000000000000E+000
-0.1230000000000E+003  0.0000000000000E+000    -0.1230000000000E+003  0.0000000000000E+000    -0.1230000000000E+003  0.0000000000000E+000
-0.1230000000000E+003  0.0000000000000E+000    -0.1230000000000E+003  0.0000000000000E+000    -0.1230000000000E+003  0.0000000000000E+000
! 5 Coefficients (diag)
-0.6765496013686E-001 -0.4669285409123E-001
 0.5656053158097E+000 -0.2306449626689E+000
-0.3449962080569E+000 -0.7078938678187E+000
! 6 Hopping Probabilities (diag)
 0.0000000000000E+000
 0.0000000000000E+000
 0.0000000000000E+000
! 7 Ekin (a.u.)
 0.8056704882821E-001
! 8 states (diag, MCH)
           3            3
! 9 Random number
 0.4650783185045E+000
! 10 Runtime (sec)
           2
! 11 Geometry in a.u.
-0.4678535583623E-004 -0.1049320397576E+000  0.2425354947340E-001
 0.2526026824624E+001  0.8567860341217E-001 -0.3480250895655E-001
-0.1196142878894E+001 -0.1723263850341E+001  0.1327828355184E+001
 0.3887986836760E+001  0.2000073435967E+001  0.1395967560985E+001
 0.3905246097909E+001 -0.1220555819453E+001 -0.1217237241587E+001
-0.1358428601639E+001  0.1173283514094E+001 -0.1380835401662E+001
! 12 Velocities in a.u.
-0.3417373801044E-004 -0.9945330338060E-004  0.1772118423610E-003
 0.9238918966284E-004  0.1450344652858E-003 -0.2121204631185E-003
-0.1297475777346E-002  0.2900506578481E-002  0.3367929058700E-002
 0.5516791623612E-003 -0.3391860591126E-002  0.3713842048941E-002
 0.5904270469085E-003  0.2740526463547E-002 -0.2592787335430E-002
-0.5383068524832E-003 -0.2792302503771E-002 -0.4073023910984E-002
! 0 Step
          23
! 1 Hamiltonian (MCH) in a.u.
-0.7784801483154E+002  0.0000000000000E+000     0.0000000000000E+000  0.0000000000000E+000     0.0000000000000E+000  0.0000000000000E+000
 0.0000000000000E+000  0.0000000000000E+000    -0.7776737976074E+002  0.0000000000000E+000     0.0000000000000E+000  0.0000000000000E+000
 0.0000000000000E+000  0.0000000000000E+000     0.0000000000000E+000  0.0000000000000E+000    -0.7773892974854E+002  0.0000000000000E+000
! 2 U matrix
 0.1000000000000E+001  0.0000000000000E+000     0.0000000000000E+000  0.0000000000000E+000     0.0000000000000E+000  0.0000000000000E+000
 0.0000000000000E+000  0.0000000000000E+000     0.1000000000000E+001  0.0000000000000E+000     0.0000000000000E+000  0.0000000000000E+000
 0.0000000000000E+000  0.0000000000000E+000     0.0000000000000E+000  0.0000000000000E+000     0.1000000000000E+001  0.0000000000000E+000
! 3 Dipole moments X (MCH) in a.u.
-0.1230000000000E+003  0.0000000000000E+000    -0.1230000000000E+003  0.0000000000000E+000    -0.1230000000000E+003  0.0000000000000E+000
-0.1230000000000E+003  0.0000000000000E+000    -0.1230000000000E+003  0.0000000000000E+000    -0.1230000000000E+003  0.0000000000000E+000
-0.1230000000000E+003  0.0000000000000E+000    -0.1230000000000E+003  0.0000000000000E+000    -0.1230000000000E+003  0.0000000000000E+000
! 3 Dipole moments Y (MCH) in a.u.
-0.1230000000000E+003  0.0000000000000E+000    -0.1230000000000E+003  0.0000000000000E+000    -0.1230000000000E+003  0.0000000000000E+000
-0.1230000000000E+003  0.0000000000000E+000    -0.1230000000000E+003  0.0000000000000E+000    -0.1230000000000E+003  0.0000000000000E+000
-0.1230000000000E+003  0.0000000000000E+000    -0.1230000000000E+003  0.0000000000000E+000    -0.1230000000000E+003  0.0000000000000E+000
! 3 Dipole moments Z (MCH) in a.u.
-0.1230000000000E+003  0.0000000000000E+000    -0.1230000000000E+003  0.0000000000000E+000    -0.1230000000000E+003  0.0000000000000E+000
-0.1230000000000E+003  0.0000000000000E+000    -0.1230000000000E+003  0.0000000000000E+000    -0.1230000000000E+003  0.0000000000000E+000
-0.1230000000000E+003  0.0000000000000E+000    -0.1230000000000E+003  0.0000000000000E+000    -0.1230000000000E+003  0.0000000000000E+000
! 5 Coefficients (diag)
-0.2851243128968E-001 -0.2129416166383E-001
 0.8767808881797E-001 -0.5265820046026E+000
-0.7559145937010E+000  0.3772938803384E+000
! 6 Hopping Probabilities (diag)
 0.0000000000000E+000
 0.0000000000000E+000
 0.0000000000000E+000
! 7 Ekin (a.u.)
 0.8075004100257E-001
! 8 states (diag, MCH)
           3            3
! 9 Random number
 0.8327393262881E+000
! 10 Runtime (sec)
           3
! 11 Geometry in a.u.
-0.1257624390725E-002 -0.1070651676407E+000  0.2787486236949E-001
 0.2528204468384E+001  0.8885194027650E-001 -0.3904346663248E-001
-0.1220943891687E+001 -0.1659648904745E+001  0.1394642558015E+001
 0.3898121973329E+001  0.1924451799176E+001  0.1468473455620E+001
 0.3917643955291E+001 -0.1160430834216E+001 -0.1268045582829E+001
-0.1367680713950E+001  0.1112770433609E+001 -0.1461963670617E+001
! 12 Velocities in a.u.
-0.8204850903958E-004 -0.1063435076554E-003  0.1733714066664E-003
 0.1178024078155E-003  0.1627124045139E-003 -0.1964821747139E-003
-0.1102644269334E-002  0.3236503739410E-002  0.3093209573565E-002
 0.4192453620278E-003 -0.3919695171024E-002  0.3280964175547E-002
 0.6177123529511E-003  0.3059773566462E-002 -0.2324057264661E-002
-0.3603453058090E-003 -0.3048255319268E-002 -0.3774736049516E-002
! 0 Step
          24
! 1 Hamiltonian (MCH) in a.u.
-0.7784967803955E+002  0.0000000000000E+000     0.0000000000000E+000  0.0000000000000E+000     0.0000000000000E+000  0.0000000000000E+000
 0.0000000000000E+000  0.0000000000000E+000    -0.7776812744141E+002  0.0000000000000E+000     0.0000000000000E+000  0.0000000000000E+000
 0.0000000000000E+000  0.0000000000000E+000     0.0000000000000E+000  0.0000000000000E+000    -0.7774034118652E+002  0.0000000000000E+000
! 2 U matrix
 0.1000000000000E+001  0.0000000000000E+000     0.0000000000000E+000  0.0000000000000E+000     0.0000000000000E+000  0.0000000000000E+000
 0.0000000000000E+000  0.0000000000000E+000     0.1000000000000E+001  0.0000000000000E+000     0.0000000000000E+000  0.0000000000000E+000
 0.0000000000000E+000  0.0000000000000E+000     0.0000000000000E+000  0.0000000000000E+000     0.1000000000000E+001  0.0000000000000E+000
! 3 Dipole moments X (MCH) in a.u.
-0.1230000000000E+003  0.0000000000000E+000    -0.1230000000000E+003  0.0000000000000E+000    -0.1230000000000E+003  0.0000000000000E+000
-0.1230000000000E+003  0.0000000000000E+000    -0.1230000000000E+003  0.0000000000000E+000    -0.1230000000000E+003  0.0000000000000E+000
-0.1230000000000E+003  0.0000000000000E+000    -0.1230000000000E+003  0.0000000000000E+000    -0.1230000000000E+003  0.0000000000000E+000
! 3 Dipole moments Y (MCH) in a.u.
-0.1230000000000E+003  0.0000000000000E+000    -0.1230000000000E+003  0.0000000000000E+000    -0.1230000000000E+003  0.0000000000000E+000
-0.1230000000000E+003  0.0000000000000E+000    -0.1230000000000E+003  0.0000000000000E+000    -0.1230000000000E+003  0.0000000000000E+000
-0.1230000000000E+003  0.0000000000000E+000    -0.1230000000000E+003  0.0000000000000E+000    -0.1230000000000E+003  0.0000000000000E+000
! 3 Dipole moments Z (MCH) in a.u.
-0.1230000000000E+003  0.0000000000000E+000    -0.1230000000000E+003  0.0000000000000E+000    -0.1230000000000E+003  0.0000000000000E+000
-0.1230000000000E+003  0.0000000000000E+000    -0.1230000000000E+003  0.0000000000000E+000    -0.1230000000000E+003  0.0000000000000E+000
-0.1230000000000E+003  0.0000000000000E+000    -0.1230000000000E+003  0.0000000000000E+000    -0.1230000000000E+003  0.0000000000000E+000
! 5 Coefficients (diag)
-0.2146485319653E-002 -0.9822968891535E-002
-0.3427026934391E+000 -0.3213562118119E+000
 0.3882030869053E+000  0.7927687646720E+000
! 6 Hopping Probabilities (diag)
 0.0000000000000E+000
 0.0000000000000E+000
 0.0000000000000E+000
! 7 Ekin (a.u.)
 0.8212122452121E-001
! 8 states (diag, MCH)
           3            3
! 9 Random number
 0.3280000409331E+000
! 10 Runtime (sec)
           2
! 11 Geometry in a.u.
-0.3438783399637E-002 -0.1093284264094E+000  0.3142096152204E-001
 0.2530896937946E+001  0.9240535767345E-001 -0.4292535189511E-001
-0.1241727707288E+001 -0.1589462340950E+001  0.1455705886968E+001
 0.3905319015791E+001  0.1838027854542E+001  0.1531607125866E+001
 0.3930783174906E+001 -0.1094060578120E+001 -0.1313316960617E+001
-0.1373325771456E+001  0.1047264452920E+001 -0.1536888173927E+001
! 12 Velocities in a.u.
-0.1278876650341E-003 -0.1128029501467E-003  0.1686679049681E-003
 0.1416127530236E-003  0.1802219018678E-003 -0.1789268768703E-003
-0.9057289610902E-003  0.3557848430206E-002  0.2801918002172E-002
 0.2800869962601E-003 -0.4428079796300E-002  0.2820699584582E-002
 0.6407414082425E-003  0.3361933264416E-002 -0.2046418453917E-002
-0.1786431672599E-003 -0.3295043935595E-002 -0.3453956558127E-002
! 0 Step
          25
! 1 Hamiltonian (MCH) in a.u.
-0.7785330963135E+002  0.0000000000000E+000     0.0000000000000E+000  0.0000000000000E+000     0.0000000000000E+000  0.0000000000000E+000
 0.0000000000000E+000  0.0000000000000E+000    -0.7776741027832E+002  0.0000000000000E+000     0.0000000000000E+000  0.0000000000000E+000
 0.0000000000000E+000  0.0000000000000E+000     0.0000000000000E+000  0.0000000000000E+000    -0.7774259948730E+002  0.0000000000000E+000
! 2 U matrix
 0.1000000000000E+001  0.0000000000000E+000     0.0000000000000E+000  0.0000000000000E+000     0.0000000000000E+000  0.0000000000000E+000
 0.0000000000000E+000  0.0000000000000E+000     0.1000000000000E+001  0.0000000000000E+000     0.0000000000000E+000  0.0000000000000E+000
 0.0000000000000E+000  0.0000000000000E+000     0.0000000000000E+000  0.0000000000000E+000     0.1000000000000E+001  0.0000000000000E+000
! 3 Dipole moments X (MCH) in a.u.
-0.1230000000000E+003  0.0000000000000E+000    -0.1230000000000E+003  0.0000000000000E+000    -0.1230000000000E+003  0.0000000000000E+000
-0.1230000000000E+003  0.0000000000000E+000    -0.1230000000000E+003  0.0000000000000E+000    -0.1230000000000E+003  0.0000000000000E+000
-0.1230000000000E+003  0.0000000000000E+000    -0.1230000000000E+003  0.0000000000000E+000    -0.1230000000000E+003  0.0000000000000E+000
! 3 Dipole moments Y (MCH) in a.u.
-0.1230000000000E+003  0.0000000000000E+000    -0.1230000000000E+003  0.0000000000000E+000    -0.1230000000000E+003  0.0000000000000E+000
-0.1230000000000E+003  0.0000000000000E+000    -0.1230000000000E+003  0.0000000000000E+000    -0.1230000000000E+003  0.0000000000000E+000
-0.1230000000000E+003  0.0000000000000E+000    -0.1230000000000E+003  0.0000000000000E+000    -0.1230000000000E+003  0.0000000000000E+000
! 3 Dipole moments Z (MCH) in a.u.
-0.1230000000000E+003  0.0000000000000E+000    -0.1230000000000E+003  0.0000000000000E+000    -0.1230000000000E+003  0.0000000000000E+000
-0.1230000000000E+003  0.0000000000000E+000    -0.1230000000000E+003  0.0000000000000E+000    -0.1230000000000E+003  0.0000000000000E+000
-0.1230000000000E+003  0.0000000000000E+000    -0.1230000000000E+003  0.0000000000000E+000    -0.1230000000000E+003  0.0000000000000E+000
! 5 Coefficients (diag)
 0.6943063191164E-002  0.1951080448487E-002
-0.4063844840584E+000  0.9455671476141E-001
 0.8336134972828E+000 -0.3618662779490E+000
! 6 Hopping Probabilities (diag)
 0.0000000000000E+000
 0.0000000000000E+000
 0.0000000000000E+000
! 7 Ekin (a.u.)
 0.8423015748512E-001
! 8 states (diag, MCH)
           3            3
! 9 Random number
 0.1509362660953E+000
! 10 Runtime (sec)
           3
! 11 Geometry in a.u.
-0.6544676095867E-002 -0.1117285965160E+000  0.3484782519844E-001
 0.2534058934076E+001  0.9630256120480E-001 -0.4644054944887E-001
-0.1258387970808E+001 -0.1512562564522E+001  0.1510477696197E+001
 0.3909701154408E+001  0.1741388899159E+001  0.1585085050213E+001
 0.3944133085061E+001 -0.1021443896004E+001 -0.1352647332133E+001
-0.1375066067822E+001  0.9765487921114E+000 -0.1604754978170E+001
! 12 Velocities in a.u.
-0.1715614839542E-003 -0.1200724974838E-003  0.1604248116842E-003
 0.1631820149371E-003  0.1943068880709E-003 -0.1617216771265E-003
-0.6966166837747E-003  0.3886783579223E-002  0.2461728253282E-002
 0.1541426745737E-003 -0.4883801439999E-002  0.2345872132742E-002
 0.6194482854247E-003  0.3660487051540E-002 -0.1729946964445E-002
 0.2287271141187E-004 -0.3548021782461E-002 -0.3062200406919E-002
! 0 Step
          26
! 1 Hamiltonian (MCH) in a.u.
-0.7786048126221E+002  0.0000000000000E+000     0.0000000000000E+000  0.0000000000000E+000     0.0000000000000E+000  0.0000000000000E+000
 0.0000000000000E+000  0.0000000000000E+000    -0.7776493835449E+002  0.0000000000000E+000     0.0000000000000E+000  0.0000000000000E+000
 0.0000000000000E+000  0.0000000000000E+000     0.0000000000000E+000  0.0000000000000E+000    -0.7774413299561E+002  0.0000000000000E+000
! 2 U matrix
 0.1000000000000E+001  0.0000000000000E+000     0.0000000000000E+000  0.0000000000000E+000     0.0000000000000E+000  0.0000000000000E+000
 0.0000000000000E+000  0.0000000000000E+000     0.1000000000000E+001  0.0000000000000E+000     0.0000000000000E+000  0.0000000000000E+000
 0.0000000000000E+000  0.0000000000000E+000     0.0000000000000E+000  0.0000000000000E+000     0.1000000000000E+001  0.0000000000000E+000
! 3 Dipole moments X (MCH) in a.u.
-0.1230000000000E+003  0.0000000000000E+000    -0.1230000000000E+003  0.0000000000000E+000    -0.1230000000000E+003  0.0000000000000E+000
-0.1230000000000E+003  0.0000000000000E+000    -0.1230000000000E+003  0.0000000000000E+000    -0.1230000000000E+003  0.0000000000000E+000
-0.1230000000000E+003  0.0000000000000E+000    -0.1230000000000E+003  0.0000000000000E+000    -0.1230000000000E+003  0.0000000000000E+000
! 3 Dipole moments Y (MCH) in a.u.
-0.1230000000000E+003  0.0000000000000E+000    -0.1230000000000E+003  0.0000000000000E+000    -0.1230000000000E+003  0.0000000000000E+000
-0.1230000000000E+003  0.0000000000000E+000    -0.1230000000000E+003  0.0000000000000E+000    -0.1230000000000E+003  0.0000000000000E+000
-0.1230000000000E+003  0.0000000000000E+000    -0.1230000000000E+003  0.0000000000000E+000    -0.1230000000000E+003  0.0000000000000E+000
! 3 Dipole moments Z (MCH) in a.u.
-0.1230000000000E+003  0.0000000000000E+000    -0.1230000000000E+003  0.0000000000000E+000    -0.1230000000000E+003  0.0000000000000E+000
-0.1230000000000E+003  0.0000000000000E+000    -0.1230000000000E+003  0.0000000000000E+000    -0.1230000000000E+003  0.0000000000000E+000
-0.1230000000000E+003  0.0000000000000E+000    -0.1230000000000E+003  0.0000000000000E+000    -0.1230000000000E+003  0.0000000000000E+000
! 5 Coefficients (diag)
-0.9171104900833E-003  0.2493129291799E-001
-0.1163156028356E+000  0.3829027588125E+000
-0.2977358849471E+000 -0.8663642941554E+000
! 6 Hopping Probabilities (diag)
 0.4457572330813E-002
 0.2341750847073E-001
 0.0000000000000E+000
! 7 Ekin (a.u.)
 0.8559224245764E-001
! 8 states (diag, MCH)
           3            3
! 9 Random number
 0.7736737541613E+000
! 10 Runtime (sec)
           2
! 11 Geometry in a.u.
-0.1053137075772E-001 -0.1142923883552E+000  0.3805314355410E-001
 0.2537643106547E+001  0.1004382712748E+000 -0.4961114812559E-001
-0.1270526797684E+001 -0.1428777369928E+001  0.1557477113737E+001
 0.3911691485647E+001  0.1636124795916E+001  0.1628588701502E+001
 0.3956392017736E+001 -0.9427310163341E+000 -0.1384835343924E+001
-0.1372380182154E+001  0.9005843598095E+000 -0.1663483744176E+001
! 12 Velocities in a.u.
-0.2137404958730E-003 -0.1288271512010E-003  0.1463516404951E-003
 0.1838185901899E-003  0.2030884923297E-003 -0.1446726782430E-003
-0.4631633035172E-003  0.4202345953299E-002  0.2027496445109E-002
 0.4356817900669E-004 -0.5232781979489E-002  0.1841927194024E-002
 0.5304931701102E-003  0.3921381157987E-002 -0.1344285038897E-002
 0.2456415944116E-003 -0.3775818894047E-002 -0.2545144585296E-002
! 0 Step
          27
! 1 Hamiltonian (MCH) in a.u.
-0.7787215423584E+002  0.0000000000000E+000     0.0000000000000E+000  0.0000000000000E+000     0.0000000000000E+000  0.0000000000000E+000
 0.0000000000000E+000  0.0000000000000E+000    -0.7776067352295E+002  0.0000000000000E+000     0.0000000000000E+000  0.0000000000000E+000
 0.0000000000000E+000  0.0000000000000E+000     0.0000000000000E+000  0.0000000000000E+000    -0.7774343872070E+002  0.0000000000000E+000
! 2 U matrix
 0.1000000000000E+001  0.0000000000000E+000     0.0000000000000E+000  0.0000000000000E+000     0.0000000000000E+000  0.0000000000000E+000
 0.0000000000000E+000  0.0000000000000E+000     0.1000000000000E+001  0.0000000000000E+000     0.0000000000000E+000  0.0000000000000E+000
 0.0000000000000E+000  0.0000000000000E+000     0.0000000000000E+000  0.0000000000000E+000     0.1000000000000E+001  0.0000000000000E+000
! 3 Dipole moments X (MCH) in a.u.
-0.1230000000000E+003  0.0000000000000E+000    -0.1230000000000E+003  0.0000000000000E+000    -0.1230000000000E+003  0.0000000000000E+000
-0.1230000000000E+003  0.0000000000000E+000    -0.1230000000000E+003  0.0000000000000E+000    -0.1230000000000E+003  0.0000000000000E+000
-0.1230000000000E+003  0.0000000000000E+000    -0.1230000000000E+003  0.0000000000000E+000    -0.1230000000000E+003  0.0000000000000E+000
! 3 Dipole moments Y (MCH) in a.u.
-0.1230000000000E+003  0.0000000000000E+000    -0.1230000000000E+003  0.0000000000000E+000    -0.1230000000000E+003  0.0000000000000E+000
-0.1230000000000E+003  0.0000000000000E+000    -0.1230000000000E+003  0.0000000000000E+000    -0.1230000000000E+003  0.0000000000000E+000
-0.1230000000000E+003  0.0000000000000E+000    -0.1230000000000E+003  0.0000000000000E+000    -0.1230000000000E+003  0.0000000000000E+000
! 3 Dipole moments Z (MCH) in a.u.
-0.1230000000000E+003  0.0000000000000E+000    -0.1230000000000E+003  0.0000000000000E+000    -0.1230000000000E+003  0.0000000000000E+000
-0.1230000000000E+003  0.0000000000000E+000    -0.1230000000000E+003  0.0000000000000E+000    -0.1230000000000E+003  0.0000000000000E+000
-0.1230000000000E+003  0.0000000000000E+000    -0.1230000000000E+003  0.0000000000000E+000    -0.1230000000000E+003  0.0000000000000E+000
! 5 Coefficients (diag)
 0.1748534450675E-001  0.2284530290310E-001
 0.3585547327397E+000  0.2533196555656E+000
-0.8623622764509E+000  0.2505420418839E+000
! 6 Hopping Probabilities (diag)
 0.8138213697738E-002
 0.7410033297011E-001
 0.0000000000000E+000
! 7 Ekin (a.u.)
 0.8486406800743E-001
! 8 states (diag, MCH)
           3            3
! 9 Random number
 0.6384683047961E+000
! 10 Runtime (sec)
           3
! 11 Geometry in a.u.
-0.1538100173260E-001 -0.1170544878695E+000  0.4089820300636E-001
 0.2541658247039E+001  0.1046985183863E+000 -0.5242151665151E-001
-0.1277535777854E+001 -0.1338831811583E+001  0.1594297183670E+001
 0.3911502322762E+001  0.1525058505763E+001  0.1661232849997E+001
 0.3966064401258E+001 -0.8593286135624E+000 -0.1408221921795E+001
-0.1364910906961E+001  0.8204512535666E+000 -0.1709974750663E+001
! 12 Velocities in a.u.
-0.2553021059350E-003 -0.1386801084009E-003  0.1259301754329E-003
 0.2065224899967E-003  0.2085754635458E-003 -0.1242093570373E-003
-0.2105671734328E-003  0.4449471497495E-002  0.1486389050743E-002
-0.7229149206604E-004 -0.5433543440003E-002  0.1284988768224E-002
 0.3940321498151E-003  0.4073239304684E-002 -0.9025176088006E-003
 0.4700684319952E-003 -0.3922017479694E-002 -0.1889364939412E-002
! 0 Step
          28
! 1 Hamiltonian (MCH) in a.u.
-0.7788655090332E+002  0.0000000000000E+000     0.0000000000000E+000  0.0000000000000E+000     0.0000000000000E+000  0.0000000000000E+000
 0.0000000000000E+000  0.0000000000000E+000    -0.7775536346436E+002  0.0000000000000E+000     0.0000000000000E+000  0.0000000000000E+000
 0.0000000000000E+000  0.0000000000000E+000     0.0000000000000E+000  0.0000000000000E+000    -0.7774044799805E+002  0.0000000000000E+000
! 2 U matrix
 0.1000000000000E+001  0.0000000000000E+000     0.0000000000000E+000  0.0000000000000E+000     0.0000000000000E+000  0.0000000000000E+000
 0.0000000000000E+000  0.0000000000000E+000     0.1000000000000E+001  0.0000000000000E+000     0.0000000000000E+000  0.0000000000000E+000
 0.0000000000000E+000  0.0000000000000E+000     0.0000000000000E+000  0.0000000000000E+000     0.1000000000000E+001  0.0000000000000E+000
! 3 Dipole moments X (MCH) in a.u.
-0.1230000000000E+003  0.0000000000000E+000    -0.1230000000000E+003  0.0000000000000E+000    -0.1230000000000E+003  0.0000000000000E+000
-0.1230000000000E+003  0.0000000000000E+000    -0.1230000000000E+003  0.0000000000000E+000    -0.1230000000000E+003  0.0000000000000E+000
-0.1230000000000E+003  0.0000000000000E+000    -0.1230000000000E+003  0.0000000000000E+000    -0.1230000000000E+003  0.0000000000000E+000
! 3 Dipole moments Y (MCH) in a.u.
-0.1230000000000E+003  0.0000000000000E+000    -0.1230000000000E+003  0.0000000000000E+000    -0.1230000000000E+003  0.0000000000000E+000
-0.1230000000000E+003  0.0000000000000E+000    -0.1230000000000E+003  0.0000000000000E+000    -0.1230000000000E+003  0.0000000000000E+000
-0.1230000000000E+003  0.0000000000000E+000    -0.1230000000000E+003  0.0000000000000E+000    -0.1230000000000E+003  0.0000000000000E+000
! 3 Dipole moments Z (MCH) in a.u.
-0.1230000000000E+003  0.0000000000000E+000    -0.1230000000000E+003  0.0000000000000E+000    -0.1230000000000E+003  0.0000000000000E+000
-0.1230000000000E+003  0.0000000000000E+000    -0.1230000000000E+003  0.0000000000000E+000    -0.1230000000000E+003  0.0000000000000E+000
-0.1230000000000E+003  0.0000000000000E+000    -0.1230000000000E+003  0.0000000000000E+000    -0.1230000000000E+003  0.0000000000000E+000
! 5 Coefficients (diag)
 0.1110602569945E-001 -0.5873385384817E-002
 0.3310303736030E+000 -0.3642815782519E+000
 0.2685880782817E+000  0.8279012182868E+000
! 6 Hopping Probabilities (diag)
 0.2514951903180E-002
 0.1034434640594E+000
 0.0000000000000E+000
! 7 Ekin (a.u.)
 0.8202420157445E-001
! 8 states (diag, MCH)
           3            3
! 9 Random number
 0.9686820464072E+000
! 10 Runtime (sec)
           2
! 11 Geometry in a.u.
-0.2108591043244E-001 -0.1200256144907E+000  0.4325926995083E-001
 0.2546181029908E+001  0.1090610673818E+000 -0.5474613352659E-001
-0.1279231933813E+001 -0.1244830107606E+001  0.1618926478405E+001
 0.3908702856085E+001  0.1411494648030E+001  0.1681711901901E+001
 0.3972681847947E+001 -0.7743377095556E+000 -0.1422146661331E+001
-0.1352946907614E+001  0.7384427709543E+000 -0.1741592685503E+001
! 12 Velocities in a.u.
-0.2957664368484E-003 -0.1477919945082E-003  0.1004299495384E-003
 0.2327255568956E-003  0.2150184226087E-003 -0.9593515312671E-004
 0.3266185061057E-004  0.4577698207165E-002  0.8888698585289E-003
-0.2184250106862E-003 -0.5487136665032E-002  0.6767137622305E-003
 0.2674650422275E-003  0.4062103767361E-002 -0.4728152535960E-003
 0.6694725789174E-003 -0.3953713376527E-002 -0.1146326957713E-002
! 0 Step
          29
! 1 Hamiltonian (MCH) in a.u.
-0.7790053558350E+002  0.0000000000000E+000     0.0000000000000E+000  0.0000000000000E+000     0.0000000000000E+000  0.0000000000000E+000
 0.0000000000000E+000  0.0000000000000E+000    -0.7774977111816E+002  0.0000000000000E+000     0.0000000000000E+000  0.0000000000000E+000
 0.0000000000000E+000  0.0000000000000E+000     0.0000000000000E+000  0.0000000000000E+000    -0.7773611450195E+002  0.0000000000000E+000
! 2 U matrix
 0.1000000000000E+001  0.0000000000000E+000     0.0000000000000E+000  0.0000000000000E+000     0.0000000000000E+000  0.0000000000000E+000
 0.0000000000000E+000  0.0000000000000E+000     0.1000000000000E+001  0.0000000000000E+000     0.0000000000000E+000  0.0000000000000E+000
 0.0000000000000E+000  0.0000000000000E+000     0.0000000000000E+000  0.0000000000000E+000     0.1000000000000E+001  0.0000000000000E+000
! 3 Dipole moments X (MCH) in a.u.
-0.1230000000000E+003  0.0000000000000E+000    -0.1230000000000E+003  0.0000000000000E+000    -0.1230000000000E+003  0.0000000000000E+000
-0.1230000000000E+003  0.0000000000000E+000    -0.1230000000000E+003  0.0000000000000E+000    -0.1230000000000E+003  0.0000000000000E+000
-0.1230000000000E+003  0.0000000000000E+000    -0.1230000000000E+003  0.0000000000000E+000    -0.1230000000000E+003  0.0000000000000E+000
! 3 Dipole moments Y (MCH) in a.u.
-0.1230000000000E+003  0.0000000000000E+000    -0.1230000000000E+003  0.0000000000000E+000    -0.1230000000000E+003  0.0000000000000E+000
-0.1230000000000E+003  0.0000000000000E+000    -0.1230000000000E+003  0.0000000000000E+000    -0.1230000000000E+003  0.0000000000000E+000
-0.1230000000000E+003  0.0000000000000E+000    -0.1230000000000E+003  0.0000000000000E+000    -0.1230000000000E+003  0.0000000000000E+000
! 3 Dipole moments Z (MCH) in a.u.
-0.1230000000000E+003  0.0000000000000E+000    -0.1230000000000E+003  0.0000000000000E+000    -0.1230000000000E+003  0.0000000000000E+000
-0.1230000000000E+003  0.0000000000000E+000    -0.1230000000000E+003  0.0000000000000E+000    -0.1230000000000E+003  0.0000000000000E+000
-0.1230000000000E+003  0.0000000000000E+000    -0.1230000000000E+003  0.0000000000000E+000    -0.1230000000000E+003  0.0000000000000E+000
! 5 Coefficients (diag)
 0.1672035861141E-002 -0.4220008895397E-002
-0.3667607523441E+000 -0.3648611553193E+000
 0.7805094991224E+000 -0.3509233612626E+000
! 6 Hopping Probabilities (diag)
 0.4142492517350E-003
 0.7936989238793E-001
 0.0000000000000E+000
! 7 Ekin (a.u.)
 0.7767229787246E-001
! 8 states (diag, MCH)
           3            3
! 9 Random number
 0.6962607898980E+000
! 10 Runtime (sec)
           3
! 11 Geometry in a.u.
-0.2760839241837E-001 -0.1231644118905E+000  0.4505011504426E-001
 0.2551279441171E+001  0.1135876752693E+000 -0.5638760763289E-001
-0.1276185492094E+001 -0.1149583480985E+001  0.1631044284338E+001
 0.3902472332849E+001  0.1298212740353E+001  0.1689209126283E+001
 0.3977121773423E+001 -0.6913956651896E+000 -0.1427768753712E+001
-0.1337233991138E+001  0.6569993128073E+000 -0.1757365481386E+001
! 12 Velocities in a.u.
-0.3325347429722E-003 -0.1537888357863E-003  0.7095737831823E-004
 0.2607326847767E-003  0.2243782279367E-003 -0.5841734031991E-004
 0.2337078281080E-003  0.4563774305965E-002  0.3149314473435E-003
-0.4016763479576E-003 -0.5414268573361E-002  0.5188205012530E-004
 0.1949171821144E-003  0.3882787369176E-002 -0.1255806959275E-003
 0.8286211793159E-003 -0.3873413182945E-002 -0.3906558834177E-003
! 0 Step
          30
! 1 Hamiltonian (MCH) in a.u.
-0.7791204071045E+002  0.0000000000000E+000     0.0000000000000E+000  0.0000000000000E+000     0.0000000000000E+000  0.0000000000000E+000
 0.0000000000000E+000  0.0000000000000E+000    -0.7774420166016E+002  0.0000000000000E+000     0.0000000000000E+000  0.0000000000000E+000
 0.0000000000000E+000  0.0000000000000E+000     0.0000000000000E+000  0.0000000000000E+000    -0.7773027801514E+002  0.0000000000000E+000
! 2 U matrix
 0.1000000000000E+001  0.0000000000000E+000     0.0000000000000E+000  0.0000000000000E+000     0.0000000000000E+000  0.0000000000000E+000
 0.0000000000000E+000  0.0000000000000E+000     0.1000000000000E+001  0.0000000000000E+000     0.0000000000000E+000  0.0000000000000E+000
 0.0000000000000E+000  0.0000000000000E+000     0.0000000000000E+000  0.0000000000000E+000     0.1000000000000E+001  0.0000000000000E+000
! 3 Dipole moments X (MCH) in a.u.
-0.1230000000000E+003  0.0000000000000E+000    -0.1230000000000E+003  0.0000000000000E+000    -0.1230000000000E+003  0.0000000000000E+000
-0.1230000000000E+003  0.0000000000000E+000    -0.1230000000000E+003  0.0000000000000E+000    -0.1230000000000E+003  0.0000000000000E+000
-0.1230000000000E+003  0.0000000000000E+000    -0.1230000000000E+003  0.0000000000000E+000    -0.1230000000000E+003  0.0000000000000E+000
! 3 Dipole moments Y (MCH) in a.u.
-0.1230000000000E+003  0.0000000000000E+000    -0.1230000000000E+003  0.0000000000000E+000    -0.1230000000000E+003  0.0000000000000E+000
-0.1230000000000E+003  0.0000000000000E+000    -0.1230000000000E+003  0.0000000000000E+000    -0.1230000000000E+003  0.0000000000000E+000
-0.1230000000000E+003  0.0000000000000E+000    -0.1230000000000E+003  0.0000000000000E+000    -0.1230000000000E+003  0.0000000000000E+000
! 3 Dipole moments Z (MCH) in a.u.
-0.1230000000000E+003  0.0000000000000E+000    -0.1230000000000E+003  0.0000000000000E+000    -0.1230000000000E+003  0.0000000000000E+000
-0.1230000000000E+003  0.0000000000000E+000    -0.1230000000000E+003  0.0000000000000E+000    -0.1230000000000E+003  0.0000000000000E+000
-0.1230000000000E+003  0.0000000000000E+000    -0.1230000000000E+003  0.0000000000000E+000    -0.1230000000000E+003  0.0000000000000E+000
! 5 Coefficients (diag)
 0.1593112247446E-002  0.1320845736492E-002
-0.3371312268235E+000  0.3996135030164E+000
-0.5147060219207E+000 -0.6795035043809E+000
! 6 Hopping Probabilities (diag)
 0.0000000000000E+000
 0.5552951287610E-001
 0.0000000000000E+000
! 7 Ekin (a.u.)
 0.7185521776990E-001
! 8 states (diag, MCH)
           3            3
! 9 Random number
 0.9059210225478E+000
! 10 Runtime (sec)
           3
! 11 Geometry in a.u.
-0.3483335338857E-001 -0.1263834561658E+000  0.4619274541877E-001
 0.2556960077170E+001  0.1183371714712E+000 -0.5716118660200E-001
-0.1269570131240E+001 -0.1056157410205E+001  0.1631946176945E+001
 0.3892097004224E+001  0.1187661349602E+001  0.1683856777104E+001
 0.3980739991942E+001 -0.6138179473454E+000 -0.1427338339766E+001
-0.1318690570087E+001  0.5783105504768E+000 -0.1757742936225E+001
! 12 Velocities in a.u.
-0.3625285086430E-003 -0.1551113876311E-003  0.3758509806071E-004
 0.2884523756772E-003  0.2357396812878E-003 -0.1313946849248E-004
 0.3717821921822E-003  0.4396646767701E-002 -0.1764205464068E-003
-0.6146688642629E-003 -0.5220898304932E-002 -0.5528245943875E-003
 0.1836094752942E-003  0.3550816212884E-002  0.1111130652471E-003
 0.9419442211545E-003 -0.3687305041195E-002  0.3268458804733E-003
! 0 Step
          31
! 1 Hamiltonian (MCH) in a.u.
-0.7792084503174E+002  0.0000000000000E+000     0.0000000000000E+000  0.0000000000000E+000     0.0000000000000E+000  0.0000000000000E+000
 0.0000000000000E+000  0.0000000000000E+000    -0.7773831939697E+002  0.0000000000000E+000     0.0000000000000E+000  0.0000000000000E+000
 0.0000000000000E+000  0.0000000000000E+000     0.0000000000000E+000  0.0000000000000E+000    -0.7772300720215E+002  0.0000000000000E+000
! 2 U matrix
 0.1000000000000E+001  0.0000000000000E+000     0.0000000000000E+000  0.0000000000000E+000     0.0000000000000E+000  0.0000000000000E+000
 0.0000000000000E+000  0.0000000000000E+000     0.1000000000000E+001  0.0000000000000E+000     0.0000000000000E+000  0.0000000000000E+000
 0.0000000000000E+000  0.0000000000000E+000     0.0000000000000E+000  0.0000000000000E+000     0.1000000000000E+001  0.0000000000000E+000
! 3 Dipole moments X (MCH) in a.u.
-0.1230000000000E+003  0.0000000000000E+000    -0.1230000000000E+003  0.0000000000000E+000    -0.1230000000000E+003  0.0000000000000E+000
-0.1230000000000E+003  0.0000000000000E+000    -0.1230000000000E+003  0.0000000000000E+000    -0.1230000000000E+003  0.0000000000000E+000
-0.1230000000000E+003  0.0000000000000E+000    -0.1230000000000E+003  0.0000000000000E+000    -0.1230000000000E+003  0.0000000000000E+000
! 3 Dipole moments Y (MCH) in a.u.
-0.1230000000000E+003  0.0000000000000E+000    -0.1230000000000E+003  0.0000000000000E+000    -0.1230000000000E+003  0.0000000000000E+000
-0.1230000000000E+003  0.0000000000000E+000    -0.1230000000000E+003  0.0000000000000E+000    -0.1230000000000E+003  0.0000000000000E+000
-0.1230000000000E+003  0.0000000000000E+000    -0.1230000000000E+003  0.0000000000000E+000    -0.1230000000000E+003  0.0000000000000E+000
! 3 Dipole moments Z (MCH) in a.u.
-0.1230000000000E+003  0.0000000000000E+000    -0.1230000000000E+003  0.0000000000000E+000    -0.1230000000000E+003  0.0000000000000E+000
-0.1230000000000E+003  0.0000000000000E+000    -0.1230000000000E+003  0.0000000000000E+000    -0.1230000000000E+003  0.0000000000000E+000
-0.1230000000000E+003  0.0000000000000E+000    -0.1230000000000E+003  0.0000000000000E+000    -0.1230000000000E+003  0.0000000000000E+000
! 5 Coefficients (diag)
-0.8696379074387E-003  0.3221628906298E-003
 0.4448752354810E+000  0.2484777093115E+000
-0.4616105193420E+000  0.7261265187312E+000
! 6 Hopping Probabilities (diag)
 0.0000000000000E+000
 0.2842968294050E-001
 0.0000000000000E+000
! 7 Ekin (a.u.)
 0.6462344904670E-001
! 8 states (diag, MCH)
           3            3
! 9 Random number
 0.1178973446408E+000
! 10 Runtime (sec)
           2
! 11 Geometry in a.u.
-0.4259581883883E-001 -0.1295769296751E+000  0.4660393461503E-001
 0.2563204458523E+001  0.1233334774433E+000 -0.5693081130527E-001
-0.1260815505687E+001 -0.9678200655385E+000  0.1623750816665E+001
 0.3877061077854E+001  0.1082373634384E+001  0.1666354598337E+001
 0.3984712441289E+001 -0.5446000464882E+000 -0.1423175186999E+001
-0.1298292723430E+001  0.5045610584986E+000 -0.1743853223818E+001
! 12 Velocities in a.u.
-0.3840291542306E-003 -0.1517033353444E-003  0.1250995351661E-005
 0.3149689345752E-003  0.2472725294974E-003  0.3664489368559E-004
 0.4395329279504E-003  0.4080108728715E-002 -0.5530978475123E-003
-0.8444719533796E-003 -0.4910726871057E-002 -0.1109602974473E-002
 0.2244307850162E-003  0.3091912492431E-002  0.2420267560782E-003
 0.1003407344000E-002 -0.3400065656309E-002  0.9691189085262E-003
! 0 Step
          32
! 1 Hamiltonian (MCH) in a.u.
-0.7792756652832E+002  0.0000000000000E+000     0.0000000000000E+000  0.0000000000000E+000     0.0000000000000E+000  0.0000000000000E+000
 0.0000000000000E+000  0.0000000000000E+000    -0.7773200988770E+002  0.0000000000000E+000     0.0000000000000E+000  0.0000000000000E+000
 0.0000000000000E+000  0.0000000000000E+000     0.0000000000000E+000  0.0000000000000E+000    -0.7771467590332E+002  0.0000000000000E+000
! 2 U matrix
 0.1000000000000E+001  0.0000000000000E+000     0.0000000000000E+000  0.0000000000000E+000     0.0000000000000E+000  0.0000000000000E+000
 0.0000000000000E+000  0.0000000000000E+000     0.1000000000000E+001  0.0000000000000E+000     0.0000000000000E+000  0.0000000000000E+000
 0.0000000000000E+000  0.0000000000000E+000     0.0000000000000E+000  0.0000000000000E+000     0.1000000000000E+001  0.0000000000000E+000
! 3 Dipole moments X (MCH) in a.u.
-0.1230000000000E+003  0.0000000000000E+000    -0.1230000000000E+003  0.0000000000000E+000    -0.1230000000000E+003  0.0000000000000E+000
-0.1230000000000E+003  0.0000000000000E+000    -0.1230000000000E+003  0.0000000000000E+000    -0.1230000000000E+003  0.0000000000000E+000
-0.1230000000000E+003  0.0000000000000E+000    -0.1230000000000E+003  0.0000000000000E+000    -0.1230000000000E+003  0.0000000000000E+000
! 3 Dipole moments Y (MCH) in a.u.
-0.1230000000000E+003  0.0000000000000E+000    -0.1230000000000E+003  0.0000000000000E+000    -0.1230000000000E+003  0.0000000000000E+000
-0.1230000000000E+003  0.0000000000000E+000    -0.1230000000000E+003  0.0000000000000E+000    -0.1230000000000E+003  0.0000000000000E+000
-0.1230000000000E+003  0.0000000000000E+000    -0.1230000000000E+003  0.0000000000000E+000    -0.1230000000000E+003  0.0000000000000E+000
! 3 Dipole moments Z (MCH) in a.u.
-0.1230000000000E+003  0.0000000000000E+000    -0.1230000000000E+003  0.0000000000000E+000    -0.1230000000000E+003  0.0000000000000E+000
-0.1230000000000E+003  0.0000000000000E+000    -0.1230000000000E+003  0.0000000000000E+000    -0.1230000000000E+003  0.0000000000000E+000
-0.1230000000000E+003  0.0000000000000E+000    -0.1230000000000E+003  0.0000000000000E+000    -0.1230000000000E+003  0.0000000000000E+000
! 5 Coefficients (diag)
 0.1354869510642E-003 -0.3973622169364E-003
 0.1376121795167E+000 -0.4546612555946E+000
 0.8759735240746E+000  0.8376299646423E-001
! 6 Hopping Probabilities (diag)
 0.0000000000000E+000
 0.0000000000000E+000
 0.0000000000000E+000
! 7 Ekin (a.u.)
 0.5629793066894E-001
! 8 states (diag, MCH)
           3            3
! 9 Random number
 0.2356021667732E+000
! 10 Runtime (sec)
           3
! 11 Geometry in a.u.
-0.5070964602521E-001 -0.1326550803884E+000  0.4624446328465E-001
 0.2569981325483E+001  0.1285597574287E+000 -0.5564623637132E-001
-0.1251399236372E+001 -0.8874801120034E+000  0.1609080352340E+001
 0.3857185373928E+001  0.9846451566784E+000  0.1637984266283E+001
 0.3990018268814E+001 -0.4859940386761E+000 -0.1417332621285E+001
-0.1277208332471E+001  0.4377471668152E+000 -0.1717678229621E+001
! 12 Velocities in a.u.
-0.3968308118527E-003 -0.1448636863607E-003 -0.3513439616849E-004
 0.3397626494471E-003  0.2569000922789E-003  0.8628926234506E-004
 0.4401758465988E-003  0.3634881582992E-002 -0.8035291172913E-003
-0.1069642946960E-002 -0.4491237372764E-002 -0.1590192113942E-002
 0.3072338995922E-003  0.2540164635381E-002  0.2863526505540E-003
 0.1002238887705E-002 -0.3018798135991E-002  0.1497823702946E-002
! 0 Step
          33
! 1 Hamiltonian (MCH) in a.u.
-0.7793283843994E+002  0.0000000000000E+000     0.0000000000000E+000  0.0000000000000E+000     0.0000000000000E+000  0.0000000000000E+000
 0.0000000000000E+000  0.0000000000000E+000    -0.7772540283203E+002  0.0000000000000E+000     0.0000000000000E+000  0.0000000000000E+000
 0.0000000000000E+000  0.0000000000000E+000     0.0000000000000E+000  0.0000000000000E+000    -0.7770546722412E+002  0.0000000000000E+000
! 2 U matrix
 0.1000000000000E+001  0.0000000000000E+000     0.0000000000000E+000  0.0000000000000E+000     0.0000000000000E+000  0.0000000000000E+000
 0.0000000000000E+000  0.0000000000000E+000     0.1000000000000E+001  0.0000000000000E+000     0.0000000000000E+000  0.0000000000000E+000
 0.0000000000000E+000  0.0000000000000E+000     0.0000000000000E+000  0.0000000000000E+000     0.1000000000000E+001  0.0000000000000E+000
! 3 Dipole moments X (MCH) in a.u.
-0.1230000000000E+003  0.0000000000000E+000    -0.1230000000000E+003  0.0000000000000E+000    -0.1230000000000E+003  0.0000000000000E+000
-0.1230000000000E+003  0.0000000000000E+000    -0.1230000000000E+003  0.0000000000000E+000    -0.1230000000000E+003  0.0000000000000E+000
-0.1230000000000E+003  0.0000000000000E+000    -0.1230000000000E+003  0.0000000000000E+000    -0.1230000000000E+003  0.0000000000000E+000
! 3 Dipole moments Y (MCH) in a.u.
-0.1230000000000E+003  0.0000000000000E+000    -0.1230000000000E+003  0.0000000000000E+000    -0.1230000000000E+003  0.0000000000000E+000
-0.1230000000000E+003  0.0000000000000E+000    -0.1230000000000E+003  0.0000000000000E+000    -0.1230000000000E+003  0.0000000000000E+000
-0.1230000000000E+003  0.0000000000000E+000    -0.1230000000000E+003  0.0000000000000E+000    -0.1230000000000E+003  0.0000000000000E+000
! 3 Dipole moments Z (MCH) in a.u.
-0.1230000000000E+003  0.0000000000000E+000    -0.1230000000000E+003  0.0000000000000E+000    -0.1230000000000E+003  0.0000000000000E+000
-0.1230000000000E+003  0.0000000000000E+000    -0.1230000000000E+003  0.0000000000000E+000    -0.1230000000000E+003  0.0000000000000E+000
-0.1230000000000E+003  0.0000000000000E+000    -0.1230000000000E+003  0.0000000000000E+000    -0.1230000000000E+003  0.0000000000000E+000
! 5 Coefficients (diag)
 0.8344838970986E-004  0.1793685295231E-003
-0.4254718535207E+000  0.1748711545985E-001
-0.4683681963386E+000 -0.7741441055620E+000
! 6 Hopping Probabilities (diag)
 0.0000000000000E+000
 0.0000000000000E+000
 0.0000000000000E+000
! 7 Ekin (a.u.)
 0.4709970160921E-001
! 8 states (diag, MCH)
           3            3
! 9 Random number
 0.4412519152378E+000
! 10 Runtime (sec)
           2
! 11 Geometry in a.u.
-0.5900134958253E-001 -0.1355657934156E+000  0.4515143042612E-001
 0.2577250713060E+001  0.1339540800681E+000 -0.5336349469584E-001
-0.1242618031680E+001 -0.8175490689868E+000  0.1590531819441E+001
 0.3832840569448E+001  0.8966997134192E+000  0.1600613872480E+001
 0.3997413912633E+001 -0.4395861519641E+000 -0.1411336975167E+001
-0.1256858791403E+001  0.3797597977350E+000 -0.1681931134924E+001
! 12 Velocities in a.u.
-0.4016567692473E-003 -0.1363328606658E-003 -0.6791834807640E-004
 0.3616107386581E-003  0.2625526267922E-003  0.1302845516409E-003
 0.3827400013380E-003  0.3082307849823E-002 -0.9335655164280E-003
-0.1255958223025E-002 -0.3961832572167E-002 -0.1962972339617E-002
 0.4242181443033E-003  0.1922955964774E-002  0.2716240952571E-003
 0.9261755694125E-003 -0.2547424847000E-002  0.1881778254191E-002
! 0 Step
          34
! 1 Hamiltonian (MCH) in a.u.
-0.7793691253662E+002  0.0000000000000E+000     0.0000000000000E+000  0.0000000000000E+000     0.0000000000000E+000  0.0000000000000E+000
 0.0000000000000E+000  0.0000000000000E+000    -0.7771861267090E+002  0.0000000000000E+000     0.0000000000000E+000  0.0000000000000E+000
 0.0000000000000E+000  0.0000000000000E+000     0.0000000000000E+000  0.0000000000000E+000    -0.7769570922852E+002  0.0000000000000E+000
! 2 U matrix
 0.1000000000000E+001  0.0000000000000E+000     0.0000000000000E+000  0.0000000000000E+000     0.0000000000000E+000  0.0000000000000E+000
 0.0000000000000E+000  0.0000000000000E+000     0.1000000000000E+001  0.0000000000000E+000     0.0000000000000E+000  0.0000000000000E+000
 0.0000000000000E+000  0.0000000000000E+000     0.0000000000000E+000  0.0000000000000E+000     0.1000000000000E+001  0.0000000000000E+000
! 3 Dipole moments X (MCH) in a.u.
-0.1230000000000E+003  0.0000000000000E+000    -0.1230000000000E+003  0.0000000000000E+000    -0.1230000000000E+003  0.0000000000000E+000
-0.1230000000000E+003  0.0000000000000E+000    -0.1230000000000E+003  0.0000000000000E+000    -0.1230000000000E+003  0.0000000000000E+000
-0.1230000000000E+003  0.0000000000000E+000    -0.1230000000000E+003  0.0000000000000E+000    -0.1230000000000E+003  0.0000000000000E+000
! 3 Dipole moments Y (MCH) in a.u.
-0.1230000000000E+003  0.0000000000000E+000    -0.1230000000000E+003  0.0000000000000E+000    -0.1230000000000E+003  0.0000000000000E+000
-0.1230000000000E+003  0.0000000000000E+000    -0.1230000000000E+003  0.0000000000000E+000    -0.1230000000000E+003  0.0000000000000E+000
-0.1230000000000E+003  0.0000000000000E+000    -0.1230000000000E+003  0.0000000000000E+000    -0.1230000000000E+003  0.0000000000000E+000
! 3 Dipole moments Z (MCH) in a.u.
-0.1230000000000E+003  0.0000000000000E+000    -0.1230000000000E+003  0.0000000000000E+000    -0.1230000000000E+003  0.0000000000000E+000
-0.1230000000000E+003  0.0000000000000E+000    -0.1230000000000E+003  0.0000000000000E+000    -0.1230000000000E+003  0.0000000000000E+000
-0.1230000000000E+003  0.0000000000000E+000    -0.1230000000000E+003  0.0000000000000E+000    -0.1230000000000E+003  0.0000000000000E+000
! 5 Coefficients (diag)
-0.8959364715757E-004 -0.4521681135700E-004
 0.1787126015933E+000  0.3218667384258E+000
-0.1856664176831E+000  0.9110387368274E+000
! 6 Hopping Probabilities (diag)
 0.0000000000000E+000
 0.0000000000000E+000
 0.0000000000000E+000
! 7 Ekin (a.u.)
 0.3740787715829E-001
! 8 states (diag, MCH)
           3            3
! 9 Random number
 0.7811050648217E+000
! 10 Runtime (sec)
           3
! 11 Geometry in a.u.
-0.6731468847527E-001 -0.1382912680791E+000  0.4343662550051E-001
 0.2584930810032E+001  0.1394140435930E+000 -0.5026009408212E-001
-0.1235576239087E+001 -0.7600532724499E+000  0.1570485471792E+001
 0.3805262336137E+001  0.8208575572209E+000  0.1556832293944E+001
 0.4007556029493E+001 -0.4064963982292E+000 -0.1406103308157E+001
-0.1238918962482E+001  0.3324331251720E+000 -0.1639882932281E+001
! 12 Velocities in a.u.
-0.3998292380970E-003 -0.1274284593941E-003 -0.9424978559749E-004
 0.3788555326571E-003  0.2630060631814E-003  0.1635698980143E-003
 0.2758298019595E-003  0.2441116398053E-002 -0.9560750697710E-003
-0.1365429334562E-002 -0.3323920171694E-002 -0.2199598555969E-002
 0.5717432046734E-003  0.1260715044162E-002  0.2252318613504E-003
 0.7677721936585E-003 -0.1993409843292E-002  0.2104445767571E-002
! 0 Step
          35
! 1 Hamiltonian (MCH) in a.u.
-0.7793926239014E+002  0.0000000000000E+000     0.0000000000000E+000  0.0000000000000E+000     0.0000000000000E+000  0.0000000000000E+000
 0.0000000000000E+000  0.0000000000000E+000    -0.7771192932129E+002  0.0000000000000E+000     0.0000000000000E+000  0.0000000000000E+000
 0.0000000000000E+000  0.0000000000000E+000     0.0000000000000E+000  0.0000000000000E+000    -0.7768644714355E+002  0.0000000000000E+000
! 2 U matrix
 0.1000000000000E+001  0.0000000000000E+000     0.0000000000000E+000  0.0000000000000E+000     0.0000000000000E+000  0.0000000000000E+000
 0.0000000000000E+000  0.0000000000000E+000     0.1000000000000E+001  0.0000000000000E+000     0.0000000000000E+000  0.0000000000000E+000
 0.0000000000000E+000  0.0000000000000E+000     0.0000000000000E+000  0.0000000000000E+000     0.1000000000000E+001  0.0000000000000E+000
! 3 Dipole moments X (MCH) in a.u.
-0.1230000000000E+003  0.0000000000000E+000    -0.1230000000000E+003  0.0000000000000E+000    -0.1230000000000E+003  0.0000000000000E+000
-0.1230000000000E+003  0.0000000000000E+000    -0.1230000000000E+003  0.0000000000000E+000    -0.1230000000000E+003  0.0000000000000E+000
-0.1230000000000E+003  0.0000000000000E+000    -0.1230000000000E+003  0.0000000000000E+000    -0.1230000000000E+003  0.0000000000000E+000
! 3 Dipole moments Y (MCH) in a.u.
-0.1230000000000E+003  0.0000000000000E+000    -0.1230000000000E+003  0.0000000000000E+000    -0.1230000000000E+003  0.0000000000000E+000
-0.1230000000000E+003  0.0000000000000E+000    -0.1230000000000E+003  0.0000000000000E+000    -0.1230000000000E+003  0.0000000000000E+000
-0.1230000000000E+003  0.0000000000000E+000    -0.1230000000000E+003  0.0000000000000E+000    -0.1230000000000E+003  0.0000000000000E+000
! 3 Dipole moments Z (MCH) in a.u.
-0.1230000000000E+003  0.0000000000000E+000    -0.1230000000000E+003  0.0000000000000E+000    -0.1230000000000E+003  0.0000000000000E+000
-0.1230000000000E+003  0.0000000000000E+000    -0.1230000000000E+003  0.0000000000000E+000    -0.1230000000000E+003  0.0000000000000E+000
-0.1230000000000E+003  0.0000000000000E+000    -0.1230000000000E+003  0.0000000000000E+000    -0.1230000000000E+003  0.0000000000000E+000
! 5 Coefficients (diag)
 0.5590325898829E-004 -0.7586501434114E-005
 0.1705197641933E+000 -0.2858822515929E+000
 0.6545941584743E+000 -0.6787494624324E+000
! 6 Hopping Probabilities (diag)
 0.0000000000000E+000
 0.0000000000000E+000
 0.0000000000000E+000
! 7 Ekin (a.u.)
 0.2827714391645E-001
! 8 states (diag, MCH)
           3            3
! 9 Random number
 0.5790555314638E+000
! 10 Runtime (sec)
           2
! 11 Geometry in a.u.
-0.7553083938502E-001 -0.1408338609289E+000  0.4125501485298E-001
 0.2592913121075E+001  0.1448271119155E+000 -0.4660129047564E-001
-0.1231214848860E+001 -0.7166299646203E+000  0.1551006363045E+001
 0.3776391845565E+001  0.7592842886648E+000  0.1509679447390E+001
 0.4021050561909E+001 -0.3874664606541E+000 -0.1402025580700E+001
-0.1225118034508E+001  0.2973494971935E+000 -0.1594930456784E+001
! 12 Velocities in a.u.
-0.3924893299882E-003 -0.1186721557514E-003 -0.1131437089257E-003
 0.3903964717883E-003  0.2584115763647E-003  0.1840426136399E-003
 0.1292564981250E-003  0.1737907106205E-002 -0.8923174580774E-003
-0.1380497025416E-002 -0.2599869776361E-002 -0.2296334858241E-002
 0.7432888050944E-003  0.5766492564810E-003  0.1679375542919E-003
 0.5328895389565E-003 -0.1379776008915E-002  0.2175906402531E-002
! 0 Step
          36
! 1 Hamiltonian (MCH) in a.u.
-0.7793907165527E+002  0.0000000000000E+000     0.0000000000000E+000  0.0000000000000E+000     0.0000000000000E+000  0.0000000000000E+000
 0.0000000000000E+000  0.0000000000000E+000    -0.7770580291748E+002  0.0000000000000E+000     0.0000000000000E+000  0.0000000000000E+000
 0.0000000000000E+000  0.0000000000000E+000     0.0000000000000E+000  0.0000000000000E+000    -0.7767923736572E+002  0.0000000000000E+000
! 2 U matrix
 0.1000000000000E+001  0.0000000000000E+000     0.0000000000000E+000  0.0000000000000E+000     0.0000000000000E+000  0.0000000000000E+000
 0.0000000000000E+000  0.0000000000000E+000     0.1000000000000E+001  0.0000000000000E+000     0.0000000000000E+000  0.0000000000000E+000
 0.0000000000000E+000  0.0000000000000E+000     0.0000000000000E+000  0.0000000000000E+000     0.1000000000000E+001  0.0000000000000E+000
! 3 Dipole moments X (MCH) in a.u.
-0.1230000000000E+003  0.0000000000000E+000    -0.1230000000000E+003  0.0000000000000E+000    -0.1230000000000E+003  0.0000000000000E+000
-0.1230000000000E+003  0.0000000000000E+000    -0.1230000000000E+003  0.0000000000000E+000    -0.1230000000000E+003  0.0000000000000E+000
-0.1230000000000E+003  0.0000000000000E+000    -0.1230000000000E+003  0.0000000000000E+000    -0.1230000000000E+003  0.0000000000000E+000
! 3 Dipole moments Y (MCH) in a.u.
-0.1230000000000E+003  0.0000000000000E+000    -0.1230000000000E+003  0.0000000000000E+000    -0.1230000000000E+003  0.0000000000000E+000
-0.1230000000000E+003  0.0000000000000E+000    -0.1230000000000E+003  0.0000000000000E+000    -0.1230000000000E+003  0.0000000000000E+000
-0.1230000000000E+003  0.0000000000000E+000    -0.1230000000000E+003  0.0000000000000E+000    -0.1230000000000E+003  0.0000000000000E+000
! 3 Dipole moments Z (MCH) in a.u.
-0.1230000000000E+003  0.0000000000000E+000    -0.1230000000000E+003  0.0000000000000E+000    -0.1230000000000E+003  0.0000000000000E+000
-0.1230000000000E+003  0.0000000000000E+000    -0.1230000000000E+003  0.0000000000000E+000    -0.1230000000000E+003  0.0000000000000E+000
-0.1230000000000E+003  0.0000000000000E+000    -0.1230000000000E+003  0.0000000000000E+000    -0.1230000000000E+003  0.0000000000000E+000
! 5 Coefficients (diag)
-0.2664491543826E-004  0.2317649124282E-004
-0.3159145374145E+000  0.2969877951162E-001
-0.8724823282310E+000  0.3716053998844E+000
! 6 Hopping Probabilities (diag)
 0.0000000000000E+000
 0.0000000000000E+000
 0.0000000000000E+000
! 7 Ekin (a.u.)
 0.2113012308775E-001
! 8 states (diag, MCH)
           3            3
! 9 Random number
 0.1118543626775E-001
! 10 Runtime (sec)
           3
! 11 Geometry in a.u.
-0.8354073639639E-001 -0.1431973379745E+000  0.3875910918929E-001
 0.2601070336321E+001  0.1500971330457E+000 -0.4265151968205E-001
-0.1230232597942E+001 -0.6882058059504E+000  0.1533595842624E+001
 0.3748190693221E+001  0.7133753701735E+000  0.1461898657267E+001
 0.4038284609480E+001 -0.3826569260336E+000 -0.1399160539028E+001
-0.1216888577106E+001  0.2753912900686E+000 -0.1549927973351E+001
! 12 Velocities in a.u.
-0.3795473548413E-003 -0.1098730551603E-003 -0.1254887073524E-003
 0.3954597525891E-003  0.2496664661015E-003  0.1930906087673E-003
-0.4436817742789E-004  0.1004880970873E-002 -0.7731312280290E-003
-0.1311420964769E-002 -0.1826879442453E-002 -0.2279658239638E-002
 0.9264363159041E-003 -0.1044612801678E-003  0.1140079291695E-003
 0.2397458543536E-003 -0.7392729548733E-003  0.2133259199611E-002
! 0 Step
          37
! 1 Hamiltonian (MCH) in a.u.
-0.7793595886230E+002  0.0000000000000E+000     0.0000000000000E+000  0.0000000000000E+000     0.0000000000000E+000  0.0000000000000E+000
 0.0000000000000E+000  0.0000000000000E+000    -0.7770074462891E+002  0.0000000000000E+000     0.0000000000000E+000  0.0000000000000E+000
 0.0000000000000E+000  0.0000000000000E+000     0.0000000000000E+000  0.0000000000000E+000    -0.7767505645752E+002  0.0000000000000E+000
! 2 U matrix
 0.1000000000000E+001  0.0000000000000E+000     0.0000000000000E+000  0.0000000000000E+000     0.0000000000000E+000  0.0000000000000E+000
 0.0000000000000E+000  0.0000000000000E+000     0.1000000000000E+001  0.0000000000000E+000     0.0000000000000E+000  0.0000000000000E+000
 0.0000000000000E+000  0.0000000000000E+000     0.0000000000000E+000  0.0000000000000E+000     0.1000000000000E+001  0.0000000000000E+000
! 3 Dipole moments X (MCH) in a.u.
-0.1230000000000E+003  0.0000000000000E+000    -0.1230000000000E+003  0.0000000000000E+000    -0.1230000000000E+003  0.0000000000000E+000
-0.1230000000000E+003  0.0000000000000E+000    -0.1230000000000E+003  0.0000000000000E+000    -0.1230000000000E+003  0.0000000000000E+000
-0.1230000000000E+003  0.0000000000000E+000    -0.1230000000000E+003  0.0000000000000E+000    -0.1230000000000E+003  0.0000000000000E+000
! 3 Dipole moments Y (MCH) in a.u.
-0.1230000000000E+003  0.0000000000000E+000    -0.1230000000000E+003  0.0000000000000E+000    -0.1230000000000E+003  0.0000000000000E+000
-0.1230000000000E+003  0.0000000000000E+000    -0.1230000000000E+003  0.0000000000000E+000    -0.1230000000000E+003  0.0000000000000E+000
-0.1230000000000E+003  0.0000000000000E+000    -0.1230000000000E+003  0.0000000000000E+000    -0.1230000000000E+003  0.0000000000000E+000
! 3 Dipole moments Z (MCH) in a.u.
-0.1230000000000E+003  0.0000000000000E+000    -0.1230000000000E+003  0.0000000000000E+000    -0.1230000000000E+003  0.0000000000000E+000
-0.1230000000000E+003  0.0000000000000E+000    -0.1230000000000E+003  0.0000000000000E+000    -0.1230000000000E+003  0.0000000000000E+000
-0.1230000000000E+003  0.0000000000000E+000    -0.1230000000000E+003  0.0000000000000E+000    -0.1230000000000E+003  0.0000000000000E+000
! 5 Coefficients (diag)
 0.5641105566287E-005 -0.2319795438641E-004
 0.2274362735799E+000  0.2036820084046E+000
 0.9456025967545E+000 -0.1123481613273E+000
! 6 Hopping Probabilities (diag)
 0.0000000000000E+000
 0.0000000000000E+000
 0.0000000000000E+000
! 7 Ekin (a.u.)
 0.1698465775195E-001
! 8 states (diag, MCH)
           3            3
! 9 Random number
 0.3362749478892E+000
! 10 Runtime (sec)
           2
! 11 Geometry in a.u.
-0.9122184827989E-001 -0.1453761639218E+000  0.3606713935297E-001
 0.2609261970346E+001  0.1551486664998E+000 -0.3861865953107E-001
-0.1233049090247E+001 -0.6750868052460E+000  0.1519044056310E+001
 0.3722175901861E+001  0.6837585835960E+000  0.1415435245029E+001
 0.4059350711516E+001 -0.3917850334366E+000 -0.1397312336337E+001
-0.1215206611638E+001  0.2667869379694E+000 -0.1506738591792E+001
! 12 Velocities in a.u.
-0.3600402861387E-003 -0.1005922616123E-003 -0.1329544421735E-003
 0.3931737508644E-003  0.2373568647973E-003  0.1931355209879E-003
-0.2323341580352E-003  0.2637299277282E-003 -0.6286551768150E-003
-0.1178368904572E-002 -0.1030431787761E-002 -0.2182029162065E-002
 0.1107771913517E-002 -0.7685687512117E-003  0.7306146914159E-004
-0.9187649322042E-004 -0.9437178676587E-004  0.2020524642176E-002
! 0 Step
          38
! 1 Hamiltonian (MCH) in a.u.
-0.7793020629883E+002  0.0000000000000E+000     0.0000000000000E+000  0.0000000000000E+000     0.0000000000000E+000  0.0000000000000E+000
 0.0000000000000E+000  0.0000000000000E+000    -0.7769736480713E+002  0.0000000000000E+000     0.0000000000000E+000  0.0000000000000E+000
 0.0000000000000E+000  0.0000000000000E+000     0.0000000000000E+000  0.0000000000000E+000    -0.7767436981201E+002  0.0000000000000E+000
! 2 U matrix
 0.1000000000000E+001  0.0000000000000E+000     0.0000000000000E+000  0.0000000000000E+000     0.0000000000000E+000  0.0000000000000E+000
 0.0000000000000E+000  0.0000000000000E+000     0.1000000000000E+001  0.0000000000000E+000     0.0000000000000E+000  0.0000000000000E+000
 0.0000000000000E+000  0.0000000000000E+000     0.0000000000000E+000  0.0000000000000E+000     0.1000000000000E+001  0.0000000000000E+000
! 3 Dipole moments X (MCH) in a.u.
-0.1230000000000E+003  0.0000000000000E+000    -0.1230000000000E+003  0.0000000000000E+000    -0.1230000000000E+003  0.0000000000000E+000
-0.1230000000000E+003  0.0000000000000E+000    -0.1230000000000E+003  0.0000000000000E+000    -0.1230000000000E+003  0.0000000000000E+000
-0.1230000000000E+003  0.0000000000000E+000    -0.1230000000000E+003  0.0000000000000E+000    -0.1230000000000E+003  0.0000000000000E+000
! 3 Dipole moments Y (MCH) in a.u.
-0.1230000000000E+003  0.0000000000000E+000    -0.1230000000000E+003  0.0000000000000E+000    -0.1230000000000E+003  0.0000000000000E+000
-0.1230000000000E+003  0.0000000000000E+000    -0.1230000000000E+003  0.0000000000000E+000    -0.1230000000000E+003  0.0000000000000E+000
-0.1230000000000E+003  0.0000000000000E+000    -0.1230000000000E+003  0.0000000000000E+000    -0.1230000000000E+003  0.0000000000000E+000
! 3 Dipole moments Z (MCH) in a.u.
-0.1230000000000E+003  0.0000000000000E+000    -0.1230000000000E+003  0.0000000000000E+000    -0.1230000000000E+003  0.0000000000000E+000
-0.1230000000000E+003  0.0000000000000E+000    -0.1230000000000E+003  0.0000000000000E+000    -0.1230000000000E+003  0.0000000000000E+000
-0.1230000000000E+003  0.0000000000000E+000    -0.1230000000000E+003  0.0000000000000E+000    -0.1230000000000E+003  0.0000000000000E+000
! 5 Coefficients (diag)
 0.7471340673066E-005  0.1468885233560E-004
-0.3032464453177E-001 -0.2937440978222E+000
-0.9488409567088E+000 -0.1117839860130E+000
! 6 Hopping Probabilities (diag)
 0.0000000000000E+000
 0.0000000000000E+000
 0.0000000000000E+000
! 7 Ekin (a.u.)
 0.1630325039490E-001
! 8 states (diag, MCH)
           3            3
! 9 Random number
 0.2883307609196E+000
! 10 Runtime (sec)
           3
! 11 Geometry in a.u.
-0.9842529628135E-001 -0.1473559602164E+000  0.3326258995882E-001
 0.2617324679141E+001  0.1599097918069E+000 -0.3466703200461E-001
-0.1239837611108E+001 -0.6773028485485E+000  0.1507606374261E+001
 0.3699475304410E+001  0.6707759049393E+000  0.1371690575050E+001
 0.4084081421727E+001 -0.4144306137112E+000 -0.1396140077555E+001
-0.1220686877513E+001  0.2714898307996E+000 -0.1466396709786E+001
! 12 Velocities in a.u.
-0.3324668437900E-003 -0.9053250407832E-004 -0.1369155993953E-003
 0.3820770997845E-003  0.2213288326010E-003  0.1856222223274E-003
-0.4228938933845E-003 -0.4738319257818E-003 -0.4801401086063E-003
-0.9967595864606E-003 -0.2202102275791E-003 -0.2022276581870E-002
 0.1274341172390E-002 -0.1409373582993E-002  0.5139444632023E-004
-0.4458274809804E-003  0.5448893728784E-003  0.1870649897826E-002
! 0 Step
          39
! 1 Hamiltonian (MCH) in a.u.
-0.7792256164551E+002  0.0000000000000E+000     0.0000000000000E+000  0.0000000000000E+000     0.0000000000000E+000  0.0000000000000E+000
 0.0000000000000E+000  0.0000000000000E+000    -0.7769623565674E+002  0.0000000000000E+000     0.0000000000000E+000  0.0000000000000E+000
 0.0000000000000E+000  0.0000000000000E+000     0.0000000000000E+000  0.0000000000000E+000    -0.7767724609375E+002  0.0000000000000E+000
! 2 U matrix
 0.1000000000000E+001  0.0000000000000E+000     0.0000000000000E+000  0.0000000000000E+000     0.0000000000000E+000  0.0000000000000E+000
 0.0000000000000E+000  0.0000000000000E+000     0.1000000000000E+001  0.0000000000000E+000     0.0000000000000E+000  0.0000000000000E+000
 0.0000000000000E+000  0.0000000000000E+000     0.0000000000000E+000  0.0000000000000E+000     0.1000000000000E+001  0.0000000000000E+000
! 3 Dipole moments X (MCH) in a.u.
-0.1230000000000E+003  0.0000000000000E+000    -0.1230000000000E+003  0.0000000000000E+000    -0.1230000000000E+003  0.0000000000000E+000
-0.1230000000000E+003  0.0000000000000E+000    -0.1230000000000E+003  0.0000000000000E+000    -0.1230000000000E+003  0.0000000000000E+000
-0.1230000000000E+003  0.0000000000000E+000    -0.1230000000000E+003  0.0000000000000E+000    -0.1230000000000E+003  0.0000000000000E+000
! 3 Dipole moments Y (MCH) in a.u.
-0.1230000000000E+003  0.0000000000000E+000    -0.1230000000000E+003  0.0000000000000E+000    -0.1230000000000E+003  0.0000000000000E+000
-0.1230000000000E+003  0.0000000000000E+000    -0.1230000000000E+003  0.0000000000000E+000    -0.1230000000000E+003  0.0000000000000E+000
-0.1230000000000E+003  0.0000000000000E+000    -0.1230000000000E+003  0.0000000000000E+000    -0.1230000000000E+003  0.0000000000000E+000
! 3 Dipole moments Z (MCH) in a.u.
-0.1230000000000E+003  0.0000000000000E+000    -0.1230000000000E+003  0.0000000000000E+000    -0.1230000000000E+003  0.0000000000000E+000
-0.1230000000000E+003  0.0000000000000E+000    -0.1230000000000E+003  0.0000000000000E+000    -0.1230000000000E+003  0.0000000000000E+000
-0.1230000000000E+003  0.0000000000000E+000    -0.1230000000000E+003  0.0000000000000E+000    -0.1230000000000E+003  0.0000000000000E+000
! 5 Coefficients (diag)
-0.1061849778567E-004 -0.2733245025274E-005
-0.1589642796648E+000  0.2379167654193E+000
 0.8909331214367E+000  0.3526530072604E+000
! 6 Hopping Probabilities (diag)
 0.0000000000000E+000
 0.0000000000000E+000
 0.0000000000000E+000
! 7 Ekin (a.u.)
 0.1914790047615E-001
! 8 states (diag, MCH)
           3            3
! 9 Random number
 0.1143770027152E+000
! 10 Runtime (sec)
           2
! 11 Geometry in a.u.
-0.1049664841906E+000 -0.1491189019719E+000  0.3040686044296E-001
 0.2625057562371E+001  0.1642987043982E+000 -0.3094478193853E-001
-0.1250532104575E+001 -0.6946756677879E+000  0.1499194404827E+001
 0.3680968491672E+001  0.6746547903655E+000  0.1331831553871E+001
 0.4112033725681E+001 -0.4500504728999E+000 -0.1395187619345E+001
-0.1233637731972E+001  0.2893134129600E+000 -0.1429403355986E+001
! 12 Velocities in a.u.
-0.2947123104176E-003 -0.7958388863990E-004 -0.1382149403497E-003
 0.3600002244217E-003  0.2008868588726E-003  0.1709072019840E-003
-0.6045772101133E-003 -0.1196352289952E-002 -0.3397916988108E-003
-0.7770245943944E-003  0.5974646267412E-003 -0.1807701712571E-002
 0.1410878873399E-002 -0.2017901460377E-002  0.5490722960597E-004
-0.8072268177644E-003  0.1171382580773E-002  0.1703035758148E-002
! 0 Step
          40
! 1 Hamiltonian (MCH) in a.u.
-0.7791391754150E+002  0.0000000000000E+000     0.0000000000000E+000  0.0000000000000E+000     0.0000000000000E+000  0.0000000000000E+000
 0.0000000000000E+000  0.0000000000000E+000    -0.7769776916504E+002  0.0000000000000E+000     0.0000000000000E+000  0.0000000000000E+000
 0.0000000000000E+000  0.0000000000000E+000     0.0000000000000E+000  0.0000000000000E+000    -0.7768335723877E+002  0.0000000000000E+000
! 2 U matrix
 0.1000000000000E+001  0.0000000000000E+000     0.0000000000000E+000  0.0000000000000E+000     0.0000000000000E+000  0.0000000000000E+000
 0.0000000000000E+000  0.0000000000000E+000     0.1000000000000E+001  0.0000000000000E+000     0.0000000000000E+000  0.0000000000000E+000
 0.0000000000000E+000  0.0000000000000E+000     0.0000000000000E+000  0.0000000000000E+000     0.1000000000000E+001  0.0000000000000E+000
! 3 Dipole moments X (MCH) in a.u.
-0.1230000000000E+003  0.0000000000000E+000    -0.1230000000000E+003  0.0000000000000E+000    -0.1230000000000E+003  0.0000000000000E+000
-0.1230000000000E+003  0.0000000000000E+000    -0.1230000000000E+003  0.0000000000000E+000    -0.1230000000000E+003  0.0000000000000E+000
-0.1230000000000E+003  0.0000000000000E+000    -0.1230000000000E+003  0.0000000000000E+000    -0.1230000000000E+003  0.0000000000000E+000
! 3 Dipole moments Y (MCH) in a.u.
-0.1230000000000E+003  0.0000000000000E+000    -0.1230000000000E+003  0.0000000000000E+000    -0.1230000000000E+003  0.0000000000000E+000
-0.1230000000000E+003  0.0000000000000E+000    -0.1230000000000E+003  0.0000000000000E+000    -0.1230000000000E+003  0.0000000000000E+000
-0.1230000000000E+003  0.0000000000000E+000    -0.1230000000000E+003  0.0000000000000E+000    -0.1230000000000E+003  0.0000000000000E+000
! 3 Dipole moments Z (MCH) in a.u.
-0.1230000000000E+003  0.0000000000000E+000    -0.1230000000000E+003  0.0000000000000E+000    -0.1230000000000E+003  0.0000000000000E+000
-0.1230000000000E+003  0.0000000000000E+000    -0.1230000000000E+003  0.0000000000000E+000    -0.1230000000000E+003  0.0000000000000E+000
-0.1230000000000E+003  0.0000000000000E+000    -0.1230000000000E+003  0.0000000000000E+000    -0.1230000000000E+003  0.0000000000000E+000
! 5 Coefficients (diag)
 0.4893183851490E-005 -0.4698967863370E-005
 0.2837713632347E+000 -0.5856575057202E-001
-0.7078959684692E+000 -0.6441484021923E+000
! 6 Hopping Probabilities (diag)
 0.0000000000000E+000
 0.7924253633427E-002
 0.0000000000000E+000
! 7 Ekin (a.u.)
 0.2523085003425E-001
! 8 states (diag, MCH)
           3            3
! 9 Random number
 0.2648528474057E-001
! 10 Runtime (sec)
           3
! 11 Geometry in a.u.
-0.1106091079328E+000 -0.1506460674681E+000  0.2754859450933E-001
 0.2632207582820E+001  0.1682147304377E+000 -0.2760149356172E-001
-0.1264831663261E+001 -0.7267616952078E+000  0.1493558918784E+001
 0.3667352040563E+001  0.6954759131279E+000  0.1296957703672E+001
 0.4142409091963E+001 -0.4978534313383E+000 -0.1393870137277E+001
-0.1254058742752E+001  0.3199163953896E+000 -0.1395990872705E+001
! 12 Velocities in a.u.
-0.2443641845680E-003 -0.6773845934133E-004 -0.1372912173898E-003
 0.3246376143749E-003  0.1750937349332E-003  0.1488973928175E-003
-0.7663444322675E-003 -0.1888448923491E-002 -0.2130640059464E-003
-0.5288194331040E-003  0.1412024226223E-002 -0.1542389271567E-002
 0.1499300880169E-002 -0.2578335432935E-002  0.9019460070112E-004
-0.1160649401125E-002  0.1775549788669E-002  0.1526963219224E-002
! 0 Step
          41
! 1 Hamiltonian (MCH) in a.u.
-0.7790502166748E+002  0.0000000000000E+000     0.0000000000000E+000  0.0000000000000E+000     0.0000000000000E+000  0.0000000000000E+000
 0.0000000000000E+000  0.0000000000000E+000    -0.7770217895508E+002  0.0000000000000E+000     0.0000000000000E+000  0.0000000000000E+000
 0.0000000000000E+000  0.0000000000000E+000     0.0000000000000E+000  0.0000000000000E+000    -0.7769219970703E+002  0.0000000000000E+000
! 2 U matrix
 0.1000000000000E+001  0.0000000000000E+000     0.0000000000000E+000  0.0000000000000E+000     0.0000000000000E+000  0.0000000000000E+000
 0.0000000000000E+000  0.0000000000000E+000     0.1000000000000E+001  0.0000000000000E+000     0.0000000000000E+000  0.0000000000000E+000
 0.0000000000000E+000  0.0000000000000E+000     0.0000000000000E+000  0.0000000000000E+000     0.1000000000000E+001  0.0000000000000E+000
! 3 Dipole moments X (MCH) in a.u.
-0.1230000000000E+003  0.0000000000000E+000    -0.1230000000000E+003  0.0000000000000E+000    -0.1230000000000E+003  0.0000000000000E+000
-0.1230000000000E+003  0.0000000000000E+000    -0.1230000000000E+003  0.0000000000000E+000    -0.1230000000000E+003  0.0000000000000E+000
-0.1230000000000E+003  0.0000000000000E+000    -0.1230000000000E+003  0.0000000000000E+000    -0.1230000000000E+003  0.0000000000000E+000
! 3 Dipole moments Y (MCH) in a.u.
-0.1230000000000E+003  0.0000000000000E+000    -0.1230000000000E+003  0.0000000000000E+000    -0.1230000000000E+003  0.0000000000000E+000
-0.1230000000000E+003  0.0000000000000E+000    -0.1230000000000E+003  0.0000000000000E+000    -0.1230000000000E+003  0.0000000000000E+000
-0.1230000000000E+003  0.0000000000000E+000    -0.1230000000000E+003  0.0000000000000E+000    -0.1230000000000E+003  0.0000000000000E+000
! 3 Dipole moments Z (MCH) in a.u.
-0.1230000000000E+003  0.0000000000000E+000    -0.1230000000000E+003  0.0000000000000E+000    -0.1230000000000E+003  0.0000000000000E+000
-0.1230000000000E+003  0.0000000000000E+000    -0.1230000000000E+003  0.0000000000000E+000    -0.1230000000000E+003  0.0000000000000E+000
-0.1230000000000E+003  0.0000000000000E+000    -0.1230000000000E+003  0.0000000000000E+000    -0.1230000000000E+003  0.0000000000000E+000
! 5 Coefficients (diag)
 0.1485681755780E-005  0.3585409567465E-005
-0.2595419038415E+000 -0.2409875233148E+000
 0.2771499252074E+000  0.8931690392638E+000
! 6 Hopping Probabilities (diag)
 0.0000000000000E+000
 0.5264547701199E-001
 0.0000000000000E+000
! 7 Ekin (a.u.)
 0.3403029032098E-001
! 8 states (diag, MCH)
           3            3
! 9 Random number
 0.9902534566609E+000
! 10 Runtime (sec)
           2
! 11 Geometry in a.u.
-0.1150688351746E+000 -0.1519193029087E+000  0.2473105296921E-001
 0.2638478527186E+001  0.1715373198628E+000 -0.2478915923343E-001
-0.1282213835853E+001 -0.7727467397584E+000  0.1490386046213E+001
 0.3659106370061E+001  0.7330298110601E+000  0.1268067063167E+001
 0.4174016883109E+001 -0.5566424006162E+000 -0.1391458850684E+001
-0.1281620572175E+001  0.3627170796486E+000 -0.1366276599471E+001
! 12 Velocities in a.u.
-0.1802247267212E-003 -0.5502835082268E-004 -0.1343398540283E-003
 0.2753003314491E-003  0.1430864640208E-003  0.1199472188713E-003
-0.8992044030334E-003 -0.2535725716478E-002 -0.1032181343146E-003
-0.2637357036703E-003  0.2211410620292E-002 -0.1236679284851E-002
 0.1522839955124E-002 -0.3072940118005E-002  0.1642191931713E-003
-0.1492790126668E-002  0.2347983585745E-002  0.1347176165525E-002
! 0 Step
          42
! 1 Hamiltonian (MCH) in a.u.
-0.7789633941650E+002  0.0000000000000E+000     0.0000000000000E+000  0.0000000000000E+000     0.0000000000000E+000  0.0000000000000E+000
 0.0000000000000E+000  0.0000000000000E+000    -0.7770951843262E+002  0.0000000000000E+000     0.0000000000000E+000  0.0000000000000E+000
 0.0000000000000E+000  0.0000000000000E+000     0.0000000000000E+000  0.0000000000000E+000    -0.7770314025879E+002  0.0000000000000E+000
! 2 U matrix
 0.1000000000000E+001  0.0000000000000E+000     0.0000000000000E+000  0.0000000000000E+000     0.0000000000000E+000  0.0000000000000E+000
 0.0000000000000E+000  0.0000000000000E+000     0.1000000000000E+001  0.0000000000000E+000     0.0000000000000E+000  0.0000000000000E+000
 0.0000000000000E+000  0.0000000000000E+000     0.0000000000000E+000  0.0000000000000E+000     0.1000000000000E+001  0.0000000000000E+000
! 3 Dipole moments X (MCH) in a.u.
-0.1230000000000E+003  0.0000000000000E+000    -0.1230000000000E+003  0.0000000000000E+000    -0.1230000000000E+003  0.0000000000000E+000
-0.1230000000000E+003  0.0000000000000E+000    -0.1230000000000E+003  0.0000000000000E+000    -0.1230000000000E+003  0.0000000000000E+000
-0.1230000000000E+003  0.0000000000000E+000    -0.1230000000000E+003  0.0000000000000E+000    -0.1230000000000E+003  0.0000000000000E+000
! 3 Dipole moments Y (MCH) in a.u.
-0.1230000000000E+003  0.0000000000000E+000    -0.1230000000000E+003  0.0000000000000E+000    -0.1230000000000E+003  0.0000000000000E+000
-0.1230000000000E+003  0.0000000000000E+000    -0.1230000000000E+003  0.0000000000000E+000    -0.1230000000000E+003  0.0000000000000E+000
-0.1230000000000E+003  0.0000000000000E+000    -0.1230000000000E+003  0.0000000000000E+000    -0.1230000000000E+003  0.0000000000000E+000
! 3 Dipole moments Z (MCH) in a.u.
-0.1230000000000E+003  0.0000000000000E+000    -0.1230000000000E+003  0.0000000000000E+000    -0.1230000000000E+003  0.0000000000000E+000
-0.1230000000000E+003  0.0000000000000E+000    -0.1230000000000E+003  0.0000000000000E+000    -0.1230000000000E+003  0.0000000000000E+000
-0.1230000000000E+003  0.0000000000000E+000    -0.1230000000000E+003  0.0000000000000E+000    -0.1230000000000E+003  0.0000000000000E+000
! 5 Coefficients (diag)
-0.1974757894475E-005  0.4046167321157E-006
-0.1126720298819E+000  0.5379737384856E+000
 0.3605839075051E+000 -0.7535705116486E+000
! 6 Hopping Probabilities (diag)
 0.0000000000000E+000
 0.1655090613446E+000
 0.0000000000000E+000
! 7 Ekin (a.u.)
 0.5134901590692E-001
! 8 states (diag, MCH)
           2            2
! 9 Random number
 0.1443469592977E-001
! 10 Runtime (sec)
           3
! 11 Geometry in a.u.
-0.1180598456444E+000 -0.1529210150635E+000  0.2199480045015E-001
 0.2643588876601E+001  0.1741301213660E+000 -0.2264271080584E-001
-0.1302006008191E+001 -0.8315920787283E+000  0.1489291739358E+001
 0.3656448844376E+001  0.7868986651788E+000  0.1245831683661E+001
 0.4205365387077E+001 -0.6248929959934E+000 -0.1387081090304E+001
-0.1315772736690E+001  0.4169852613928E+000 -0.1340296759898E+001
! 12 Velocities in a.u.
-0.1095091164225E-003 -0.4431227424465E-004 -0.1383517378562E-003
 0.2275787239900E-003  0.1118352398057E-003  0.9132960908378E-004
-0.1066230233497E-002 -0.3344112238086E-002 -0.1493134082408E-004
 0.3943959631357E-005  0.3188822377076E-002 -0.9728588155703E-003
 0.1573571174502E-002 -0.3729189896894E-002  0.3000199972884E-003
-0.1918164166370E-002  0.3079898364125E-002  0.1248070548203E-002
! 0 Step
          43
! 1 Hamiltonian (MCH) in a.u.
-0.7788824462891E+002  0.0000000000000E+000     0.0000000000000E+000  0.0000000000000E+000     0.0000000000000E+000  0.0000000000000E+000
 0.0000000000000E+000  0.0000000000000E+000    -0.7771963500977E+002  0.0000000000000E+000     0.0000000000000E+000  0.0000000000000E+000
 0.0000000000000E+000  0.0000000000000E+000     0.0000000000000E+000  0.0000000000000E+000    -0.7771620941162E+002  0.0000000000000E+000
! 2 U matrix
 0.1000000000000E+001  0.0000000000000E+000     0.0000000000000E+000  0.0000000000000E+000     0.0000000000000E+000  0.0000000000000E+000
 0.0000000000000E+000  0.0000000000000E+000     0.1000000000000E+001  0.0000000000000E+000     0.0000000000000E+000  0.0000000000000E+000
 0.0000000000000E+000  0.0000000000000E+000     0.0000000000000E+000  0.0000000000000E+000     0.1000000000000E+001  0.0000000000000E+000
! 3 Dipole moments X (MCH) in a.u.
-0.1230000000000E+003  0.0000000000000E+000    -0.1230000000000E+003  0.0000000000000E+000    -0.1230000000000E+003  0.0000000000000E+000
-0.1230000000000E+003  0.0000000000000E+000    -0.1230000000000E+003  0.0000000000000E+000    -0.1230000000000E+003  0.0000000000000E+000
-0.1230000000000E+003  0.0000000000000E+000    -0.1230000000000E+003  0.0000000000000E+000    -0.1230000000000E+003  0.0000000000000E+000
! 3 Dipole moments Y (MCH) in a.u.
-0.1230000000000E+003  0.0000000000000E+000    -0.1230000000000E+003  0.0000000000000E+000    -0.1230000000000E+003  0.0000000000000E+000
-0.1230000000000E+003  0.0000000000000E+000    -0.1230000000000E+003  0.0000000000000E+000    -0.1230000000000E+003  0.0000000000000E+000
-0.1230000000000E+003  0.0000000000000E+000    -0.1230000000000E+003  0.0000000000000E+000    -0.1230000000000E+003  0.0000000000000E+000
! 3 Dipole moments Z (MCH) in a.u.
-0.1230000000000E+003  0.0000000000000E+000    -0.1230000000000E+003  0.0000000000000E+000    -0.1230000000000E+003  0.0000000000000E+000
-0.1230000000000E+003  0.0000000000000E+000    -0.1230000000000E+003  0.0000000000000E+000    -0.1230000000000E+003  0.0000000000000E+000
-0.1230000000000E+003  0.0000000000000E+000    -0.1230000000000E+003  0.0000000000000E+000    -0.1230000000000E+003  0.0000000000000E+000
! 5 Coefficients (diag)
-0.1905349053504E-006 -0.1020871856010E-005
 0.6975261871748E+000 -0.1807961254672E+000
-0.6874552956700E+000  0.9041678868253E-001
! 6 Hopping Probabilities (diag)
 0.0000000000000E+000
 0.0000000000000E+000
 0.0000000000000E+000
! 7 Ekin (a.u.)
 0.6144389750601E-001
! 8 states (diag, MCH)
           2            2
! 9 Random number
 0.5107944415275E+000
! 10 Runtime (sec)
           3
! 11 Geometry in a.u.
-0.1192037299766E+000 -0.1537087547376E+000  0.1923308176649E-001
 0.2647184543915E+001  0.1760009978228E+000 -0.2122688897411E-001
-0.1324487759204E+001 -0.9050068510076E+000  0.1490126401464E+001
 0.3659216183502E+001  0.8596386902176E+000  0.1230847931725E+001
 0.4237768312347E+001 -0.7051709880552E+000 -0.1380546446350E+001
-0.1357675900143E+001  0.4850317010628E+000 -0.1316645044472E+001
! 12 Velocities in a.u.
-0.6387865084026E-006 -0.3212020628229E-004 -0.1281341396479E-003
 0.1176713422638E-003  0.6641913473193E-004  0.4497028297280E-004
-0.1084599394333E-002 -0.3728353186925E-002  0.7271072858386E-004
 0.2566827437121E-003  0.3839357267483E-002 -0.4878050753832E-003
 0.1547245056419E-002 -0.4005770976869E-002  0.3475833708967E-003
-0.2113850356843E-002  0.3486072260132E-002  0.1058464450000E-002
! 0 Step
          44
! 1 Hamiltonian (MCH) in a.u.
-0.7788173675537E+002  0.0000000000000E+000     0.0000000000000E+000  0.0000000000000E+000     0.0000000000000E+000  0.0000000000000E+000
 0.0000000000000E+000  0.0000000000000E+000    -0.7773094940186E+002  0.0000000000000E+000     0.0000000000000E+000  0.0000000000000E+000
 0.0000000000000E+000  0.0000000000000E+000     0.0000000000000E+000  0.0000000000000E+000    -0.7772995758057E+002  0.0000000000000E+000
! 2 U matrix
 0.1000000000000E+001  0.0000000000000E+000     0.0000000000000E+000  0.0000000000000E+000     0.0000000000000E+000  0.0000000000000E+000
 0.0000000000000E+000  0.0000000000000E+000     0.1000000000000E+001  0.0000000000000E+000     0.0000000000000E+000  0.0000000000000E+000
 0.0000000000000E+000  0.0000000000000E+000     0.0000000000000E+000  0.0000000000000E+000     0.1000000000000E+001  0.0000000000000E+000
! 3 Dipole moments X (MCH) in a.u.
-0.1230000000000E+003  0.0000000000000E+000    -0.1230000000000E+003  0.0000000000000E+000    -0.1230000000000E+003  0.0000000000000E+000
-0.1230000000000E+003  0.0000000000000E+000    -0.1230000000000E+003  0.0000000000000E+000    -0.1230000000000E+003  0.0000000000000E+000
-0.1230000000000E+003  0.0000000000000E+000    -0.1230000000000E+003  0.0000000000000E+000    -0.1230000000000E+003  0.0000000000000E+000
! 3 Dipole moments Y (MCH) in a.u.
-0.1230000000000E+003  0.0000000000000E+000    -0.1230000000000E+003  0.0000000000000E+000    -0.1230000000000E+003  0.0000000000000E+000
-0.1230000000000E+003  0.0000000000000E+000    -0.1230000000000E+003  0.0000000000000E+000    -0.1230000000000E+003  0.0000000000000E+000
-0.1230000000000E+003  0.0000000000000E+000    -0.1230000000000E+003  0.0000000000000E+000    -0.1230000000000E+003  0.0000000000000E+000
! 3 Dipole moments Z (MCH) in a.u.
-0.1230000000000E+003  0.0000000000000E+000    -0.1230000000000E+003  0.0000000000000E+000    -0.1230000000000E+003  0.0000000000000E+000
-0.1230000000000E+003  0.0000000000000E+000    -0.1230000000000E+003  0.0000000000000E+000    -0.1230000000000E+003  0.0000000000000E+000
-0.1230000000000E+003  0.0000000000000E+000    -0.1230000000000E+003  0.0000000000000E+000    -0.1230000000000E+003  0.0000000000000E+000
! 5 Coefficients (diag)
-0.2638479318699E-004  0.3754132175136E-002
-0.4322664657945E+000 -0.7560237600672E+000
 0.2033557021747E+000  0.4474440087339E+000
! 6 Hopping Probabilities (diag)
 0.0000000000000E+000
 0.0000000000000E+000
 0.0000000000000E+000
! 7 Ekin (a.u.)
 0.7297297139434E-001
! 8 states (diag, MCH)
           2            2
! 9 Random number
 0.4304047278296E+000
! 10 Runtime (sec)
           2
! 11 Geometry in a.u.
-0.1180862539559E+000 -0.1542489085030E+000  0.1669755914598E-001
 0.2648453571493E+001  0.1768759796116E+000 -0.2078357754847E-001
-0.1346844836671E+001 -0.9857273197544E+000  0.1492297700734E+001
 0.3667060461512E+001  0.9456229673410E+000  0.1225665151925E+001
 0.4269330622596E+001 -0.7904970694433E+000 -0.1372711516402E+001
-0.1403162213467E+001  0.5611042761723E+000 -0.1296538385909E+001
! 12 Velocities in a.u.
 0.1079794639812E-003 -0.1972018484053E-004 -0.1166602249482E-003
 0.7059542146311E-005  0.1549923518090E-004 -0.5982817233488E-006
-0.1054228398717E-002 -0.4072135855239E-002  0.1101352209797E-003
 0.4822979071055E-003  0.4477961544030E-002 -0.5515572497402E-004
 0.1470400479362E-002 -0.4223824032639E-002  0.4386458097888E-003
-0.2269237395774E-002  0.3868293988590E-002  0.9035889475977E-003
! 0 Step
          45
! 1 Hamiltonian (MCH) in a.u.
-0.7787644958496E+002  0.0000000000000E+000     0.0000000000000E+000  0.0000000000000E+000     0.0000000000000E+000  0.0000000000000E+000
 0.0000000000000E+000  0.0000000000000E+000    -0.7774472045898E+002  0.0000000000000E+000     0.0000000000000E+000  0.0000000000000E+000
 0.0000000000000E+000  0.0000000000000E+000     0.0000000000000E+000  0.0000000000000E+000    -0.7774173736572E+002  0.0000000000000E+000
! 2 U matrix
 0.1000000000000E+001  0.0000000000000E+000     0.0000000000000E+000  0.0000000000000E+000     0.0000000000000E+000  0.0000000000000E+000
 0.0000000000000E+000  0.0000000000000E+000     0.1000000000000E+001  0.0000000000000E+000     0.0000000000000E+000  0.0000000000000E+000
 0.0000000000000E+000  0.0000000000000E+000     0.0000000000000E+000  0.0000000000000E+000     0.1000000000000E+001  0.0000000000000E+000
! 3 Dipole moments X (MCH) in a.u.
-0.1230000000000E+003  0.0000000000000E+000    -0.1230000000000E+003  0.0000000000000E+000    -0.1230000000000E+003  0.0000000000000E+000
-0.1230000000000E+003  0.0000000000000E+000    -0.1230000000000E+003  0.0000000000000E+000    -0.1230000000000E+003  0.0000000000000E+000
-0.1230000000000E+003  0.0000000000000E+000    -0.1230000000000E+003  0.0000000000000E+000    -0.1230000000000E+003  0.0000000000000E+000
! 3 Dipole moments Y (MCH) in a.u.
-0.1230000000000E+003  0.0000000000000E+000    -0.1230000000000E+003  0.0000000000000E+000    -0.1230000000000E+003  0.0000000000000E+000
-0.1230000000000E+003  0.0000000000000E+000    -0.1230000000000E+003  0.0000000000000E+000    -0.1230000000000E+003  0.0000000000000E+000
-0.1230000000000E+003  0.0000000000000E+000    -0.1230000000000E+003  0.0000000000000E+000    -0.1230000000000E+003  0.0000000000000E+000
! 3 Dipole moments Z (MCH) in a.u.
-0.1230000000000E+003  0.0000000000000E+000    -0.1230000000000E+003  0.0000000000000E+000    -0.1230000000000E+003  0.0000000000000E+000
-0.1230000000000E+003  0.0000000000000E+000    -0.1230000000000E+003  0.0000000000000E+000    -0.1230000000000E+003  0.0000000000000E+000
-0.1230000000000E+003  0.0000000000000E+000    -0.1230000000000E+003  0.0000000000000E+000    -0.1230000000000E+003  0.0000000000000E+000
! 5 Coefficients (diag)
-0.4462695471975E-003  0.3493796340996E-002
-0.8641576967834E+000  0.4973983032383E+000
-0.4439175842656E-001  0.6199491140449E-001
! 6 Hopping Probabilities (diag)
 0.0000000000000E+000
 0.0000000000000E+000
 0.0000000000000E+000
! 7 Ekin (a.u.)
 0.8599166175321E-001
! 8 states (diag, MCH)
           2            2
! 9 Random number
 0.1546943691998E+000
! 10 Runtime (sec)
           3
! 11 Geometry in a.u.
-0.1147397106436E+000 -0.1545240142614E+000  0.1441018785354E-001
 0.2647476395083E+001  0.1766417574908E+000 -0.2125162276219E-001
-0.1368071009016E+001 -0.1073354539671E+001  0.1494679542752E+001
 0.3679155041338E+001  0.1044763770190E+001  0.1228567718308E+001
 0.4298556687516E+001 -0.8797896742906E+000 -0.1362412226165E+001
-0.1451489290507E+001  0.6449522870154E+000 -0.1279289436448E+001
! 12 Velocities in a.u.
 0.2188530399678E-003 -0.5894806698782E-005 -0.1019189055925E-003
-0.9762294010286E-004 -0.4010304477993E-004 -0.4195250146991E-004
-0.9883262650751E-003 -0.4406763617428E-002  0.7853806078078E-004
 0.6659620514742E-003  0.5107914278966E-002  0.2822853990669E-003
 0.1297677014354E-002 -0.4392194450132E-002  0.5889855468672E-003
-0.2419851167659E-002  0.4239139417055E-002  0.7645159636414E-003
! 0 Step
          46
! 1 Hamiltonian (MCH) in a.u.
-0.7787355804443E+002  0.0000000000000E+000     0.0000000000000E+000  0.0000000000000E+000     0.0000000000000E+000  0.0000000000000E+000
 0.0000000000000E+000  0.0000000000000E+000    -0.7775649261475E+002  0.0000000000000E+000     0.0000000000000E+000  0.0000000000000E+000
 0.0000000000000E+000  0.0000000000000E+000     0.0000000000000E+000  0.0000000000000E+000    -0.7775149536133E+002  0.0000000000000E+000
! 2 U matrix
 0.1000000000000E+001  0.0000000000000E+000     0.0000000000000E+000  0.0000000000000E+000     0.0000000000000E+000  0.0000000000000E+000
 0.0000000000000E+000  0.0000000000000E+000     0.1000000000000E+001  0.0000000000000E+000     0.0000000000000E+000  0.0000000000000E+000
 0.0000000000000E+000  0.0000000000000E+000     0.0000000000000E+000  0.0000000000000E+000     0.1000000000000E+001  0.0000000000000E+000
! 3 Dipole moments X (MCH) in a.u.
-0.1230000000000E+003  0.0000000000000E+000    -0.1230000000000E+003  0.0000000000000E+000    -0.1230000000000E+003  0.0000000000000E+000
-0.1230000000000E+003  0.0000000000000E+000    -0.1230000000000E+003  0.0000000000000E+000    -0.1230000000000E+003  0.0000000000000E+000
-0.1230000000000E+003  0.0000000000000E+000    -0.1230000000000E+003  0.0000000000000E+000    -0.1230000000000E+003  0.0000000000000E+000
! 3 Dipole moments Y (MCH) in a.u.
-0.1230000000000E+003  0.0000000000000E+000    -0.1230000000000E+003  0.0000000000000E+000    -0.1230000000000E+003  0.0000000000000E+000
-0.1230000000000E+003  0.0000000000000E+000    -0.1230000000000E+003  0.0000000000000E+000    -0.1230000000000E+003  0.0000000000000E+000
-0.1230000000000E+003  0.0000000000000E+000    -0.1230000000000E+003  0.0000000000000E+000    -0.1230000000000E+003  0.0000000000000E+000
! 3 Dipole moments Z (MCH) in a.u.
-0.1230000000000E+003  0.0000000000000E+000    -0.1230000000000E+003  0.0000000000000E+000    -0.1230000000000E+003  0.0000000000000E+000
-0.1230000000000E+003  0.0000000000000E+000    -0.1230000000000E+003  0.0000000000000E+000    -0.1230000000000E+003  0.0000000000000E+000
-0.1230000000000E+003  0.0000000000000E+000    -0.1230000000000E+003  0.0000000000000E+000    -0.1230000000000E+003  0.0000000000000E+000
! 5 Coefficients (diag)
 0.2367065828585E-001 -0.3913406066619E-001
 0.2388567489639E+000  0.8646582037881E+000
 0.1776472839556E+000  0.4020737641672E+000
! 6 Hopping Probabilities (diag)
 0.7689490108483E-002
 0.0000000000000E+000
 0.1979146917811E+000
! 7 Ekin (a.u.)
 0.9744266701026E-001
! 8 states (diag, MCH)
           2            2
! 9 Random number
 0.6362664829232E+000
! 10 Runtime (sec)
           4
! 11 Geometry in a.u.
-0.1090385687251E+000 -0.1544926079075E+000  0.1248409161997E-001
 0.2644417705080E+001  0.1752180646654E+000 -0.2251795157409E-001
-0.1387703601773E+001 -0.1167908979662E+001  0.1495544572026E+001
 0.3694592247309E+001  0.1156791158512E+001  0.1237335217994E+001
 0.4322978372515E+001 -0.9720764199670E+000 -0.1348362045020E+001
-0.1503202184004E+001  0.7363561214327E+000 -0.1264932246035E+001
! 12 Velocities in a.u.
 0.3258507145550E-003  0.8996544211371E-005 -0.8456629579858E-004
-0.1970878804964E-003 -0.9468756206557E-004 -0.7837926905934E-004
-0.8998028755899E-003 -0.4649183994679E-002 -0.1680432802510E-004
 0.8368569763834E-003  0.5634558070973E-002  0.5558027078791E-003
 0.1071972367428E-002 -0.4469784588405E-002  0.7539216500708E-003
-0.2543322371313E-002  0.4505477026504E-002  0.6486864085287E-003
! 0 Step
          47
! 1 Hamiltonian (MCH) in a.u.
-0.7787181854248E+002  0.0000000000000E+000     0.0000000000000E+000  0.0000000000000E+000     0.0000000000000E+000  0.0000000000000E+000
 0.0000000000000E+000  0.0000000000000E+000    -0.7776238250732E+002  0.0000000000000E+000     0.0000000000000E+000  0.0000000000000E+000
 0.0000000000000E+000  0.0000000000000E+000     0.0000000000000E+000  0.0000000000000E+000    -0.7775878906250E+002  0.0000000000000E+000
! 2 U matrix
 0.1000000000000E+001  0.0000000000000E+000     0.0000000000000E+000  0.0000000000000E+000     0.0000000000000E+000  0.0000000000000E+000
 0.0000000000000E+000  0.0000000000000E+000     0.1000000000000E+001  0.0000000000000E+000     0.0000000000000E+000  0.0000000000000E+000
 0.0000000000000E+000  0.0000000000000E+000     0.0000000000000E+000  0.0000000000000E+000     0.1000000000000E+001  0.0000000000000E+000
! 3 Dipole moments X (MCH) in a.u.
-0.1230000000000E+003  0.0000000000000E+000    -0.1230000000000E+003  0.0000000000000E+000    -0.1230000000000E+003  0.0000000000000E+000
-0.1230000000000E+003  0.0000000000000E+000    -0.1230000000000E+003  0.0000000000000E+000    -0.1230000000000E+003  0.0000000000000E+000
-0.1230000000000E+003  0.0000000000000E+000    -0.1230000000000E+003  0.0000000000000E+000    -0.1230000000000E+003  0.0000000000000E+000
! 3 Dipole moments Y (MCH) in a.u.
-0.1230000000000E+003  0.0000000000000E+000    -0.1230000000000E+003  0.0000000000000E+000    -0.1230000000000E+003  0.0000000000000E+000
-0.1230000000000E+003  0.0000000000000E+000    -0.1230000000000E+003  0.0000000000000E+000    -0.1230000000000E+003  0.0000000000000E+000
-0.1230000000000E+003  0.0000000000000E+000    -0.1230000000000E+003  0.0000000000000E+000    -0.1230000000000E+003  0.0000000000000E+000
! 3 Dipole moments Z (MCH) in a.u.
-0.1230000000000E+003  0.0000000000000E+000    -0.1230000000000E+003  0.0000000000000E+000    -0.1230000000000E+003  0.0000000000000E+000
-0.1230000000000E+003  0.0000000000000E+000    -0.1230000000000E+003  0.0000000000000E+000    -0.1230000000000E+003  0.0000000000000E+000
-0.1230000000000E+003  0.0000000000000E+000    -0.1230000000000E+003  0.0000000000000E+000    -0.1230000000000E+003  0.0000000000000E+000
! 5 Coefficients (diag)
 0.2833413873065E-002 -0.6822981181367E-001
 0.8923754110600E+000  0.1218182549552E+000
 0.4268416103619E+000 -0.4437727689348E-001
! 6 Hopping Probabilities (diag)
 0.1477215190783E-001
 0.0000000000000E+000
 0.0000000000000E+000
! 7 Ekin (a.u.)
 0.1033638360564E+000
! 8 states (diag, MCH)
           2            2
! 9 Random number
 0.2662312129693E-001
! 10 Runtime (sec)
           3
! 11 Geometry in a.u.
-0.1012685946016E+000 -0.1541520847684E+000  0.1091410104736E-001
 0.2639328511435E+001  0.1727272436373E+000 -0.2449192938611E-001
-0.1405270095624E+001 -0.1265558190899E+001  0.1493984828753E+001
 0.3713751858027E+001  0.1277704138981E+001  0.1251545365555E+001
 0.4342873497363E+001 -0.1064576707688E+001 -0.1331244069764E+001
-0.1556633730172E+001  0.8312148948211E+000 -0.1252471849455E+001
! 12 Velocities in a.u.
 0.4138403329982E-003  0.2401073433881E-004 -0.6923160335712E-004
-0.2873387541449E-003 -0.1428433506210E-003 -0.1107980532840E-003
-0.8012400906274E-003 -0.4724224784510E-002 -0.1538276613317E-003
 0.1030407385294E-002  0.5957038053316E-002  0.7693031461689E-003
 0.8452321275029E-003 -0.4396392999471E-002  0.9298654745657E-003
-0.2581750825848E-002  0.4579550758435E-002  0.5998339566480E-003
! 0 Step
          48
! 1 Hamiltonian (MCH) in a.u.
-0.7786782836914E+002  0.0000000000000E+000     0.0000000000000E+000  0.0000000000000E+000     0.0000000000000E+000  0.0000000000000E+000
 0.0000000000000E+000  0.0000000000000E+000    -0.7776266479492E+002  0.0000000000000E+000     0.0000000000000E+000  0.0000000000000E+000
 0.0000000000000E+000  0.0000000000000E+000     0.0000000000000E+000  0.0000000000000E+000    -0.7776210784912E+002  0.0000000000000E+000
! 2 U matrix
 0.1000000000000E+001  0.0000000000000E+000     0.0000000000000E+000  0.0000000000000E+000     0.0000000000000E+000  0.0000000000000E+000
 0.0000000000000E+000  0.0000000000000E+000     0.1000000000000E+001  0.0000000000000E+000     0.0000000000000E+000  0.0000000000000E+000
 0.0000000000000E+000  0.0000000000000E+000     0.0000000000000E+000  0.0000000000000E+000     0.1000000000000E+001  0.0000000000000E+000
! 3 Dipole moments X (MCH) in a.u.
-0.1230000000000E+003  0.0000000000000E+000    -0.1230000000000E+003  0.0000000000000E+000    -0.1230000000000E+003  0.0000000000000E+000
-0.1230000000000E+003  0.0000000000000E+000    -0.1230000000000E+003  0.0000000000000E+000    -0.1230000000000E+003  0.0000000000000E+000
-0.1230000000000E+003  0.0000000000000E+000    -0.1230000000000E+003  0.0000000000000E+000    -0.1230000000000E+003  0.0000000000000E+000
! 3 Dipole moments Y (MCH) in a.u.
-0.1230000000000E+003  0.0000000000000E+000    -0.1230000000000E+003  0.0000000000000E+000    -0.1230000000000E+003  0.0000000000000E+000
-0.1230000000000E+003  0.0000000000000E+000    -0.1230000000000E+003  0.0000000000000E+000    -0.1230000000000E+003  0.0000000000000E+000
-0.1230000000000E+003  0.0000000000000E+000    -0.1230000000000E+003  0.0000000000000E+000    -0.1230000000000E+003  0.0000000000000E+000
! 3 Dipole moments Z (MCH) in a.u.
-0.1230000000000E+003  0.0000000000000E+000    -0.1230000000000E+003  0.0000000000000E+000    -0.1230000000000E+003  0.0000000000000E+000
-0.1230000000000E+003  0.0000000000000E+000    -0.1230000000000E+003  0.0000000000000E+000    -0.1230000000000E+003  0.0000000000000E+000
-0.1230000000000E+003  0.0000000000000E+000    -0.1230000000000E+003  0.0000000000000E+000    -0.1230000000000E+003  0.0000000000000E+000
! 5 Coefficients (diag)
 0.5803090925756E-003 -0.3421047241142E-001
 0.4939123798191E+000 -0.6782645317123E+000
 0.2063830804081E+000 -0.5022381078955E+000
! 6 Hopping Probabilities (diag)
 0.3498661557619E-002
 0.0000000000000E+000
 0.1337625016951E+000
! 7 Ekin (a.u.)
 0.1059004457469E+000
! 8 states (diag, MCH)
           2            2
! 9 Random number
 0.4838710569928E+000
! 10 Runtime (sec)
           2
! 11 Geometry in a.u.
-0.9192984101745E-001 -0.1534999711752E+000  0.9621962058989E-002
 0.2632538726371E+001  0.1693127243790E+000 -0.2709849525971E-001
-0.1420827967491E+001 -0.1363214920198E+001  0.1489185125249E+001
 0.3737190703712E+001  0.1403063292646E+001  0.1269139266568E+001
 0.4357921429453E+001 -0.1153829344286E+001 -0.1309920129285E+001
-0.1609935308754E+001  0.9256810390446E+000 -0.1240134286494E+001
! 12 Velocities in a.u.
 0.4962378813340E-003  0.4373918672975E-004 -0.6115605103889E-004
-0.3717946674073E-003 -0.1838914377483E-003 -0.1237593874688E-003
-0.6607763559300E-003 -0.4778879133323E-002 -0.2352948653923E-003
 0.1085485741256E-002  0.6116486786576E-002  0.8219335523246E-003
 0.6008139499715E-003 -0.4266276860354E-002  0.1063089532045E-002
-0.2508347840296E-002  0.4598678086208E-002  0.5536640960911E-003
! 0 Step
          49
! 1 Hamiltonian (MCH) in a.u.
-0.7786094665527E+002  0.0000000000000E+000     0.0000000000000E+000  0.0000000000000E+000     0.0000000000000E+000  0.0000000000000E+000
 0.0000000000000E+000  0.0000000000000E+000    -0.7776363372803E+002  0.0000000000000E+000     0.0000000000000E+000  0.0000000000000E+000
 0.0000000000000E+000  0.0000000000000E+000     0.0000000000000E+000  0.0000000000000E+000    -0.7775400543213E+002  0.0000000000000E+000
! 2 U matrix
 0.1000000000000E+001  0.0000000000000E+000     0.0000000000000E+000  0.0000000000000E+000     0.0000000000000E+000  0.0000000000000E+000
 0.0000000000000E+000  0.0000000000000E+000     0.1000000000000E+001  0.0000000000000E+000     0.0000000000000E+000  0.0000000000000E+000
 0.0000000000000E+000  0.0000000000000E+000     0.0000000000000E+000  0.0000000000000E+000     0.1000000000000E+001  0.0000000000000E+000
! 3 Dipole moments X (MCH) in a.u.
-0.1230000000000E+003  0.0000000000000E+000    -0.1230000000000E+003  0.0000000000000E+000    -0.1230000000000E+003  0.0000000000000E+000
-0.1230000000000E+003  0.0000000000000E+000    -0.1230000000000E+003  0.0000000000000E+000    -0.1230000000000E+003  0.0000000000000E+000
-0.1230000000000E+003  0.0000000000000E+000    -0.1230000000000E+003  0.0000000000000E+000    -0.1230000000000E+003  0.0000000000000E+000
! 3 Dipole moments Y (MCH) in a.u.
-0.1230000000000E+003  0.0000000000000E+000    -0.1230000000000E+003  0.0000000000000E+000    -0.1230000000000E+003  0.0000000000000E+000
-0.1230000000000E+003  0.0000000000000E+000    -0.1230000000000E+003  0.0000000000000E+000    -0.1230000000000E+003  0.0000000000000E+000
-0.1230000000000E+003  0.0000000000000E+000    -0.1230000000000E+003  0.0000000000000E+000    -0.1230000000000E+003  0.0000000000000E+000
! 3 Dipole moments Z (MCH) in a.u.
-0.1230000000000E+003  0.0000000000000E+000    -0.1230000000000E+003  0.0000000000000E+000    -0.1230000000000E+003  0.0000000000000E+000
-0.1230000000000E+003  0.0000000000000E+000    -0.1230000000000E+003  0.0000000000000E+000    -0.1230000000000E+003  0.0000000000000E+000
-0.1230000000000E+003  0.0000000000000E+000    -0.1230000000000E+003  0.0000000000000E+000    -0.1230000000000E+003  0.0000000000000E+000
! 5 Coefficients (diag)
 0.1873240890372E-001  0.2944870114612E-001
-0.1353580552046E+000 -0.5136499762888E+000
-0.5182249210793E+000 -0.6693778460478E+000
! 6 Hopping Probabilities (diag)
 0.2175070881833E-002
 0.0000000000000E+000
 0.7102648114357E+000
! 7 Ekin (a.u.)
 0.1065875020031E+000
! 8 states (diag, MCH)
           2            2
! 9 Random number
 0.8778649374074E+000
! 10 Runtime (sec)
           3
! 11 Geometry in a.u.
-0.8075343908635E-001 -0.1523438467204E+000  0.8385825909655E-002
 0.2623958009286E+001  0.1651249190562E+000 -0.2960831242719E-001
-0.1432587497646E+001 -0.1463123617273E+001  0.1484257415879E+001
 0.3758627329306E+001  0.1530568102724E+001  0.1285525227398E+001
 0.4367711971174E+001 -0.1240950452123E+001 -0.1287294488531E+001
-0.1660332274692E+001  0.1021330562431E+001 -0.1229582615356E+001
! 12 Velocities in a.u.
 0.5835696995847E-003  0.6892858916970E-004 -0.5877051034867E-004
-0.4554149068144E-003 -0.2196798666165E-003 -0.1146118483751E-003
-0.4857314737230E-003 -0.4855876397355E-002 -0.2557683985827E-003
 0.9944019320287E-003  0.6154056366892E-002  0.7209656315655E-003
 0.3323105372932E-003 -0.4113009232769E-002  0.1129207040114E-002
-0.2368031411356E-002  0.4611132675343E-002  0.4715636121656E-003
! 0 Step
          50
! 1 Hamiltonian (MCH) in a.u.
-0.7785471343994E+002  0.0000000000000E+000     0.0000000000000E+000  0.0000000000000E+000     0.0000000000000E+000  0.0000000000000E+000
 0.0000000000000E+000  0.0000000000000E+000    -0.7775979614258E+002  0.0000000000000E+000     0.0000000000000E+000  0.0000000000000E+000
 0.0000000000000E+000  0.0000000000000E+000     0.0000000000000E+000  0.0000000000000E+000    -0.7773809814453E+002  0.0000000000000E+000
! 2 U matrix
 0.1000000000000E+001  0.0000000000000E+000     0.0000000000000E+000  0.0000000000000E+000     0.0000000000000E+000  0.0000000000000E+000
 0.0000000000000E+000  0.0000000000000E+000     0.1000000000000E+001  0.0000000000000E+000     0.0000000000000E+000  0.0000000000000E+000
 0.0000000000000E+000  0.0000000000000E+000     0.0000000000000E+000  0.0000000000000E+000     0.1000000000000E+001  0.0000000000000E+000
! 3 Dipole moments X (MCH) in a.u.
-0.1230000000000E+003  0.0000000000000E+000    -0.1230000000000E+003  0.0000000000000E+000    -0.1230000000000E+003  0.0000000000000E+000
-0.1230000000000E+003  0.0000000000000E+000    -0.1230000000000E+003  0.0000000000000E+000    -0.1230000000000E+003  0.0000000000000E+000
-0.1230000000000E+003  0.0000000000000E+000    -0.1230000000000E+003  0.0000000000000E+000    -0.1230000000000E+003  0.0000000000000E+000
! 3 Dipole moments Y (MCH) in a.u.
-0.1230000000000E+003  0.0000000000000E+000    -0.1230000000000E+003  0.0000000000000E+000    -0.1230000000000E+003  0.0000000000000E+000
-0.1230000000000E+003  0.0000000000000E+000    -0.1230000000000E+003  0.0000000000000E+000    -0.1230000000000E+003  0.0000000000000E+000
-0.1230000000000E+003  0.0000000000000E+000    -0.1230000000000E+003  0.0000000000000E+000    -0.1230000000000E+003  0.0000000000000E+000
! 3 Dipole moments Z (MCH) in a.u.
-0.1230000000000E+003  0.0000000000000E+000    -0.1230000000000E+003  0.0000000000000E+000    -0.1230000000000E+003  0.0000000000000E+000
-0.1230000000000E+003  0.0000000000000E+000    -0.1230000000000E+003  0.0000000000000E+000    -0.1230000000000E+003  0.0000000000000E+000
-0.1230000000000E+003  0.0000000000000E+000    -0.1230000000000E+003  0.0000000000000E+000    -0.1230000000000E+003  0.0000000000000E+000
! 5 Coefficients (diag)
 0.4746759469503E-001  0.8380503713076E-001
-0.1458890236772E+000 -0.1669342508968E+000
-0.8757924295881E+000  0.4178043945792E+000
! 6 Hopping Probabilities (diag)
 0.4337220431793E-001
 0.0000000000000E+000
 0.7436975926446E+000
! 7 Ekin (a.u.)
 0.8105191850704E-001
! 8 states (diag, MCH)
           3            3
! 9 Random number
 0.2584068148702E+000
! 10 Runtime (sec)
           2
! 11 Geometry in a.u.
-0.6780426819982E-001 -0.1506503686368E+000  0.7192308449565E-002
 0.2613711248686E+001  0.1602308569989E+000 -0.3183670647202E-001
-0.1440908773686E+001 -0.1563963519211E+001  0.1478611308396E+001
 0.3778300645229E+001  0.1657480434435E+001  0.1298944975905E+001
 0.4371659603438E+001 -0.1323866794509E+001 -0.1263237159467E+001
-0.1707832979400E+001  0.1116311596474E+001 -0.1220639199152E+001
! 12 Velocities in a.u.
 0.5841300345800E-003  0.8453992268592E-004 -0.4984771289555E-004
-0.4691471253941E-003 -0.2227699746778E-003 -0.8709225171504E-004
-0.2736212001336E-003 -0.4286513498040E-002 -0.2957302449721E-003
 0.8096392129757E-003  0.5357126363117E-002  0.4750310146855E-003
 0.3686578024263E-004 -0.3411913885810E-002  0.1072594277634E-002
-0.1942982355829E-002  0.3988405532833E-002  0.3798371109891E-003
! 0 Step
          51
! 1 Hamiltonian (MCH) in a.u.
-0.7785058593750E+002  0.0000000000000E+000     0.0000000000000E+000  0.0000000000000E+000     0.0000000000000E+000  0.0000000000000E+000
 0.0000000000000E+000  0.0000000000000E+000    -0.7775342559814E+002  0.0000000000000E+000     0.0000000000000E+000  0.0000000000000E+000
 0.0000000000000E+000  0.0000000000000E+000     0.0000000000000E+000  0.0000000000000E+000    -0.7772264862061E+002  0.0000000000000E+000
! 2 U matrix
 0.1000000000000E+001  0.0000000000000E+000     0.0000000000000E+000  0.0000000000000E+000     0.0000000000000E+000  0.0000000000000E+000
 0.0000000000000E+000  0.0000000000000E+000     0.1000000000000E+001  0.0000000000000E+000     0.0000000000000E+000  0.0000000000000E+000
 0.0000000000000E+000  0.0000000000000E+000     0.0000000000000E+000  0.0000000000000E+000     0.1000000000000E+001  0.0000000000000E+000
! 3 Dipole moments X (MCH) in a.u.
-0.1230000000000E+003  0.0000000000000E+000    -0.1230000000000E+003  0.0000000000000E+000    -0.1230000000000E+003  0.0000000000000E+000
-0.1230000000000E+003  0.0000000000000E+000    -0.1230000000000E+003  0.0000000000000E+000    -0.1230000000000E+003  0.0000000000000E+000
-0.1230000000000E+003  0.0000000000000E+000    -0.1230000000000E+003  0.0000000000000E+000    -0.1230000000000E+003  0.0000000000000E+000
! 3 Dipole moments Y (MCH) in a.u.
-0.1230000000000E+003  0.0000000000000E+000    -0.1230000000000E+003  0.0000000000000E+000    -0.1230000000000E+003  0.0000000000000E+000
-0.1230000000000E+003  0.0000000000000E+000    -0.1230000000000E+003  0.0000000000000E+000    -0.1230000000000E+003  0.0000000000000E+000
-0.1230000000000E+003  0.0000000000000E+000    -0.1230000000000E+003  0.0000000000000E+000    -0.1230000000000E+003  0.0000000000000E+000
! 3 Dipole moments Z (MCH) in a.u.
-0.1230000000000E+003  0.0000000000000E+000    -0.1230000000000E+003  0.0000000000000E+000    -0.1230000000000E+003  0.0000000000000E+000
-0.1230000000000E+003  0.0000000000000E+000    -0.1230000000000E+003  0.0000000000000E+000    -0.1230000000000E+003  0.0000000000000E+000
-0.1230000000000E+003  0.0000000000000E+000    -0.1230000000000E+003  0.0000000000000E+000    -0.1230000000000E+003  0.0000000000000E+000
! 5 Coefficients (diag)
 0.2492371005746E-001  0.5179271695495E-001
-0.1710435345483E+000  0.7284883936228E-001
 0.5871516867322E+000  0.7857393816067E+000
! 6 Hopping Probabilities (diag)
 0.0000000000000E+000
 0.0000000000000E+000
 0.0000000000000E+000
! 7 Ekin (a.u.)
 0.6576225122860E-001
! 8 states (diag, MCH)
           3            3
! 9 Random number
 0.7645005734293E+000
! 10 Runtime (sec)
           3
! 11 Geometry in a.u.
-0.5575554015052E-001 -0.1487253837363E+000  0.6236455140858E-002
 0.2603986182977E+001  0.1554799440255E+000 -0.3354006328846E-001
-0.1443074988056E+001 -0.1648796234926E+001  0.1468406283414E+001
 0.3792285325994E+001  0.1762910100508E+001  0.1304021999599E+001
 0.4367306866785E+001 -0.1388719351851E+001 -0.1237347853517E+001
-0.1742986705919E+001  0.1194240046258E+001 -0.1209714219360E+001
! 12 Velocities in a.u.
 0.5763432281261E-003  0.1008802880207E-003 -0.4305313044191E-004
-0.4649070588842E-003 -0.2345685391462E-003 -0.7417952065133E-004
 0.7586022083888E-004 -0.3892069142488E-002 -0.6804793043807E-003
 0.5175543906519E-003  0.4802601132499E-002  0.1413141647074E-004
-0.4781979143618E-003 -0.2843280367729E-002  0.1403350381445E-002
-0.1443053458180E-002  0.3525734242389E-002  0.6599036693831E-003
! 0 Step
          52
! 1 Hamiltonian (MCH) in a.u.
-0.7784764099121E+002  0.0000000000000E+000     0.0000000000000E+000  0.0000000000000E+000     0.0000000000000E+000  0.0000000000000E+000
 0.0000000000000E+000  0.0000000000000E+000    -0.7774731445312E+002  0.0000000000000E+000     0.0000000000000E+000  0.0000000000000E+000
 0.0000000000000E+000  0.0000000000000E+000     0.0000000000000E+000  0.0000000000000E+000    -0.7770982360840E+002  0.0000000000000E+000
! 2 U matrix
 0.1000000000000E+001  0.0000000000000E+000     0.0000000000000E+000  0.0000000000000E+000     0.0000000000000E+000  0.0000000000000E+000
 0.0000000000000E+000  0.0000000000000E+000     0.1000000000000E+001  0.0000000000000E+000     0.0000000000000E+000  0.0000000000000E+000
 0.0000000000000E+000  0.0000000000000E+000     0.0000000000000E+000  0.0000000000000E+000     0.1000000000000E+001  0.0000000000000E+000
! 3 Dipole moments X (MCH) in a.u.
-0.1230000000000E+003  0.0000000000000E+000    -0.1230000000000E+003  0.0000000000000E+000    -0.1230000000000E+003  0.0000000000000E+000
-0.1230000000000E+003  0.0000000000000E+000    -0.1230000000000E+003  0.0000000000000E+000    -0.1230000000000E+003  0.0000000000000E+000
-0.1230000000000E+003  0.0000000000000E+000    -0.1230000000000E+003  0.0000000000000E+000    -0.1230000000000E+003  0.0000000000000E+000
! 3 Dipole moments Y (MCH) in a.u.
-0.1230000000000E+003  0.0000000000000E+000    -0.1230000000000E+003  0.0000000000000E+000    -0.1230000000000E+003  0.0000000000000E+000
-0.1230000000000E+003  0.0000000000000E+000    -0.1230000000000E+003  0.0000000000000E+000    -0.1230000000000E+003  0.0000000000000E+000
-0.1230000000000E+003  0.0000000000000E+000    -0.1230000000000E+003  0.0000000000000E+000    -0.1230000000000E+003  0.0000000000000E+000
! 3 Dipole moments Z (MCH) in a.u.
-0.1230000000000E+003  0.0000000000000E+000    -0.1230000000000E+003  0.0000000000000E+000    -0.1230000000000E+003  0.0000000000000E+000
-0.1230000000000E+003  0.0000000000000E+000    -0.1230000000000E+003  0.0000000000000E+000    -0.1230000000000E+003  0.0000000000000E+000
-0.1230000000000E+003  0.0000000000000E+000    -0.1230000000000E+003  0.0000000000000E+000    -0.1230000000000E+003  0.0000000000000E+000
! 5 Coefficients (diag)
-0.4146385833867E-002  0.3229450191963E-001
 0.3051106047233E-001  0.1607800292496E+000
 0.4262667893070E+000 -0.8890755616636E+000
! 6 Hopping Probabilities (diag)
 0.0000000000000E+000
 0.0000000000000E+000
 0.0000000000000E+000
! 7 Ekin (a.u.)
 0.5296320329594E-001
! 8 states (diag, MCH)
           3            3
! 9 Random number
 0.8551763637803E+000
! 10 Runtime (sec)
           2
! 11 Geometry in a.u.
-0.4397744763665E-001 -0.1464798389876E+000  0.5412432910718E-002
 0.2594491352399E+001  0.1505334714494E+000 -0.3490338972910E-001
-0.1437772607975E+001 -0.1724867002677E+001  0.1450479359427E+001
 0.3799697054515E+001  0.1856026560834E+001  0.1299529188069E+001
 0.4351890244933E+001 -0.1441411909688E+001 -0.1205220727427E+001
-0.1767490791158E+001  0.1262070292069E+001 -0.1193357875191E+001
! 12 Velocities in a.u.
 0.5581375708011E-003  0.1151619675003E-003 -0.3681637469763E-004
-0.4485091180517E-003 -0.2435181443320E-003 -0.5736683172060E-004
 0.4365063914589E-003 -0.3446096332089E-002 -0.1032899904762E-002
 0.2027243545855E-003  0.4196395887639E-002 -0.4193186863577E-003
-0.1018355511379E-002 -0.2241323731021E-002  0.1675750733354E-002
-0.9271718080232E-003  0.3020474741228E-002  0.8987242490989E-003
! 0 Step
          53
! 1 Hamiltonian (MCH) in a.u.
-0.7784648895264E+002  0.0000000000000E+000     0.0000000000000E+000  0.0000000000000E+000     0.0000000000000E+000  0.0000000000000E+000
 0.0000000000000E+000  0.0000000000000E+000    -0.7774239349365E+002  0.0000000000000E+000     0.0000000000000E+000  0.0000000000000E+000
 0.0000000000000E+000  0.0000000000000E+000     0.0000000000000E+000  0.0000000000000E+000    -0.7770024871826E+002  0.0000000000000E+000
! 2 U matrix
 0.1000000000000E+001  0.0000000000000E+000     0.0000000000000E+000  0.0000000000000E+000     0.0000000000000E+000  0.0000000000000E+000
 0.0000000000000E+000  0.0000000000000E+000     0.1000000000000E+001  0.0000000000000E+000     0.0000000000000E+000  0.0000000000000E+000
 0.0000000000000E+000  0.0000000000000E+000     0.0000000000000E+000  0.0000000000000E+000     0.1000000000000E+001  0.0000000000000E+000
! 3 Dipole moments X (MCH) in a.u.
-0.1230000000000E+003  0.0000000000000E+000    -0.1230000000000E+003  0.0000000000000E+000    -0.1230000000000E+003  0.0000000000000E+000
-0.1230000000000E+003  0.0000000000000E+000    -0.1230000000000E+003  0.0000000000000E+000    -0.1230000000000E+003  0.0000000000000E+000
-0.1230000000000E+003  0.0000000000000E+000    -0.1230000000000E+003  0.0000000000000E+000    -0.1230000000000E+003  0.0000000000000E+000
! 3 Dipole moments Y (MCH) in a.u.
-0.1230000000000E+003  0.0000000000000E+000    -0.1230000000000E+003  0.0000000000000E+000    -0.1230000000000E+003  0.0000000000000E+000
-0.1230000000000E+003  0.0000000000000E+000    -0.1230000000000E+003  0.0000000000000E+000    -0.1230000000000E+003  0.0000000000000E+000
-0.1230000000000E+003  0.0000000000000E+000    -0.1230000000000E+003  0.0000000000000E+000    -0.1230000000000E+003  0.0000000000000E+000
! 3 Dipole moments Z (MCH) in a.u.
-0.1230000000000E+003  0.0000000000000E+000    -0.1230000000000E+003  0.0000000000000E+000    -0.1230000000000E+003  0.0000000000000E+000
-0.1230000000000E+003  0.0000000000000E+000    -0.1230000000000E+003  0.0000000000000E+000    -0.1230000000000E+003  0.0000000000000E+000
-0.1230000000000E+003  0.0000000000000E+000    -0.1230000000000E+003  0.0000000000000E+000    -0.1230000000000E+003  0.0000000000000E+000
! 5 Coefficients (diag)
-0.1553906583622E-001  0.1385699050610E-001
 0.1430020302142E+000 -0.1037246281749E-001
-0.9548908382702E+000  0.2592158166555E+000
! 6 Hopping Probabilities (diag)
 0.0000000000000E+000
 0.0000000000000E+000
 0.0000000000000E+000
! 7 Ekin (a.u.)
 0.4340167986437E-001
! 8 states (diag, MCH)
           3            3
! 9 Random number
 0.1096503401176E+000
! 10 Runtime (sec)
           3
! 11 Geometry in a.u.
-0.3268136646364E-001 -0.1439644298439E+000  0.4714415649636E-002
 0.2585444200083E+001  0.1454125695068E+000 -0.3591168689568E-001
-0.1425029214363E+001 -0.1791262589940E+001  0.1425704782834E+001
 0.3800666229221E+001  0.1936394869562E+001  0.1286686789240E+001
 0.4325206651402E+001 -0.1481378752981E+001 -0.1168070016833E+001
-0.1781317261781E+001  0.1319110620185E+001 -0.1172559724653E+001
! 12 Velocities in a.u.
 0.5295980124459E-003  0.1268132067667E-003 -0.3079369118123E-004
-0.4216020829410E-003 -0.2517026536106E-003 -0.4125153503955E-004
 0.7890440087673E-003 -0.2960947377484E-002 -0.1340171814441E-002
-0.9979170595859E-004  0.3577770462529E-002 -0.7875842210709E-003
-0.1560685166359E-002 -0.1615855125817E-002  0.1894282763327E-002
-0.4154110521364E-003  0.2487174111956E-002  0.1091940684637E-002
! 0 Step
          54
! 1 Hamiltonian (MCH) in a.u.
-0.7784780883789E+002  0.0000000000000E+000     0.0000000000000E+000  0.0000000000000E+000     0.0000000000000E+000  0.0000000000000E+000
 0.0000000000000E+000  0.0000000000000E+000    -0.7773874664307E+002  0.0000000000000E+000     0.0000000000000E+000  0.0000000000000E+000
 0.0000000000000E+000  0.0000000000000E+000     0.0000000000000E+000  0.0000000000000E+000    -0.7769396972656E+002  0.0000000000000E+000
! 2 U matrix
 0.1000000000000E+001  0.0000000000000E+000     0.0000000000000E+000  0.0000000000000E+000     0.0000000000000E+000  0.0000000000000E+000
 0.0000000000000E+000  0.0000000000000E+000     0.1000000000000E+001  0.0000000000000E+000     0.0000000000000E+000  0.0000000000000E+000
 0.0000000000000E+000  0.0000000000000E+000     0.0000000000000E+000  0.0000000000000E+000     0.1000000000000E+001  0.0000000000000E+000
! 3 Dipole moments X (MCH) in a.u.
-0.1230000000000E+003  0.0000000000000E+000    -0.1230000000000E+003  0.0000000000000E+000    -0.1230000000000E+003  0.0000000000000E+000
-0.1230000000000E+003  0.0000000000000E+000    -0.1230000000000E+003  0.0000000000000E+000    -0.1230000000000E+003  0.0000000000000E+000
-0.1230000000000E+003  0.0000000000000E+000    -0.1230000000000E+003  0.0000000000000E+000    -0.1230000000000E+003  0.0000000000000E+000
! 3 Dipole moments Y (MCH) in a.u.
-0.1230000000000E+003  0.0000000000000E+000    -0.1230000000000E+003  0.0000000000000E+000    -0.1230000000000E+003  0.0000000000000E+000
-0.1230000000000E+003  0.0000000000000E+000    -0.1230000000000E+003  0.0000000000000E+000    -0.1230000000000E+003  0.0000000000000E+000
-0.1230000000000E+003  0.0000000000000E+000    -0.1230000000000E+003  0.0000000000000E+000    -0.1230000000000E+003  0.0000000000000E+000
! 3 Dipole moments Z (MCH) in a.u.
-0.1230000000000E+003  0.0000000000000E+000    -0.1230000000000E+003  0.0000000000000E+000    -0.1230000000000E+003  0.0000000000000E+000
-0.1230000000000E+003  0.0000000000000E+000    -0.1230000000000E+003  0.0000000000000E+000    -0.1230000000000E+003  0.0000000000000E+000
-0.1230000000000E+003  0.0000000000000E+000    -0.1230000000000E+003  0.0000000000000E+000    -0.1230000000000E+003  0.0000000000000E+000
! 5 Coefficients (diag)
-0.1623987494597E-001  0.3105541997302E-002
-0.6451896977161E-002 -0.1256752154989E+000
 0.9011656046952E+000  0.4144771262925E+000
! 6 Hopping Probabilities (diag)
 0.0000000000000E+000
 0.0000000000000E+000
 0.0000000000000E+000
! 7 Ekin (a.u.)
 0.3711042461157E-001
! 8 states (diag, MCH)
           3            3
! 9 Random number
 0.5508253724454E+000
! 10 Runtime (sec)
           3
! 11 Geometry in a.u.
-0.2208313848656E-001 -0.1412372068628E+000  0.4139379427227E-002
 0.2577061743289E+001  0.1401277380770E+000 -0.3660878483982E-001
-0.1405152445031E+001 -0.1847276633635E+001  0.1395074816113E+001
 0.3795571528343E+001  0.2003936505233E+001  0.1266969374752E+001
 0.4287369376811E+001 -0.1508213579700E+001 -0.1126908476506E+001
-0.1784664454552E+001  0.1364893485581E+001 -0.1148215547688E+001
! 12 Velocities in a.u.
 0.4907774803669E-003  0.1357541569876E-003 -0.2488249721476E-004
-0.3843102637662E-003 -0.2591883963612E-003 -0.2766910655870E-004
 0.1121349955633E-002 -0.2444657692475E-002 -0.1598698216573E-002
-0.3824722710169E-003  0.2954073696232E-002 -0.1087057401468E-002
-0.2090910604605E-002 -0.9715412529808E-003  0.2067577300066E-002
 0.8340460792211E-004  0.1932927546951E-002  0.1244366092080E-002
! 0 Step
          55
! 1 Hamiltonian (MCH) in a.u.
-0.7785192871094E+002  0.0000000000000E+000     0.0000000000000E+000  0.0000000000000E+000     0.0000000000000E+000  0.0000000000000E+000
 0.0000000000000E+000  0.0000000000000E+000    -0.7773634338379E+002  0.0000000000000E+000     0.0000000000000E+000  0.0000000000000E+000
 0.0000000000000E+000  0.0000000000000E+000     0.0000000000000E+000  0.0000000000000E+000    -0.7769081878662E+002  0.0000000000000E+000
! 2 U matrix
 0.1000000000000E+001  0.0000000000000E+000     0.0000000000000E+000  0.0000000000000E+000     0.0000000000000E+000  0.0000000000000E+000
 0.0000000000000E+000  0.0000000000000E+000     0.1000000000000E+001  0.0000000000000E+000     0.0000000000000E+000  0.0000000000000E+000
 0.0000000000000E+000  0.0000000000000E+000     0.0000000000000E+000  0.0000000000000E+000     0.1000000000000E+001  0.0000000000000E+000
! 3 Dipole moments X (MCH) in a.u.
-0.1230000000000E+003  0.0000000000000E+000    -0.1230000000000E+003  0.0000000000000E+000    -0.1230000000000E+003  0.0000000000000E+000
-0.1230000000000E+003  0.0000000000000E+000    -0.1230000000000E+003  0.0000000000000E+000    -0.1230000000000E+003  0.0000000000000E+000
-0.1230000000000E+003  0.0000000000000E+000    -0.1230000000000E+003  0.0000000000000E+000    -0.1230000000000E+003  0.0000000000000E+000
! 3 Dipole moments Y (MCH) in a.u.
-0.1230000000000E+003  0.0000000000000E+000    -0.1230000000000E+003  0.0000000000000E+000    -0.1230000000000E+003  0.0000000000000E+000
-0.1230000000000E+003  0.0000000000000E+000    -0.1230000000000E+003  0.0000000000000E+000    -0.1230000000000E+003  0.0000000000000E+000
-0.1230000000000E+003  0.0000000000000E+000    -0.1230000000000E+003  0.0000000000000E+000    -0.1230000000000E+003  0.0000000000000E+000
! 3 Dipole moments Z (MCH) in a.u.
-0.1230000000000E+003  0.0000000000000E+000    -0.1230000000000E+003  0.0000000000000E+000    -0.1230000000000E+003  0.0000000000000E+000
-0.1230000000000E+003  0.0000000000000E+000    -0.1230000000000E+003  0.0000000000000E+000    -0.1230000000000E+003  0.0000000000000E+000
-0.1230000000000E+003  0.0000000000000E+000    -0.1230000000000E+003  0.0000000000000E+000    -0.1230000000000E+003  0.0000000000000E+000
! 5 Coefficients (diag)
-0.9399728542310E-002  0.1659884696664E-002
-0.1117605027952E+000  0.1055930869726E-001
-0.5107156707894E+000 -0.8523358988750E+000
! 6 Hopping Probabilities (diag)
 0.8458934116090E-004
 0.1606700608110E-004
 0.0000000000000E+000
! 7 Ekin (a.u.)
 0.3395178889012E-001
! 8 states (diag, MCH)
           3            3
! 9 Random number
 0.3694165323028E+000
! 10 Runtime (sec)
           3
! 11 Geometry in a.u.
-0.1239195142329E-001 -0.1383521665580E+000  0.3685739042769E-002
 0.2569556285992E+001  0.1346973652487E+000 -0.3705556575977E-001
-0.1378671067208E+001 -0.1892328096281E+001  0.1359612403012E+001
 0.3784854300274E+001  0.2058520333097E+001  0.1241746343369E+001
 0.4238765535486E+001 -0.1521543602631E+001 -0.1082593531771E+001
-0.1777869200747E+001  0.1399020499533E+001 -0.1121115921475E+001
! 12 Velocities in a.u.
 0.4416856947487E-003  0.1421576598386E-003 -0.1896377856809E-004
-0.3367078917876E-003 -0.2657290413007E-003 -0.1723015499648E-004
 0.1425940491933E-002 -0.1900556135727E-002 -0.1808882148510E-002
-0.6424877813900E-003  0.2320450680155E-002 -0.1323980869522E-002
-0.2599189056585E-002 -0.3063100674075E-003  0.2203390840316E-002
 0.5648553498694E-003  0.1358851929777E-002  0.1360747263250E-002
! 0 Step
          56
! 1 Hamiltonian (MCH) in a.u.
-0.7785856628418E+002  0.0000000000000E+000     0.0000000000000E+000  0.0000000000000E+000     0.0000000000000E+000  0.0000000000000E+000
 0.0000000000000E+000  0.0000000000000E+000    -0.7773529815674E+002  0.0000000000000E+000     0.0000000000000E+000  0.0000000000000E+000
 0.0000000000000E+000  0.0000000000000E+000     0.0000000000000E+000  0.0000000000000E+000    -0.7769072723389E+002  0.0000000000000E+000
! 2 U matrix
 0.1000000000000E+001  0.0000000000000E+000     0.0000000000000E+000  0.0000000000000E+000     0.0000000000000E+000  0.0000000000000E+000
 0.0000000000000E+000  0.0000000000000E+000     0.1000000000000E+001  0.0000000000000E+000     0.0000000000000E+000  0.0000000000000E+000
 0.0000000000000E+000  0.0000000000000E+000     0.0000000000000E+000  0.0000000000000E+000     0.1000000000000E+001  0.0000000000000E+000
! 3 Dipole moments X (MCH) in a.u.
-0.1230000000000E+003  0.0000000000000E+000    -0.1230000000000E+003  0.0000000000000E+000    -0.1230000000000E+003  0.0000000000000E+000
-0.1230000000000E+003  0.0000000000000E+000    -0.1230000000000E+003  0.0000000000000E+000    -0.1230000000000E+003  0.0000000000000E+000
-0.1230000000000E+003  0.0000000000000E+000    -0.1230000000000E+003  0.0000000000000E+000    -0.1230000000000E+003  0.0000000000000E+000
! 3 Dipole moments Y (MCH) in a.u.
-0.1230000000000E+003  0.0000000000000E+000    -0.1230000000000E+003  0.0000000000000E+000    -0.1230000000000E+003  0.0000000000000E+000
-0.1230000000000E+003  0.0000000000000E+000    -0.1230000000000E+003  0.0000000000000E+000    -0.1230000000000E+003  0.0000000000000E+000
-0.1230000000000E+003  0.0000000000000E+000    -0.1230000000000E+003  0.0000000000000E+000    -0.1230000000000E+003  0.0000000000000E+000
! 3 Dipole moments Z (MCH) in a.u.
-0.1230000000000E+003  0.0000000000000E+000    -0.1230000000000E+003  0.0000000000000E+000    -0.1230000000000E+003  0.0000000000000E+000
-0.1230000000000E+003  0.0000000000000E+000    -0.1230000000000E+003  0.0000000000000E+000    -0.1230000000000E+003  0.0000000000000E+000
-0.1230000000000E+003  0.0000000000000E+000    -0.1230000000000E+003  0.0000000000000E+000    -0.1230000000000E+003  0.0000000000000E+000
! 5 Coefficients (diag)
 0.2715996959361E-003 -0.2160943847092E-002
 0.1654300224246E-001  0.9865817824116E-001
-0.2774555363823E-001  0.9945945574713E+000
! 6 Hopping Probabilities (diag)
 0.0000000000000E+000
 0.0000000000000E+000
 0.0000000000000E+000
! 7 Ekin (a.u.)
 0.3387028750649E-001
! 8 states (diag, MCH)
           3            3
! 9 Random number
 0.2195448838409E+000
! 10 Runtime (sec)
           2
! 11 Geometry in a.u.
-0.3823245283139E-002 -0.1353602139750E+000  0.3355390777598E-002
 0.2563141776629E+001  0.1291421345746E+000 -0.3732110311015E-001
-0.1346202106800E+001 -0.1925848234387E+001  0.1320293143892E+001
 0.3769010201109E+001  0.2099867123107E+001  0.1212234187337E+001
 0.4179915331654E+001 -0.1520876858553E+001 -0.1035817273173E+001
-0.1761312558652E+001  0.1421070290517E+001 -0.1091960387063E+001
! 12 Velocities in a.u.
 0.3819786111749E-003  0.1461424430219E-003 -0.1286204414487E-004
-0.2789276415897E-003 -0.2715341848002E-003 -0.1027684140113E-004
 0.1700970565913E-002 -0.1327299102722E-002 -0.1972666039911E-002
-0.8758861367659E-003  0.1669718676625E-002 -0.1504150692935E-002
-0.3081361366249E-002  0.3890732027324E-003  0.2308816334387E-002
 0.1028355387113E-002  0.7626343924179E-003  0.1443715779876E-002
! 0 Step
          57
! 1 Hamiltonian (MCH) in a.u.
-0.7786690521240E+002  0.0000000000000E+000     0.0000000000000E+000  0.0000000000000E+000     0.0000000000000E+000  0.0000000000000E+000
 0.0000000000000E+000  0.0000000000000E+000    -0.7773594665527E+002  0.0000000000000E+000     0.0000000000000E+000  0.0000000000000E+000
 0.0000000000000E+000  0.0000000000000E+000     0.0000000000000E+000  0.0000000000000E+000    -0.7769386291504E+002  0.0000000000000E+000
! 2 U matrix
 0.1000000000000E+001  0.0000000000000E+000     0.0000000000000E+000  0.0000000000000E+000     0.0000000000000E+000  0.0000000000000E+000
 0.0000000000000E+000  0.0000000000000E+000     0.1000000000000E+001  0.0000000000000E+000     0.0000000000000E+000  0.0000000000000E+000
 0.0000000000000E+000  0.0000000000000E+000     0.0000000000000E+000  0.0000000000000E+000     0.1000000000000E+001  0.0000000000000E+000
! 3 Dipole moments X (MCH) in a.u.
-0.1230000000000E+003  0.0000000000000E+000    -0.1230000000000E+003  0.0000000000000E+000    -0.1230000000000E+003  0.0000000000000E+000
-0.1230000000000E+003  0.0000000000000E+000    -0.1230000000000E+003  0.0000000000000E+000    -0.1230000000000E+003  0.0000000000000E+000
-0.1230000000000E+003  0.0000000000000E+000    -0.1230000000000E+003  0.0000000000000E+000    -0.1230000000000E+003  0.0000000000000E+000
! 3 Dipole moments Y (MCH) in a.u.
-0.1230000000000E+003  0.0000000000000E+000    -0.1230000000000E+003  0.0000000000000E+000    -0.1230000000000E+003  0.0000000000000E+000
-0.1230000000000E+003  0.0000000000000E+000    -0.1230000000000E+003  0.0000000000000E+000    -0.1230000000000E+003  0.0000000000000E+000
-0.1230000000000E+003  0.0000000000000E+000    -0.1230000000000E+003  0.0000000000000E+000    -0.1230000000000E+003  0.0000000000000E+000
! 3 Dipole moments Z (MCH) in a.u.
-0.1230000000000E+003  0.0000000000000E+000    -0.1230000000000E+003  0.0000000000000E+000    -0.1230000000000E+003  0.0000000000000E+000
-0.1230000000000E+003  0.0000000000000E+000    -0.1230000000000E+003  0.0000000000000E+000    -0.1230000000000E+003  0.0000000000000E+000
-0.1230000000000E+003  0.0000000000000E+000    -0.1230000000000E+003  0.0000000000000E+000    -0.1230000000000E+003  0.0000000000000E+000
! 5 Coefficients (diag)
 0.1198160321821E-002 -0.1566257017086E-002
 0.8632522192749E-001 -0.2132825876342E-001
 0.5855434527119E+000 -0.8057468818893E+000
! 6 Hopping Probabilities (diag)
 0.0000000000000E+000
 0.0000000000000E+000
 0.0000000000000E+000
! 7 Ekin (a.u.)
 0.3701531063867E-001
! 8 states (diag, MCH)
           3            3
! 9 Random number
 0.2115055576183E+000
! 10 Runtime (sec)
           3
! 11 Geometry in a.u.
 0.3399568947343E-002 -0.1323104372610E+000  0.3154004473922E-002
 0.2558025034228E+001  0.1234717691416E+000 -0.3748042449684E-001
-0.1308350608010E+001 -0.1947200464014E+001  0.1278059679791E+001
 0.3748643964495E+001  0.2127548796272E+001  0.1179562688020E+001
 0.4111377824863E+001 -0.1505458782102E+001 -0.9871438937289E+000
-0.1735355576767E+001  0.1430548852668E+001 -0.1061430728429E+001
! 12 Velocities in a.u.
 0.3121245130560E-003  0.1476595827489E-003 -0.6472993858714E-005
-0.2119674239863E-003 -0.2771419676673E-003 -0.6905956510886E-005
 0.1946557770734E-002 -0.7217125001341E-003 -0.2092896249748E-002
-0.1076820545344E-002  0.9957803588054E-003 -0.1632715192203E-002
-0.3536035127501E-002  0.1126654710979E-002  0.2390229764251E-002
 0.1472858848777E-002  0.1421474248534E-003  0.1494800855919E-002
! 0 Step
          58
! 1 Hamiltonian (MCH) in a.u.
-0.7787609863281E+002  0.0000000000000E+000     0.0000000000000E+000  0.0000000000000E+000     0.0000000000000E+000  0.0000000000000E+000
 0.0000000000000E+000  0.0000000000000E+000    -0.7773820495605E+002  0.0000000000000E+000     0.0000000000000E+000  0.0000000000000E+000
 0.0000000000000E+000  0.0000000000000E+000     0.0000000000000E+000  0.0000000000000E+000    -0.7770044708252E+002  0.0000000000000E+000
! 2 U matrix
 0.1000000000000E+001  0.0000000000000E+000     0.0000000000000E+000  0.0000000000000E+000     0.0000000000000E+000  0.0000000000000E+000
 0.0000000000000E+000  0.0000000000000E+000     0.1000000000000E+001  0.0000000000000E+000     0.0000000000000E+000  0.0000000000000E+000
 0.0000000000000E+000  0.0000000000000E+000     0.0000000000000E+000  0.0000000000000E+000     0.1000000000000E+001  0.0000000000000E+000
! 3 Dipole moments X (MCH) in a.u.
-0.1230000000000E+003  0.0000000000000E+000    -0.1230000000000E+003  0.0000000000000E+000    -0.1230000000000E+003  0.0000000000000E+000
-0.1230000000000E+003  0.0000000000000E+000    -0.1230000000000E+003  0.0000000000000E+000    -0.1230000000000E+003  0.0000000000000E+000
-0.1230000000000E+003  0.0000000000000E+000    -0.1230000000000E+003  0.0000000000000E+000    -0.1230000000000E+003  0.0000000000000E+000
! 3 Dipole moments Y (MCH) in a.u.
-0.1230000000000E+003  0.0000000000000E+000    -0.1230000000000E+003  0.0000000000000E+000    -0.1230000000000E+003  0.0000000000000E+000
-0.1230000000000E+003  0.0000000000000E+000    -0.1230000000000E+003  0.0000000000000E+000    -0.1230000000000E+003  0.0000000000000E+000
-0.1230000000000E+003  0.0000000000000E+000    -0.1230000000000E+003  0.0000000000000E+000    -0.1230000000000E+003  0.0000000000000E+000
! 3 Dipole moments Z (MCH) in a.u.
-0.1230000000000E+003  0.0000000000000E+000    -0.1230000000000E+003  0.0000000000000E+000    -0.1230000000000E+003  0.0000000000000E+000
-0.1230000000000E+003  0.0000000000000E+000    -0.1230000000000E+003  0.0000000000000E+000    -0.1230000000000E+003  0.0000000000000E+000
-0.1230000000000E+003  0.0000000000000E+000    -0.1230000000000E+003  0.0000000000000E+000    -0.1230000000000E+003  0.0000000000000E+000
! 5 Coefficients (diag)
 0.1101946770759E-002  0.2790313893277E-003
-0.2237476392635E-001 -0.7575542553371E-001
-0.9683148340470E+000  0.2369083693348E+000
! 6 Hopping Probabilities (diag)
 0.0000000000000E+000
 0.0000000000000E+000
 0.0000000000000E+000
! 7 Ekin (a.u.)
 0.4356504898284E-001
! 8 states (diag, MCH)
           3            3
! 9 Random number
 0.2398139999483E+000
! 10 Runtime (sec)
           3
! 11 Geometry in a.u.
 0.9080410738169E-002 -0.1292557640380E+000  0.3087788321888E-002
 0.2554378752220E+001  0.1176847050224E+000 -0.3760660483650E-001
-0.1265728735282E+001 -0.1955684820295E+001  0.1233769938679E+001
 0.3724492960929E+001  0.2141034050680E+001  0.1144735499026E+001
 0.4033730783322E+001 -0.1474299405527E+001 -0.9370018921326E+000
-0.1700422551115E+001  0.1426946860277E+001 -0.1030163266817E+001
! 12 Velocities in a.u.
 0.2343593329998E-003  0.1463469891337E-003  0.9897086963120E-007
-0.1392303340688E-003 -0.2819920696202E-003 -0.6096411624516E-005
 0.2162547843949E-002 -0.8144050449724E-004 -0.2174537738992E-002
-0.1237787214141E-002  0.2965026639008E-003 -0.1716000086182E-002
-0.3951668651394E-002  0.1902730042327E-002  0.2445824876876E-002
 0.1893382064697E-002 -0.5014895539316E-003  0.1516176449268E-002
! 0 Step
          59
! 1 Hamiltonian (MCH) in a.u.
-0.7788532257080E+002  0.0000000000000E+000     0.0000000000000E+000  0.0000000000000E+000     0.0000000000000E+000  0.0000000000000E+000
 0.0000000000000E+000  0.0000000000000E+000    -0.7774163818359E+002  0.0000000000000E+000     0.0000000000000E+000  0.0000000000000E+000
 0.0000000000000E+000  0.0000000000000E+000     0.0000000000000E+000  0.0000000000000E+000    -0.7770993041992E+002  0.0000000000000E+000
! 2 U matrix
 0.1000000000000E+001  0.0000000000000E+000     0.0000000000000E+000  0.0000000000000E+000     0.0000000000000E+000  0.0000000000000E+000
 0.0000000000000E+000  0.0000000000000E+000     0.1000000000000E+001  0.0000000000000E+000     0.0000000000000E+000  0.0000000000000E+000
 0.0000000000000E+000  0.0000000000000E+000     0.0000000000000E+000  0.0000000000000E+000     0.1000000000000E+001  0.0000000000000E+000
! 3 Dipole moments X (MCH) in a.u.
-0.1230000000000E+003  0.0000000000000E+000    -0.1230000000000E+003  0.0000000000000E+000    -0.1230000000000E+003  0.0000000000000E+000
-0.1230000000000E+003  0.0000000000000E+000    -0.1230000000000E+003  0.0000000000000E+000    -0.1230000000000E+003  0.0000000000000E+000
-0.1230000000000E+003  0.0000000000000E+000    -0.1230000000000E+003  0.0000000000000E+000    -0.1230000000000E+003  0.0000000000000E+000
! 3 Dipole moments Y (MCH) in a.u.
-0.1230000000000E+003  0.0000000000000E+000    -0.1230000000000E+003  0.0000000000000E+000    -0.1230000000000E+003  0.0000000000000E+000
-0.1230000000000E+003  0.0000000000000E+000    -0.1230000000000E+003  0.0000000000000E+000    -0.1230000000000E+003  0.0000000000000E+000
-0.1230000000000E+003  0.0000000000000E+000    -0.1230000000000E+003  0.0000000000000E+000    -0.1230000000000E+003  0.0000000000000E+000
! 3 Dipole moments Z (MCH) in a.u.
-0.1230000000000E+003  0.0000000000000E+000    -0.1230000000000E+003  0.0000000000000E+000    -0.1230000000000E+003  0.0000000000000E+000
-0.1230000000000E+003  0.0000000000000E+000    -0.1230000000000E+003  0.0000000000000E+000    -0.1230000000000E+003  0.0000000000000E+000
-0.1230000000000E+003  0.0000000000000E+000    -0.1230000000000E+003  0.0000000000000E+000    -0.1230000000000E+003  0.0000000000000E+000
! 5 Coefficients (diag)
-0.2025565498449E-004  0.6071673985918E-003
-0.6792233035730E-001  0.1900683186822E-001
 0.8061696949661E+000  0.5874651915109E+000
! 6 Hopping Probabilities (diag)
 0.0000000000000E+000
 0.0000000000000E+000
 0.0000000000000E+000
! 7 Ekin (a.u.)
 0.5282000471330E-001
! 8 states (diag, MCH)
           3            3
! 9 Random number
 0.8903543277414E+000
! 10 Runtime (sec)
           2
! 11 Geometry in a.u.
 0.1308830562747E-001 -0.1262602517467E+000  0.3158096065593E-002
 0.2552269061007E+001  0.1118138297138E+000 -0.3773245852581E-001
-0.1218947910239E+001 -0.1950567326315E+001  0.1188161303291E+001
 0.3697472141166E+001  0.2139806623595E+001  0.1108620887814E+001
 0.3948010415849E+001 -0.1426797309066E+001 -0.8860301343816E+000
-0.1657080561964E+001  0.1409816585796E+001 -0.9987499117976E+000
! 12 Velocities in a.u.
 0.1525279100194E-003  0.1415398936121E-003  0.6604938578126E-005
-0.6955831246029E-004 -0.2809835789284E-003 -0.4062266195661E-005
 0.2350182449465E-002  0.5918912404834E-003 -0.2222096941469E-002
-0.1349851237026E-002 -0.4216307127122E-003 -0.1757794279842E-002
-0.4271461204687E-002  0.2652670859810E-002  0.2441510803573E-002
 0.2282491521192E-002 -0.1161365913311E-002  0.1508082704782E-002
! 0 Step
          60
! 1 Hamiltonian (MCH) in a.u.
-0.7789349365234E+002  0.0000000000000E+000     0.0000000000000E+000  0.0000000000000E+000     0.0000000000000E+000  0.0000000000000E+000
 0.0000000000000E+000  0.0000000000000E+000    -0.7774526214600E+002  0.0000000000000E+000     0.0000000000000E+000  0.0000000000000E+000
 0.0000000000000E+000  0.0000000000000E+000     0.0000000000000E+000  0.0000000000000E+000    -0.7771971130371E+002  0.0000000000000E+000
! 2 U matrix
 0.1000000000000E+001  0.0000000000000E+000     0.0000000000000E+000  0.0000000000000E+000     0.0000000000000E+000  0.0000000000000E+000
 0.0000000000000E+000  0.0000000000000E+000     0.1000000000000E+001  0.0000000000000E+000     0.0000000000000E+000  0.0000000000000E+000
 0.0000000000000E+000  0.0000000000000E+000     0.0000000000000E+000  0.0000000000000E+000     0.1000000000000E+001  0.0000000000000E+000
! 3 Dipole moments X (MCH) in a.u.
-0.1230000000000E+003  0.0000000000000E+000    -0.1230000000000E+003  0.0000000000000E+000    -0.1230000000000E+003  0.0000000000000E+000
-0.1230000000000E+003  0.0000000000000E+000    -0.1230000000000E+003  0.0000000000000E+000    -0.1230000000000E+003  0.0000000000000E+000
-0.1230000000000E+003  0.0000000000000E+000    -0.1230000000000E+003  0.0000000000000E+000    -0.1230000000000E+003  0.0000000000000E+000
! 3 Dipole moments Y (MCH) in a.u.
-0.1230000000000E+003  0.0000000000000E+000    -0.1230000000000E+003  0.0000000000000E+000    -0.1230000000000E+003  0.0000000000000E+000
-0.1230000000000E+003  0.0000000000000E+000    -0.1230000000000E+003  0.0000000000000E+000    -0.1230000000000E+003  0.0000000000000E+000
-0.1230000000000E+003  0.0000000000000E+000    -0.1230000000000E+003  0.0000000000000E+000    -0.1230000000000E+003  0.0000000000000E+000
! 3 Dipole moments Z (MCH) in a.u.
-0.1230000000000E+003  0.0000000000000E+000    -0.1230000000000E+003  0.0000000000000E+000    -0.1230000000000E+003  0.0000000000000E+000
-0.1230000000000E+003  0.0000000000000E+000    -0.1230000000000E+003  0.0000000000000E+000    -0.1230000000000E+003  0.0000000000000E+000
-0.1230000000000E+003  0.0000000000000E+000    -0.1230000000000E+003  0.0000000000000E+000    -0.1230000000000E+003  0.0000000000000E+000
! 5 Coefficients (diag)
-0.2925480746143E-002  0.7803704228970E-003
-0.5882649592620E-002  0.1160876652356E+000
 0.1284231230124E+000 -0.9848793745805E+000
! 6 Hopping Probabilities (diag)
 0.4945459280760E-004
 0.1162171529806E-001
 0.0000000000000E+000
! 7 Ekin (a.u.)
 0.6242662135103E-001
! 8 states (diag, MCH)
           3            3
! 9 Random number
 0.7163002504776E+000
! 10 Runtime (sec)
           3
! 11 Geometry in a.u.
 0.1538612401031E-001 -0.1234043104544E+000  0.3360845553503E-002
 0.2551503116056E+001  0.1060684579849E+000 -0.3777454449988E-001
-0.1168568965233E+001 -0.1931215223549E+001  0.1141905399435E+001
 0.3668688256992E+001  0.2123603257977E+001  0.1072065869457E+001
 0.3857142710972E+001 -0.1364634349176E+001 -0.8360664825003E+000
-0.1606061217003E+001  0.1378934398476E+001 -0.9678170566978E+000
! 12 Velocities in a.u.
 0.7166001539256E-004  0.1327286979637E-003  0.1304112472544E-004
-0.1638776505869E-004 -0.2642206084560E-003  0.5064257120342E-005
 0.2511258659893E-002  0.1286118694754E-002 -0.2236855287286E-002
-0.1408512375975E-002 -0.1138177419832E-002 -0.1755677885854E-002
-0.4392603440871E-002  0.3239427449189E-002  0.2309848731919E-002
 0.2631251280155E-002 -0.1820554042592E-002  0.1466946557161E-002
