9
Properties=species:S:1:pos:R:3 REF_energy="_JSON [[-3195.3070704914694, -3189.199843068353, -3184.993842533096]]" REF_forces="_JSON [[[-4.041562389385482, -1.055252830842296, 0.1136576957445698], [-6.916293288485325, -0.27594400952542597, 0.7015531933115273], [-12.303772461659118, -0.5363620664526033, 1.381795274078211]], [[6.764414799885097, -2.668875528808003, 1.6889265419823483], [8.491808066466096, -2.6305209918132726, -0.3411747428552031], [13.860747768814011, -2.1698250704063087, -0.059204716723726826]], [[-0.1933783314238857, 0.3896361046272937, -0.9878206444713791], [-1.0322396427402687, 0.7258763429868205, 1.2076124619216237], [-1.1177851144903788, 0.7992424652676814, 3.731637659253271]], [[0.7668059869435576, 0.5860542194356158, 0.9417137220551652], [0.7890852691406007, -0.1842112811397923, -0.530347077489713], [1.5558667742607255, -1.8200241146125382, -2.7409654700818638]], [[-0.12027788352513646, 0.2859743567066691, 1.115842440542071], [0.2104577478756225, 0.1302500767039226, -1.0997163617253796], [0.036917735199312345, 0.28242807930788105, -3.6524641253022003]], [[-2.96415740172966, 2.864876197013381, -2.832059862258055], [-1.1681562949402733, 2.343617649558109, 0.0719315322709678], [-1.3867817093001198, 3.9101327621560547, 1.3817141940829247]], [[0.37715218492456126, -0.3793903433615482, -0.005478034109250192], [0.4291535770229776, -0.303590393567444, -0.03588245956451136], [0.3898162192118513, -0.3561984949119481, -0.08248289131523504]], [[-0.14462383113817334, 0.12452018365336176, -0.4058749839305265], [-0.5491977666430341, -0.12239990518271958, -0.46060434840689923], [-1.0411266379025377, -0.6249932271949827, -0.5339286910147989]], [[-0.4443731345501892, -0.1475423584277164, 0.3710931244455794], [-0.25461766769851574, 0.3169225119783681, 0.4866278025371949], [0.006117425870636147, 0.5155996668453496, 0.5738987670242901]]]" pbc="F F F"
C        0.00000000       0.00000000       0.00000000
C        1.28644539       0.00000000       0.00000000
H       -0.52078843       0.95765779       0.00000000
H        1.80199633       0.80073112      -0.52826095
C       -0.87048002      -1.22379842      -0.00000000
H        2.15998609      -1.01372238       0.66877623
H       -0.28391531      -2.13887145      -0.00000000
H       -1.52145135      -1.23484856      -0.87564365
H       -1.52139133      -1.23471640       0.87568993
9
Properties=species:S:1:pos:R:3 REF_energy="_JSON [[-3193.7700873256304, -3190.005158323353, -3188.683185107844]]" REF_forces="_JSON [[[5.416765721501505, 0.2991446632280692, 0.3390022818010992], [3.5259363967327944, -0.7899854415302541, -0.11244453394181701], [0.8852505306956642, -0.4008512167465743, -0.1485911049909255]], [[-3.026003027806777, 2.125180387504795, 2.944954751221303], [-1.5814365106399841, 2.2031500472065573, 2.4771643553482923], [0.6467849080069998, 1.61733838191876, 2.82559684504687]], [[0.008301615469716835, 0.4126669568719834, 1.0965946564592375], [-0.21617201992057003, 0.6408689546205858, -0.3841367797056988], [-0.06965056903521832, 0.6554412192188454, -1.9210324617282322]], [[0.4279335512153527, -1.0775867325580255, 0.5221630402363812], [0.39904173103449553, 0.08656730774838713, -0.4065830901813118], [0.715381501414949, 1.5778742916192074, -1.3305143823829713]], [[0.5795318104997256, 0.17620258060655722, -1.1671799696751677], [0.7128420094796694, 0.3054141861730484, 0.6091235720641809], [0.5929513310522596, 0.35466293924033315, 2.2891735116023937]], [[-3.133657818309212, -1.5380494790852333, -3.8004882629004757], [-2.3759008056750255, -2.2618624899739737, -2.267552496288117], [-2.259362216309508, -3.2182790921603983, -1.699703793444181]], [[0.2949264778599181, -0.4476987020660442, 0.018245327790412633], [0.37368732579537783, -0.3731439603893912, 0.01999928008487206], [0.33035000129773356, -0.4707939190220304, 0.014220367227147413]], [[-0.4513333531235078, -0.09895971028076962, -0.40788364716436065], [-0.29239045150044607, 0.21306973086367176, -0.4777976009698472], [-0.07950860415669099, 0.272001766913973, -0.5352288198883447]], [[-0.11646497730448421, 0.1491000357768062, 0.4545918222320221], [-0.5456076753054049, -0.024078334718786308, 0.5422272935895762], [-0.762196882965469, -0.38739437098277485, 0.506079838557492]]]" pbc="F F F"
C        0.00000000       0.00000000       0.00000000
C        1.56720000       0.00000000       0.00000000
H       -0.52078843       0.95765779       0.00000000
H        2.08275094      -0.53567916      -0.79578753
C       -0.87048002      -1.22379842      -0.00000000
H        2.44074070       0.67816766       1.00746381
H       -0.28391531      -2.13887145      -0.00000000
H       -1.52145135      -1.23484856      -0.87564365
H       -1.52139133      -1.23471640       0.87568993
9
Properties=species:S:1:pos:R:3 REF_energy="_JSON [[-3193.570512761909, -3190.581577657735, -3189.790540216982]]" REF_forces="_JSON [[[-1.5070870644727565, -0.7014414849764804, 0.17281221704488745], [-1.1983235618840997, -0.4638062608285172, 0.3874878002688972], [-2.5853085293187203, 0.0652745992985256, 0.734424602046025]], [[3.923670070372348, -1.0747414593629874, 3.0201088635745506], [3.5675515351688896, -1.3522540295660097, 2.790687275608945], [4.295782959079034, -0.9956344394458695, 2.3560029286037407]], [[-0.2880543053858927, 0.4833952242685631, -1.5494539998380756], [-0.7555179257232795, 0.6643907509386078, 0.4220273271489689], [-0.6925772476209435, 0.6719550434376026, 2.4070470686237377]], [[0.8663428385724294, 1.6273689572786791, 0.49852328651837746], [0.871240189813819, -0.185787141343854, -0.2659472967044122], [1.2196718068643058, -2.18180051865792, -0.8981473574973747]], [[-0.007138203952041565, 0.20051243507516106, 1.7728315385583706], [0.09879382629655212, 0.08711449715214237, -0.3841351857224721], [-0.005478687887360056, 0.03353013190188702, -2.4520247774586226]], [[-2.6684077242336026, -0.12002545386481565, -3.881534706865494], [-2.185518816024085, 1.391890210135861, -2.957686721428503], [-1.844034055084462, 2.789310165001254, -2.2093009327906055]], [[0.3420433562356078, -0.38532057044195167, 0.0005276964628283719], [0.4027836153349261, -0.3040336396054611, -0.007888974496280758], [0.36270476575863975, -0.37317690844722207, -0.012191381387466338]], [[-0.08524610214133718, 0.22193904054004476, -0.43427318727914793], [-0.4642317108542185, 0.0237784819155911, -0.46975555900920707], [-0.7229228811897708, -0.329009751042772, -0.44984306343546016]], [[-0.5761228649935518, -0.25168668851659426, 0.4004582918247685], [-0.33677715213215337, 0.1387071312008064, 0.4852113343333575], [-0.02783813059925864, 0.3195516779548161, 0.524032913295524]]]" pbc="F F F"
C        0.00000000       0.00000000       0.00000000
C        1.35709185       0.00000000       0.00000000
H       -0.52078843       0.95765779       0.00000000
H        1.87264279       0.29022163      -0.91433110
C       -0.87048002      -1.22379842      -0.00000000
H        2.23063255      -0.36741942       1.15753949
H       -0.28391531      -2.13887145      -0.00000000
H       -1.52145135      -1.23484856      -0.87564365
H       -1.52139133      -1.23471640       0.87568993
9
Properties=species:S:1:pos:R:3 REF_energy="_JSON [[-3192.252326010765, -3183.878895719371, -3176.5265364973984]]" REF_forces="_JSON [[[-34.223429177507114, 1.1504513332470352, 0.14229108802672408], [-34.2236226075726, -1.2163953678025483, -0.05143264476449089], [-13.520004991351867, -2.3473927063740314, 0.6678554122635911]], [[37.329135876231206, 2.786570975910041, 0.021258303674158124], [36.550672310689315, -0.24640131423206957, 0.4396622284181141], [10.145508303872438, -11.28119590667186, -2.9678645604099256]], [[-0.8720338303016572, 0.22575657426652038, 0.12180471220411435], [-1.6359362515244877, 1.8952383032435705, -1.2929339241971027], [-2.8803296234827247, 5.053537832204567, -2.142028909548931]], [[1.1881238773716538, 0.06771532549507873, 0.20454900619984873], [1.3401646529045421, -0.15583235202887175, -1.4525578773186278], [3.668501309762989, 0.14688166905739916, -1.5478281077250715]], [[-0.46095447411027807, 0.27029458152002794, -0.14247665226696682], [-0.936815534225271, -0.0640730970843879, 1.5928940862541845], [-4.0734714853492076, -2.0827931294021256, 2.7563805015378815]], [[-2.820970549810556, -4.064343893761855, -0.3768874027589472], [-0.6776191363753701, -0.2824855251041079, 0.9231489424580221], [6.495844831118051, 9.961396764553143, 3.304680399355572]], [[0.4064675395248231, -0.4103301771016237, 0.0072522388672009086], [0.4683403127359382, -0.26591108624617976, 0.07638592562486869], [0.4644131159178804, 0.08020870264362177, 0.07181227541036987]], [[-0.28373964436307864, -0.02005228214567225, -0.3714400227752593], [-0.3051802030994159, 0.4749793726602272, -0.604544741427689], [0.2294754088937459, 0.7580739022430824, -0.6310313056001968]], [[-0.2625996170355553, -0.006062437429882234, 0.393648728829841], [-0.5800035435325668, -0.13911893340850895, 0.3693780049523665], [-0.5299368693771122, -0.288717128252167, 0.4880242947161263]]]" pbc="F F F"
C        0.00000000       0.00000000       0.00000000
C        1.07690066       0.00000000       0.00000000
H       -0.52078843       0.95765779       0.00000000
H        1.59245160      -0.95596139      -0.07979831
C       -0.87048002      -1.22379842      -0.00000000
H        1.95044136       1.21024328       0.10102434
H       -0.28391531      -2.13887145      -0.00000000
H       -1.52145135      -1.23484856      -0.87564365
H       -1.52139133      -1.23471640       0.87568993
9
Properties=species:S:1:pos:R:3 REF_energy="_JSON [[-3192.594406603096, -3188.9261261853585, -3187.1605700980535]]" REF_forces="_JSON [[[-15.817501468418525, -1.0095370010335973, 0.35796112717896156], [-15.810384020428287, -0.28022269963054064, 0.6384972016783891], [-17.55548660506995, 0.1110807362200364, 1.3828254382022729]], [[18.349393960556338, -1.1727756360011972, 2.3605038769268414], [18.051339505974642, -1.6034854190921313, 1.9653239097922295], [19.70167532024637, -1.3643456158420462, 1.2150111848391547]], [[-0.629422703496288, 0.516435947660667, -1.9478021884924959], [-1.1416478526867695, 0.7205997883509238, 0.6831911010504009], [-1.5940408602705907, 0.9157012942846005, 3.3420848214274512]], [[1.259861821161381, 1.9022148155930034, 0.9333338748249372], [1.3902506684838822, -0.32957156935467186, -0.34829083328825117], [1.736739455673927, -2.8356006018794315, -1.5259474537458815]], [[-0.5202141490574352, 0.10137780917557829, 2.117737483579522], [-0.5319158171487978, -0.13128324449122306, -0.6618874681150889], [-0.6107720814602839, -0.2445099824445457, -3.433799752417441]], [[-2.381306686963247, 0.04867058384798773, -3.7970562973722055], [-1.6282910444812526, 1.8234290399561877, -2.298721187769194], [-1.2804914916271963, 3.623253517196246, -1.0100206939112606]], [[0.3879255318442391, -0.34581321766226386, 0.00960892902755423], [0.4158218292967797, -0.27497030705935005, -0.0121562583349423], [0.4173189730785146, -0.2954403784691718, -0.0384324506786727]], [[-0.03928818770538605, 0.2634104811286544, -0.4218540107054476], [-0.47229425283827703, -0.07751669805662446, -0.4568625102101646], [-0.8861231628591472, -0.44295539241216436, -0.4534754887154775]], [[-0.6094481179203194, -0.3039837827101654, 0.3875672050321413], [-0.27287901617245974, 0.15302110937857352, 0.49090604519812725], [0.07118045228671686, 0.5328164233452524, 0.5217543949999771]]]" pbc="F F F"
C        0.00000000       0.00000000       0.00000000
C        1.18433420       0.00000000       0.00000000
H       -0.52078843       0.95765779       0.00000000
H        1.69988514       0.40761943      -0.86837570
C       -0.87048002      -1.22379842      -0.00000000
H        2.05787490      -0.51604456       1.09936014
H       -0.28391531      -2.13887145      -0.00000000
H       -1.52145135      -1.23484856      -0.87564365
H       -1.52139133      -1.23471640       0.87568993
9
Properties=species:S:1:pos:R:3 REF_energy="_JSON [[-3195.051735716076, -3189.957405334133, -3187.089144835675]]" REF_forces="_JSON [[[2.0955840091007953, 0.5905743672709791, 0.35163152965137945], [-0.4878364388341221, -0.8176413291965327, -0.00039772340436318123], [-5.255181514660246, -0.288344920895622, -0.05694422534405387]], [[0.45769113785488136, 2.5765689661111564, 2.1351110164355624], [2.213299979684195, 2.5297202068029265, 1.028194497890976], [7.017501118466364, 1.9225632998720006, 1.8810079941190234]], [[-0.2330647139298773, 0.3498016455193208, 1.1252779141683957], [-0.4942230457856381, 0.6638504860197029, -0.6943052688647516], [-0.6033538943133144, 0.6326632213878772, -2.7991352731997807]], [[0.6336469368633019, -0.890435579514702, 0.8382870174722205], [0.6774021621046357, 0.16790369400659041, -0.450622428670254], [1.1360407257363194, 1.8567127486217676, -2.168476499832595]], [[0.2975442530066543, 0.16945200861501006, -1.1887278031115724], [0.32512424025079356, 0.2738878891321653, 0.9613146404418107], [0.33867678260326056, 0.37061070766677456, 3.2531435612519783]], [[-3.0432110152435694, -2.3973657693182937, -3.328062332814778], [-1.7320090483137285, -2.5688275870282844, -0.9500335314188744], [-1.9993450065151372, -3.975267764617016, -0.1445587019730546]], [[0.3247821152079985, -0.43738426650919787, 0.017728994214853182], [0.3708403110128182, -0.3587762427629294, 0.027909831442118296], [0.36927445872564785, -0.4017348621376158, 0.041560973143697985]], [[-0.4316230375319998, -0.10968126873353908, -0.38094815728943976], [-0.24469585766064578, 0.24228719512918015, -0.4689269371992674], [-0.009889122521548381, 0.4510299732811868, -0.5434404048434379]], [[-0.1013496853267786, 0.14846989655807202, 0.42970182127358014], [-0.6279023024591072, -0.13240431210234396, 0.54686691978262], [-0.9937235475190678, -0.5682324031794983, 0.5368425766786714]]]" pbc="F F F"
C        0.00000000       0.00000000       0.00000000
C        1.39848951       0.00000000       0.00000000
H       -0.52078843       0.95765779       0.00000000
H        1.91404045      -0.71072656      -0.64428077
C       -0.87048002      -1.22379842      -0.00000000
H        2.27203021       0.89977697       0.81565686
H       -0.28391531      -2.13887145      -0.00000000
H       -1.52145135      -1.23484856      -0.87564365
H       -1.52139133      -1.23471640       0.87568993
9
Properties=species:S:1:pos:R:3 REF_energy="_JSON [[-3195.524687020467, -3189.2373245756908, -3184.996019443978]]" REF_forces="_JSON [[[4.9157178036124085, -0.9645200105653852, 0.011306603355988222], [-0.4930373896801198, -0.27572877109022886, 0.4324046079351246], [-10.680312576030312, -1.5304112078349137, 0.6802795269162505]], [[-2.341983763688832, -3.4872686898232774, 0.8806364665987509], [0.9206957802299788, -2.1227656531323036, -2.1568388971423076], [13.830257302775784, -4.733608563103586, 1.2520854878372125]], [[0.12226742248011495, 0.43558462668206605, -0.32614445666118064], [-0.6016340314547868, 0.6294440363510452, 0.9430006171851052], [0.2212255910427753, 0.3708352853362316, 2.4360677586783104]], [[0.42989532684786647, 0.17268974194565484, 0.3604389134544994], [0.07975855631192227, 0.3667559308993657, 0.18778497002295172], [0.8535857758405959, -0.8080107354796109, -2.3028817300856215]], [[0.3109836691884539, 0.3584668907489998, 0.4109597774791685], [1.0687916380155733, 0.45479334737301075, -0.4762114499407561], [1.2872392093602296, 1.4675888748063046, -2.4331742017007043]], [[-3.208260174207797, 3.8816002315627043, -1.307572157284388], [-0.6016549486468854, 1.0306447176625633, 1.1409672428259203], [-4.437772043123769, 6.29315631790326, 0.4030835293689942]], [[0.3465452612969493, -0.4073822301507895, -0.009072464174368152], [0.43342459545356826, -0.37898695107324304, -0.03614072201292915], [0.3427084375913658, -0.5402928173134867, -0.0657659427825232]], [[-0.2338291087468207, 0.04961995835929874, -0.41123421211715705], [-0.44894246765092716, 0.02810783735038633, -0.484058160870081], [-1.0772171362111602, -0.6204249046088596, -0.6233009236043611]], [[-0.34133643678236586, -0.03879051876068614, 0.3906815293486456], [-0.35740173257750285, 0.2677355056597761, 0.4490917919973208], [-0.3397145612456543, 0.10116775029705413, 0.6536064953720909]]]" pbc="F F F"
C        0.00000000       0.00000000       0.00000000
C        1.45965519       0.00000000       0.00000000
H       -0.52078843       0.95765779       0.00000000
H        1.97520613       0.92669808      -0.24791255
C       -0.87048002      -1.22379842      -0.00000000
H        2.33319589      -1.17319603       0.31385629
H       -0.28391531      -2.13887145      -0.00000000
H       -1.52145135      -1.23484856      -0.87564365
H       -1.52139133      -1.23471640       0.87568993
9
Properties=species:S:1:pos:R:3 REF_energy="_JSON [[-3192.2901258913193, -3190.015734028532, -3189.772340969895]]" REF_forces="_JSON [[[-10.268112871917761, 0.3563759314104245, 0.8079253311647729], [-8.77826101159332, -0.2926562556247072, 0.3296285466683243], [-9.228097868245165, -0.7723874865533014, 0.420548156701851]], [[12.53748279745041, 0.2857873853724679, 2.3495077922087786], [10.718921881496026, 0.4908722731931182, 2.690673074648214], [11.954682404640673, 0.3692471690382651, 2.927197287357029]], [[-0.7930994560338599, 0.5061583989753069, 1.4079810458164932], [-0.7923988625453262, 0.6511472870369575, -0.13868723274777206], [-1.0952979506995941, 0.7812298337958861, -1.7253688530281441]], [[1.2614710245932352, -1.4363181828381353, 0.19753808397055891], [1.3545906458787926, 0.12513181158049402, -0.21054976149577762], [1.313237928385732, 1.7273908557000408, -0.44496114608203474]], [[-0.2365230322723494, 0.04531253250525713, -1.4002849598606677], [-0.3951628695964946, -0.05782826974279018, 0.23740251265764922], [-0.4371073930998453, -0.07473670982860917, 1.8131339708896628]], [[-2.219723023805643, 0.6522309489799719, -3.4090743242308106], [-1.761757018578821, -0.5982932765633662, -2.9575195309805156], [-2.084696674610657, -1.8543141175612265, -3.013869515153761]], [[0.35998597231670587, -0.3892081048065804, 0.00422647274907872], [0.37894974469915155, -0.31901832122435003, 0.016255185407798006], [0.411630691440012, -0.2856005212537306, 0.02322586293964625]], [[-0.5171761826205571, -0.17552672209765904, -0.39665380390324084], [-0.3252469955654713, 0.055805240601635706, -0.4606418280742281], [-0.15983087186237852, 0.3187220711728695, -0.4685766389997756]], [[-0.12430522771151802, 0.15518781249647512, 0.4388343620864811], [-0.3996355141932276, -0.05516048925907389, 0.4934390339156549], [-0.674520265952305, -0.20955109450898865, 0.4686708753749767]]]" pbc="F F F"
C        0.00000000       0.00000000       0.00000000
C        1.24515901       0.00000000       0.00000000
H       -0.52078843       0.95765779       0.00000000
H        1.76070995      -0.12399081      -0.95123932
C       -0.87048002      -1.22379842      -0.00000000
H        2.11869971       0.15697186       1.20426514
H       -0.28391531      -2.13887145      -0.00000000
H       -1.52145135      -1.23484856      -0.87564365
H       -1.52139133      -1.23471640       0.87568993
9
Properties=species:S:1:pos:R:3 REF_energy="_JSON [[-3191.3811344392248, -3189.408341334007, -3189.239071818787]]" REF_forces="_JSON [[[-16.014418547755934, -0.3382001364182082, 0.6863163682017588], [-14.289184455396393, 0.2024052270816669, 0.390386284091284], [-14.574358545647213, -0.6772856144161314, 0.9427146182775473]], [[18.242543692786523, -0.1865115031399014, 2.1097121465653936], [13.980358508477632, 0.11745301485462957, 1.8129217071929304], [19.79671514399399, -0.5288545576037472, 3.5468005563364278]], [[-0.8913094254292814, 0.6058318300125825, -0.662413557739088], [-0.1986384171786081, 0.49505267958769594, 0.4520970117588616], [-2.0860806402356045, 0.9518279350838806, 0.5017369829571529]], [[1.4582065976518073, 0.7444263222992585, 0.10411134963716616], [2.1339735004424387, -0.3373093291287604, -0.2858922046587442], [0.7800052171811509, -0.553839448112218, -0.22302821708094245]], [[-0.5263050581941298, 0.018321167762323693, 0.8088013369915468], [-0.6712861232236708, -0.15991040859987707, -0.234916666976125], [-0.4322602903832162, -0.13895180298307164, -0.7692571529441508]], [[-1.9698241486812662, -0.43251219441357186, -3.053421707201502], [-0.7962968328025518, 0.3409503041351765, -2.185935806266381], [-2.941094861936891, 0.724289417644931, -4.037811658405109]], [[0.3763089784004758, -0.3633489051564125, 0.00949202554684758], [0.3113010135523247, -0.3732758271681256, 0.007921788416071567], [0.5048879274490988, -0.20530003083949147, 0.005715771611221023]], [[-0.23085981635748584, 0.10235563675445701, -0.41887579326904245], [-0.2738813915784042, -0.15801135182661982, -0.45687292496668797], [-0.6248559214177831, 0.10930727678255711, -0.44392601862827774]], [[-0.44434227241784696, -0.15036221770223546, 0.41627783126731144], [-0.19634580229451676, -0.1273543089344481, 0.5002908114101613], [-0.4229580290037238, 0.3188068244465849, 0.4770551178769877]]]" pbc="F F F"
C        0.00000000       0.00000000       0.00000000
C        1.19405475       0.00000000       0.00000000
H       -0.52078843       0.95765779       0.00000000
H        1.70960569       0.04581302      -0.95819159
C       -0.87048002      -1.22379842      -0.00000000
H        2.06759545      -0.05799910       1.21306670
H       -0.28391531      -2.13887145      -0.00000000
H       -1.52145135      -1.23484856      -0.87564365
H       -1.52139133      -1.23471640       0.87568993
9
Properties=species:S:1:pos:R:3 REF_energy="_JSON [[-3195.1509261161846, -3189.332501568474, -3185.75978862691]]" REF_forces="_JSON [[[5.89072846169813, 0.4289855865808524, 0.10546526041527433], [0.929586466701397, -1.3054058458823896, -0.10935508315697413], [-7.3988759786072, 0.7260427222357942, -0.14300234397613246]], [[-3.392891541814564, 3.4757527078171817, 1.1366508651469982], [-0.05855738606468205, 2.4034343578407684, -1.1353968800257466], [9.965423015465548, 3.5216468661035902, 2.1010069025723257]], [[0.010480010337979713, 0.36342265904499915, 0.46028512866899357], [-0.1195168890486891, 0.6657841179140731, -0.39765460972521105], [-0.15496539737206957, 0.2561763658934354, -2.064631510644249]], [[0.4061634775458412, -0.3132946102422153, 0.42760673317510944], [0.13097902688680607, -0.3626560136127883, 0.01579527221148283], [0.721091633687747, 0.758253961639795, -2.164304109162018]], [[0.5444188713578031, 0.22447555957457868, -0.4707608966708393], [0.8323573350500235, 0.5291111763611767, 0.8409761708442295], [1.5062261417986862, 1.016819259433935, 2.321456294848718]], [[-3.2436634067484253, -3.7791642487955195, -1.7037085609958216], [-1.1388593015151656, -1.71159670630297, 0.6393796706720956], [-3.830694617006375, -5.3878419395511274, -0.10852503251859988]], [[0.3023580700309358, -0.45894753223414153, 0.01322099292160851], [0.352653544292403, -0.40441784842691986, 0.0012149506329246504], [0.3631206459214972, -0.5660393075906577, 0.05620877967588615]], [[-0.31961159536945244, -0.010356731681287902, -0.39998977615123793], [-0.23996136482567013, 0.25804048023209597, -0.45395747059075536], [-0.2291089328702514, 0.20821826131787824, -0.5949678858935232]], [[-0.19798234703918113, 0.06912660993368595, 0.43123025348993077], [-0.6886814314807688, -0.07229371812396969, 0.5989979791378385], [-0.9422165110157789, -0.533276189481527, 0.5967589050968926]]]" pbc="F F F"
C        0.00000000       0.00000000       0.00000000
C        1.50866005       0.00000000       0.00000000
H       -0.52078843       0.95765779       0.00000000
H        2.02421099      -0.90261575      -0.32483036
C       -0.87048002      -1.22379842      -0.00000000
H        2.38220075       1.14270791       0.41123393
H       -0.28391531      -2.13887145      -0.00000000
H       -1.52145135      -1.23484856      -0.87564365
H       -1.52139133      -1.23471640       0.87568993
9
Properties=species:S:1:pos:R:3 REF_energy="_JSON [[-3195.0543164439264, -3189.856958040104, -3186.9584722225063]]" REF_forces="_JSON [[[4.207410629615861, -0.8977277375493528, 0.03355686424627287], [0.7654985921738717, -0.36807240939373326, 0.31833614932449783], [-4.4302757158852035, -0.5931174910972198, 0.8867150099390889]], [[-1.6517447600791508, -2.86842003324623, 2.1384643329607185], [0.6846176056498918, -2.974042877447987, 0.4753107169501143], [6.277989932547012, -2.5927205385318213, 1.429063933144278]], [[0.06424015715368762, 0.4521347000609556, -0.8937730878878932], [-0.4946347364464664, 0.6471486944170831, 0.9172096409671646], [-0.39898466408444216, 0.602218134208319, 2.709416814413368]], [[0.49616514946156903, 0.672364907773975, 0.7493990340453182], [0.45748268812873943, -0.025984937572522557, -0.357279401621562], [0.9115807179510258, -1.5020429271628004, -2.0923865303996725]], [[0.2512100030448898, 0.29556253677414945, 1.0421281587444444], [0.6728103048866294, 0.35155023602237134, -0.6812909455397639], [0.6669285679334666, 0.5695922244397265, -2.7333960273147686]], [[-3.1181203208927255, 2.7375055182427817, -3.0275328127961285], [-1.6849168026091568, 2.565920753966754, -0.6236417111456897], [-2.3706480187249985, 4.073465282896536, -0.1951801085215029]], [[0.3399710413561024, -0.39938142927432474, -0.009750508242513231], [0.40459102761409055, -0.3638706027877228, -0.04093291699969194], [0.3617095338812932, -0.4286467640669936, -0.04716461367719302]], [[-0.15040544995162133, 0.12908050620882408, -0.421361471903768], [-0.5109090293847651, -0.04379975954563738, -0.4907882966478894], [-0.9127795098950421, -0.45876074504577335, -0.529309309991555]], [[-0.43872644970525493, -0.1211189689899021, 0.38886949083445443], [-0.29453965001071675, 0.2111509023396468, 0.48307676471277194], [-0.10552084372319408, 0.33001282435754137, 0.5722408324094017]]]" pbc="F F F"
C        0.00000000       0.00000000       0.00000000
C        1.45413144       0.00000000       0.00000000
H       -0.52078843       0.95765779       0.00000000
H        1.96968238       0.76045674      -0.58475252
C       -0.87048002      -1.22379842      -0.00000000
H        2.32767214      -0.96273517       0.74029433
H       -0.28391531      -2.13887145      -0.00000000
H       -1.52145135      -1.23484856      -0.87564365
H       -1.52139133      -1.23471640       0.87568993
9
Properties=species:S:1:pos:R:3 REF_energy="_JSON [[-3191.972552145355, -3187.836979303065, -3185.5212919850746]]" REF_forces="_JSON [[[-22.493193159461576, 0.8961248391268496, 0.9090360552877257], [-22.464482527865883, -0.4197646317866469, 0.4270074934696755], [-23.94785797980512, -0.9659024319200583, 0.5261772573357698]], [[25.056701103140288, 1.358653328424453, 1.9089261802377275], [24.79203334946785, 1.6846146278770568, 1.7309249446371038], [26.080985943217186, 1.0448747790859536, 1.0434876563218223]], [[-0.9566466396079958, 0.43495034030937896, 1.9607800386073695], [-1.2418335541985446, 0.7873715352187389, -0.6877562748093982], [-1.6638256575682597, 1.1496793703019268, -3.4782990586746574]], [[1.3658893357589825, -1.8578706851931939, 1.0297685603399058], [1.5481630737788488, 0.3935219389625325, -0.4340750054502465], [2.0103290154052065, 2.95460283351428, -1.7932207206279176]], [[-0.43182109784861455, 0.0063192682166117705, -2.051344448940807], [-0.7696508549105496, -0.14773401936391697, 0.8158247761675123], [-1.1024194816235715, -0.2985082370981348, 3.779489271170899]], [[-2.3544319383837853, -0.46368609605138983, -3.8165771701789684], [-1.5015251345815774, -2.054323562726867, -1.9441060049243801], [-0.904960761641196, -3.6468410868116425, -0.14140548053601454]], [[0.38554410871788863, -0.3785375571547124, 0.00790342558174827], [0.41325746455728335, -0.2844481266956044, 0.03923944321073595], [0.43085789245443024, -0.2639459980710823, 0.061843527484780135]], [[-0.5670252172756384, -0.24975735450830264, -0.3722828134938711], [-0.2524985612420024, 0.18632927222122656, -0.4543780695758511], [0.08517022777496648, 0.59903157945008, -0.49901752613920664]], [[-0.005016495044524517, 0.25380391682999603, 0.4237901725591505], [-0.5234632550067363, -0.14556703370796092, 0.5073186972749903], [-0.9882791982149997, -0.5729908084464583, 0.5009450736637744]]]" pbc="F F F"
C        0.00000000       0.00000000       0.00000000
C        1.13906005       0.00000000       0.00000000
H       -0.52078843       0.95765779       0.00000000
H        1.65461099      -0.47955584      -0.83081656
C       -0.87048002      -1.22379842      -0.00000000
H        2.01260075       0.60711577       1.05181042
H       -0.28391531      -2.13887145      -0.00000000
H       -1.52145135      -1.23484856      -0.87564365
H       -1.52139133      -1.23471640       0.87568993
9
Properties=species:S:1:pos:R:3 REF_energy="_JSON [[-3192.9357987473604, -3184.701262445196, -3177.4381377935265]]" REF_forces="_JSON [[[-29.70939338496626, -1.4087572526380399, 0.12910507365705218], [-30.646129442639854, -0.6904425626881995, 0.8189323824999112], [-22.960397746177534, -0.9804271693011515, 3.0081898563686402]], [[32.81340687389186, -2.5363130564812657, 0.40571438473774246], [31.873974833286642, -0.29862324958612096, -0.8095316149973519], [20.60399285181797, 5.424448648377691, -6.480453067768906]], [[-0.5617384750443521, 0.2410247536928184, -0.35461489352966596], [-2.0859121775083818, 1.236375568056701, 1.208107787870623], [-2.6294059139701935, 2.05120003945838, 4.940053765199904]], [[1.1130108065369972, -0.10957666799097485, 0.4607622591900539], [1.0710397420713422, 0.12690607160852307, -1.0166094277368054], [3.1104582798695097, -0.8288113049599264, -2.7641396171489045]], [[-0.6187018031416239, 0.3422784531103351, 0.4033731317134458], [-0.3933966590892547, -0.4747629129828889, -1.6227256861153587], [-2.6066746953405517, -1.852647827762754, -4.55490918409148]], [[-2.882942603758947, 3.8933624644065836, -1.02144173222875], [0.3501831750121985, -0.13020350305557973, 1.1409948102326641], [4.315936363204989, -3.6810489763988565, 5.893692508208991]], [[0.4490919248927753, -0.35953055173680293, -0.0032432371092086286], [0.6205459205978958, -0.25456704014448417, 0.02252019543115192], [0.5073443216883937, -0.2551276862765923, -0.07195900195131331]], [[-0.2503898970655627, 0.009787811333187036, -0.3845361412653265], [-0.5203099352417853, -0.0493430981432422, -0.310607414868728], [-0.731570345787956, -0.7919893407434682, -0.464732706791977]], [[-0.3523434413429634, -0.07227595369321266, 0.36488115483510075], [-0.26999545648711115, 0.53466072693577, 0.5689189676833619], [0.390316884698621, 0.9144036176086233, 0.4942574479748104]]]" pbc="F F F"
C        0.00000000       0.00000000       0.00000000
C        1.09766037       0.00000000       0.00000000
H       -0.52078843       0.95765779       0.00000000
H        1.61321131       0.94168698      -0.18290867
C       -0.87048002      -1.22379842      -0.00000000
H        1.97120107      -1.19217193       0.23156165
H       -0.28391531      -2.13887145      -0.00000000
H       -1.52145135      -1.23484856      -0.87564365
H       -1.52139133      -1.23471640       0.87568993
9
Properties=species:S:1:pos:R:3 REF_energy="_JSON [[-3193.207441306399, -3190.62145920932, -3190.2056450127343]]" REF_forces="_JSON [[[-2.628592111809908, 0.3841564943842862, 0.619069335214007], [-1.6630677073186115, -0.6515452267199553, 0.309624877240392], [-2.2512838263354755, -0.49542309158778125, 0.05844172727350243]], [[4.957940849130674, 0.5806602703270052, 2.8211527184966187], [4.429458634610399, 0.7620358733396768, 3.1274783008218425], [3.743447643692871, 0.5623424989284587, 2.763936610107637]], [[-0.4972678443106029, 0.43058096457935746, 1.460315833023856], [-0.8592820764005831, 0.6715294281700964, -0.27313905969460217], [-0.4591019161799205, 0.6928341877113066, -1.8099677328145811]], [[0.9479592182898977, -1.4881099984321642, 0.27237592360800794], [0.8492029140294525, 0.19770392466464234, -0.24617070952673026], [1.3058907134223925, 1.8374512438649862, -0.5839478393511964]], [[0.08913018244279895, 0.1263268582475737, -1.4706474494097928], [0.06912357597293112, 0.08452185048237815, 0.30171514217090817], [-0.22271611697926236, 0.015743013264948886, 2.0998350349474166]], [[-2.5748582413920564, 0.38796365664674515, -3.7578639984670916], [-2.3844253401583484, -0.9919805779772818, -3.284725766272162], [-1.7355863810958345, -2.1355635386281633, -2.51987516510851]], [[0.3355507502544059, -0.41247026984371526, 0.00792408769333143], [0.41071294206843095, -0.285855998042872, 0.019488471080843294], [0.34380387567950144, -0.37845394945118893, 0.015059589219858985]], [[-0.5223679080635492, -0.17510411416398952, -0.39733939585091077], [-0.36924588577962586, 0.1706900820430288, -0.45449581147967516], [-0.06486384937245335, 0.25707081680508265, -0.4943881209163525]], [[-0.10749489453861165, 0.165996138255595, 0.4450129456924553], [-0.4824770570241675, 0.0429006440387847, 0.5002245556592474], [-0.6595901428329183, -0.3560011809079779, 0.4709058966420957]]]" pbc="F F F"
C        0.00000000       0.00000000       0.00000000
C        1.34669993       0.00000000       0.00000000
H       -0.52078843       0.95765779       0.00000000
H        1.86225087      -0.19151668      -0.93997411
C       -0.87048002      -1.22379842      -0.00000000
H        2.22024063       0.24245934       1.19000343
H       -0.28391531      -2.13887145      -0.00000000
H       -1.52145135      -1.23484856      -0.87564365
H       -1.52139133      -1.23471640       0.87568993
9
Properties=species:S:1:pos:R:3 REF_energy="_JSON [[-3194.1187941625726, -3189.9588570615774, -3188.231605353923]]" REF_forces="_JSON [[[5.5761617741724026, -0.7862097709516874, 0.014663157787727548], [3.060413844664468, -0.5191446939725308, 0.13365310276507916], [-0.24865423715592444, -0.3732622938421691, 0.7036952039298926]], [[-3.131940729485843, -2.480342287659891, 2.8254360404433116], [-1.3463355491780533, -2.7493004179426546, 1.8206409130401884], [1.9335497280746712, -2.107831144140518, 2.2239149769618747]], [[0.15071038527001893, 0.49147462119577123, -0.9931639013701263], [-0.2852376207681131, 0.6611107630742105, 0.6666528162192068], [-0.1647806409541603, 0.6196135720718781, 2.198919239576541]], [[0.40497973097415413, 0.9357944469536472, 0.6155787622029216], [0.3784831387420829, -0.019308239758536547, -0.3643389903297969], [0.7085927520218559, -1.5465310491203474, -1.5556392154922196]], [[0.42799372595052254, 0.2789390377813356, 1.1691728643127501], [0.7645361671666269, 0.3505320574510144, -0.43992498504392263], [0.7079487442879447, 0.42006068576190486, -2.31281943791611]], [[-3.1380831354481655, 1.9499603882466992, -3.5894439671416], [-2.1712924171095063, 2.4692998002610373, -1.7683556999555097], [-2.3883439596899922, 3.527982571837791, -1.3021671882255699]], [[0.3169372220991378, -0.40888860624226187, -0.010140059469056259], [0.3955963579138912, -0.37421612602296994, -0.03282239650651723], [0.33723949677471093, -0.4550984184083398, -0.01933754195927416]], [[-0.13815852019646938, 0.15195952546208202, -0.4372814081543497], [-0.4802045528411983, 0.020895407513309372, -0.5023357003226399], [-0.7794672841294986, -0.35708711969768253, -0.5014063948763534]], [[-0.46860045333733674, -0.13268735478490956, 0.4051785113895918], [-0.31595936858921875, 0.16013144939689877, 0.4868309401334885], [-0.10608459923108164, 0.2721531955352424, 0.5648403580012338]]]" pbc="F F F"
C        0.00000000       0.00000000       0.00000000
C        1.54994442       0.00000000       0.00000000
H       -0.52078843       0.95765779       0.00000000
H        2.06549536       0.61917221      -0.73270440
C       -0.87048002      -1.22379842      -0.00000000
H        2.42348512      -0.78386952       0.92760082
H       -0.28391531      -2.13887145      -0.00000000
H       -1.52145135      -1.23484856      -0.87564365
H       -1.52139133      -1.23471640       0.87568993
9
Properties=species:S:1:pos:R:3 REF_energy="_JSON [[-3195.529316221457, -3189.0908334395976, -3184.4318542130645]]" REF_forces="_JSON [[[-2.768639874207996, 0.7830942655730321, 0.2863595317757379], [-6.087116464612909, -1.172297851394421, 0.17210887046036497], [-12.585892530740907, 0.11978224422909427, 0.02421801950342711]], [[5.461260602778241, 2.9258384332045027, 1.3218922453446476], [7.5276104061574145, 1.9807989614617139, -0.6694649998856699], [14.350063668077855, 2.0421682762699684, 0.7393424322461256]], [[-0.3607881545621546, 0.2979806747473889, 0.8328142766937557], [-0.7360174554907245, 0.8308002036532819, -0.8465200808005713], [-0.9731892123893431, 0.6284378128609485, -3.5288039597335037]], [[0.7489789215898192, -0.4645385391767221, 0.7943888460995545], [0.6786513855938814, 0.05194742592560657, -0.45098598488004116], [1.5683517768295125, 1.6310043609758507, -2.984474635721299]], [[0.12329820974487302, 0.19970212222343248, -0.8815872194566245], [0.20389979526027752, 0.32156812912510796, 1.1408789515477427], [0.1944451960372884, 0.4041743094354669, 4.064000627353319]], [[-3.0334970526826535, -3.3248799324452314, -2.4123236697815282], [-1.004266632746837, -1.8506757094619903, 0.5194407097420182], [-1.7796699977088632, -4.234292648948631, 1.5820461441855278]], [[0.3417677073060738, -0.43797923036229297, 0.015267444928571945], [0.3734557228754177, -0.335299324084609, 0.02936571875838788], [0.3968516908247358, -0.37193052784111863, 0.07432111793108705]], [[-0.37318014264071725, -0.08322758510329342, -0.3698520267157541], [-0.2375097717165713, 0.3142679161634017, -0.45965995857124864], [0.04250872893138945, 0.584344904440005, -0.5732780674839193]], [[-0.13920021732570378, 0.10400979133752343, 0.4130405711114322], [-0.7187069853191396, -0.14110975139023663, 0.564836773628855], [-1.2134693198605866, -0.8036887314204567, 0.6026283217186945]]]" pbc="F F F"
C        0.00000000       0.00000000       0.00000000
C        1.30160158       0.00000000       0.00000000
H       -0.52078843       0.95765779       0.00000000
H        1.81715252      -0.85186377      -0.44108738
C       -0.87048002      -1.22379842      -0.00000000
H        2.17514228       1.07845610       0.55841485
H       -0.28391531      -2.13887145      -0.00000000
H       -1.52145135      -1.23484856      -0.87564365
H       -1.52139133      -1.23471640       0.87568993
9
Properties=species:S:1:pos:R:3 REF_energy="_JSON [[-3194.445201268667, -3190.0754388027212, -3187.813817515509]]" REF_forces="_JSON [[[-2.9274161129371428, -0.9251667225532105, 0.1492870364704073], [-4.084751229339255, -0.3312474327807703, 0.4855379511984539], [-7.294123844522076, -0.08771717635131047, 1.0912040043835605]], [[5.504753082076252, -1.8998987692024087, 2.5637271345182944], [6.115033651248738, -2.2874235030197614, 1.6644806884868057], [9.032789981208264, -1.7633019885534917, 1.3528565302959237]], [[-0.2563670788589812, 0.45467172951101126, -1.506689923005317], [-0.8348474033320367, 0.6819400736672204, 0.8186369421634864], [-1.0255392271616153, 0.7475992639307202, 3.2084223790472155]], [[0.8365610207119284, 1.362676532182437, 0.9496298651927803], [0.9462453599118753, -0.28840036910100947, -0.401916402926761], [1.385846746781036, -2.4064206449473633, -1.8399966103579306]], [[-0.0970518274579085, 0.21946341398804242, 1.6880403735814842], [0.022730153495752508, 0.07814728813042118, -0.7469225085003071], [-0.036999848097544176, 0.08042308410741522, -3.2374241132489487]], [[-2.7964807766865953, 1.1819286738766626, -3.803300962211276], [-1.7904420901970097, 2.330634547619895, -1.8152018737888014], [-1.5813816690760245, 3.7762174087129696, -0.6021470093635866]], [[0.36056925008436247, -0.3747776358482766, -0.0018320310447684225], [0.4057912202347193, -0.3076043322011437, -0.024778307731823233], [0.38605119696524703, -0.3492474015474487, -0.04098354306013797]], [[-0.08134352075973544, 0.2073693842361307, -0.421840387819292], [-0.5055627811684931, -0.07027669211186988, -0.46857044436797235], [-0.8950881588706219, -0.4581222598165788, -0.4750026035131594]], [[-0.5432240361691844, -0.22626660619237002, 0.38297889431836335], [-0.274196880853338, 0.19423041979670133, 0.4887339554665416], [0.02844482277255881, 0.46056971446304595, 0.5430709658168127]]]" pbc="F F F"
C        0.00000000       0.00000000       0.00000000
C        1.31307071       0.00000000       0.00000000
H       -0.52078843       0.95765779       0.00000000
H        1.82862165       0.55196274      -0.78458084
C       -0.87048002      -1.22379842      -0.00000000
H        2.18661141      -0.69878260       0.99327619
H       -0.28391531      -2.13887145      -0.00000000
H       -1.52145135      -1.23484856      -0.87564365
H       -1.52139133      -1.23471640       0.87568993
9
Properties=species:S:1:pos:R:3 REF_energy="_JSON [[-3194.771055983626, -3189.6063531478294, -3186.836510518231]]" REF_forces="_JSON [[[5.919992883668353, 0.40578323742108585, 0.19783839178470664], [1.9075326092571308, -1.0076952466254177, -0.18646745604781076], [-3.769926558088313, 0.08328217779840855, -0.07573494404333334]], [[-3.4480992443982386, 3.1450930185683097, 1.857991114519123], [-0.5539082256994281, 2.8476390595206906, 0.37702977989974834], [5.738383013100575, 2.5365063496104208, 2.2201097894161106]], [[0.01149134430438964, 0.37953917369836526, 0.7371919942971498], [-0.14712338276055598, 0.633918229137823, -0.4805079313017266], [-0.18443342720049594, 0.4872795376265535, -2.1524459380972787]], [[0.41042216294908707, -0.5675346433106616, 0.5937645023982915], [0.2924280059814873, -0.14088651336591676, -0.2819538462344336], [0.7135320589407348, 1.1275186049058692, -2.019400021563536]], [[0.5466054008224536, 0.19490164901661974, -0.7761154922045496], [0.7686960356152435, 0.4377059192628557, 0.8641937731599076], [1.0288423774509716, 0.6891376974405191, 2.458389142203976]], [[-3.216357215006289, -3.163062867576715, -2.666013066279422], [-1.7343574834742677, -2.5045356452935907, -0.4046804479283888], [-2.855683712739477, -4.238599145431276, -0.47135624537124415]], [[0.3008976508430367, -0.4547038069179294, 0.01727184602180916], [0.3571074602376145, -0.40528108645888355, 0.014404402327912931], [0.35626852327442277, -0.5018787719988732, 0.04066161940098821]], [[-0.3703101337527715, -0.04539310467461173, -0.4000428830638736], [-0.2484252477399586, 0.23761531732920943, -0.4760086854575275], [-0.1334167182315386, 0.28456934112824384, -0.5569077499456091]], [[-0.15464284943280182, 0.10537734377459186, 0.43811359252759247], [-0.6419497714194775, -0.09848003350777378, 0.5739904115817221], [-0.8935655565057031, -0.4678157910809673, 0.556684347999571]]]" pbc="F F F"
C        0.00000000       0.00000000       0.00000000
C        1.52814019       0.00000000       0.00000000
H       -0.52078843       0.95765779       0.00000000
H        2.04369113      -0.80908401      -0.51537659
C       -0.87048002      -1.22379842      -0.00000000
H        2.40168089       1.02429709       0.65246469
H       -0.28391531      -2.13887145      -0.00000000
H       -1.52145135      -1.23484856      -0.87564365
H       -1.52139133      -1.23471640       0.87568993
9
Properties=species:S:1:pos:R:3 REF_energy="_JSON [[-3195.9588019626094, -3188.717263831359, -3181.8835138983877]]" REF_forces="_JSON [[[-0.14608787178194343, -1.099419919069344, 0.01464826463593782], [-4.646022686312858, -0.4321962211698649, 0.6617524285445613], [-22.866459424307124, -1.2271687150191208, 1.0946670318519478]], [[2.8623624347739383, -3.3169136348340746, 0.25395189941636875], [4.188724440300807, 0.5096282983639087, -2.810726237940095], [27.63376682604383, -8.050184720992474, -1.3798979843839538]], [[-0.06079563115820387, 0.3893913109144181, -0.09942117545815234], [-1.2836747140946996, 0.854646189326597, 0.5723989252126743], [0.2708629786370862, -0.19149831065848763, 4.455787680301431]], [[0.607499446065067, 0.011978565774388692, 0.14727942362287194], [0.041273797725672516, 0.40208402589227055, 0.5941123514823007], [1.2076508534420034, -0.8242424921074952, -3.294793640733126]], [[0.06740593855903601, 0.38484876704359766, 0.15110479540661437], [0.9050531909929034, 0.16505553578275195, -0.20611725249908247], [1.8351515069875453, 2.36447849423918, -4.073771883776808]], [[-3.1301169437744836, 4.046316859090104, -0.44728733388806985], [1.0470430306349228, -1.73355800526868, 1.2558043752662704], [-6.363443351131511, 9.589186664853985, 3.159438033050459]], [[0.37981856176485235, -0.4013557177984866, -0.004279489777145922], [0.5311925735135896, -0.3091045093160837, -0.004816556801433599], [0.33137876686454754, -0.638323558850765, -0.08029192239093808]], [[-0.2738470806417141, 0.003598633683117927, -0.39493708537113786], [-0.3835275636288247, 0.17746108770463007, -0.4417980517458617], [-1.5499528926964117, -1.1787203478247652, -0.7113685952420481]], [[-0.30623885380860594, -0.01844486480458952, 0.3789407014118831], [-0.40006206913423303, 0.3659835986828039, 0.37939001848061016], [-0.4989552638421674, 0.15647298635890214, 0.830231281323006]]]" pbc="F F F"
C        0.00000000       0.00000000       0.00000000
C        1.33518033       0.00000000       0.00000000
H       -0.52078843       0.95765779       0.00000000
H        1.85073127       0.95524515      -0.08795830
C       -0.87048002      -1.22379842      -0.00000000
H        2.20872103      -1.20933651       0.11135486
H       -0.28391531      -2.13887145      -0.00000000
H       -1.52145135      -1.23484856      -0.87564365
H       -1.52139133      -1.23471640       0.87568993
9
Properties=species:S:1:pos:R:3 REF_energy="_JSON [[-3190.5516990116525, -3187.5957734956373, -3186.4297653323792]]" REF_forces="_JSON [[[-26.404144293534426, 0.7510933570362304, 1.120661541384866], [-25.875072431684746, -0.21133863792963045, 0.5417275244440924], [-26.61623631579104, -1.0897123260311639, 0.5744021133694276]], [[28.7936939880203, 0.7105997390338955, 1.802346193756852], [27.807003735349674, 0.993444927797015, 2.0963357854710867], [29.649274262188897, 0.8855832078273439, 1.999648859980272]], [[-1.1449914854040035, 0.5526051808820887, 2.182810638789002], [-1.1366101336252694, 0.6991736077716209, -0.45592534045226], [-1.739536100695223, 1.0755595093953545, -3.0440585299321645]], [[1.5824075230455659, -2.2324812627941824, 0.6608420463047419], [1.776517503047314, 0.3272699602572161, -0.3290473922286437], [1.7689704872901557, 2.8765162730071623, -1.0316106981559643]], [[-0.6063312096110918, -0.08599976477695102, -2.262191539076099], [-0.8492672498553321, -0.19940926887531735, 0.5479553118644885], [-1.1102544114895698, -0.2951688748616395, 3.1944076322521573]], [[-2.012664274650491, 0.665290684742098, -3.5570824733771005], [-1.4219344647485812, -1.3158940494957057, -2.4708305297332553], [-1.5005351037722843, -3.2816714582821094, -1.7455254402320195]], [[0.3939036125870712, -0.3599093170388619, 0.0017646611311258203], [0.40694094023630567, -0.2836478823675631, 0.029583720296884084], [0.4478208101312838, -0.25621307342155114, 0.051154620823122096]], [[-0.6119485563197323, -0.2845902214197894, -0.38243765780538097], [-0.26810117289459373, 0.10810428636388086, -0.4559570035471525], [-0.004133204599777067, 0.520390776771056, -0.4778322753853602]], [[0.010074695869446013, 0.2833916043352514, 0.4332865888934681], [-0.43947672582753927, -0.11770294352181714, 0.49615792388347096], [-0.8953704232615771, -0.43528403440320085, 0.4794137172803428]]]" pbc="F F F"
C        0.00000000       0.00000000       0.00000000
C        1.11951507       0.00000000       0.00000000
H       -0.52078843       0.95765779       0.00000000
H        1.63506601      -0.28662164      -0.91546600
C       -0.87048002      -1.22379842      -0.00000000
H        1.99305577       0.36286184       1.15897627
H       -0.28391531      -2.13887145      -0.00000000
H       -1.52145135      -1.23484856      -0.87564365
H       -1.52139133      -1.23471640       0.87568993
9
Properties=species:S:1:pos:R:3 REF_energy="_JSON [[-3193.1153745750375, -3187.4400176989448, -3183.501555701485]]" REF_forces="_JSON [[[-21.102609705733578, -1.2102537833365903, 0.2896085826096857], [-21.865802922240864, -0.25667694840308375, 0.8859029271799266], [-24.114699954136103, -0.25473556179075324, 1.8266130328423928]], [[23.876201375970858, -1.9322155139603872, 1.771026062204664], [24.0434178654626, -2.3641443990368627, 0.3340943343019129], [25.44223083091836, -1.2837173661022847, -1.1277614920201184]], [[-0.5560062974050971, 0.3919850082049908, -1.4414074443838938], [-1.4714543763267594, 0.8474820313072777, 1.1952711449872555], [-2.0233478668276996, 1.2549325518375007, 4.048863205302461]], [[1.1710349803038256, 1.0263203568285415, 1.2271337149238415], [1.3373133036821703, -0.36967698455255343, -0.632791287015833], [2.1436233475665976, -2.368589959893647, -2.6035148740841203]], [[-0.5486847933236436, 0.19038524579068108, 1.568618445813365], [-0.5827289493278429, -0.2243572145266692, -1.1819659757373282], [-0.8995152259501661, -0.4233044336945123, -3.994353060999133]], [[-2.635857517407305, 1.921633627574426, -3.3860678788727956], [-1.1638655670620235, 2.4600756592133535, -0.6215778268208838], [-0.12016098363075538, 3.2839166574050562, 1.862969746805694]], [[0.40971476212379426, -0.34534448348761043, 0.0036192234102645233], [0.44573167395986135, -0.25299132311666, -0.027130678896753788], [0.42366781257849034, -0.2818229209005976, -0.0736457256861222]], [[-0.09832639955448416, 0.17870193983539082, -0.4042741004619326], [-0.525766188583062, -0.14903446642196683, -0.44740318940943324], [-0.9719439685347615, -0.5849269221423133, -0.490512984564596]], [[-0.5154664049786136, -0.22121239744850335, 0.3717433947568205], [-0.21684483956746275, 0.3093236455371636, 0.49560055141205145], [0.12014600801716424, 0.6582479552808758, 0.5513421524036329]]]" pbc="F F F"
C        0.00000000       0.00000000       0.00000000
C        1.14439198       0.00000000       0.00000000
H       -0.52078843       0.95765779       0.00000000
H        1.65994292       0.69716902      -0.65892739
C       -0.87048002      -1.22379842      -0.00000000
H        2.01793268      -0.88261318       0.83419943
H       -0.28391531      -2.13887145      -0.00000000
H       -1.52145135      -1.23484856      -0.87564365
H       -1.52139133      -1.23471640       0.87568993
9
Properties=species:S:1:pos:R:3 REF_energy="_JSON [[-3193.913697048057, -3190.5173783789155, -3189.4155972500907]]" REF_forces="_JSON [[[1.8057175673306245, 0.44098966921278704, 0.4858515485992364], [1.3481464558352736, -0.6580870303494802, 0.09038072969220959], [-0.6171745597627886, -0.5405575609209872, -0.06797277047628114]], [[0.6110804171009613, 1.410442100491521, 2.9270284689674337], [0.8679668765907261, 1.6016470601565187, 2.739927750132169], [2.2545067331039603, 1.1464456360859236, 2.738870581940666]], [[-0.2786581238084413, 0.3965427829262098, 1.477249627795946], [-0.5364013603254364, 0.6462587868922091, -0.40889218663058596], [-0.4002163237086758, 0.6800652512500609, -2.268640150309885]], [[0.6975128560673992, -1.4630670189862578, 0.557274366121141], [0.7265324407580257, 0.22093315100363461, -0.33674744656175587], [1.0653094883397218, 2.095578871193573, -1.1338813729559658]], [[0.31076921987837797, 0.1512455779939777, -1.5353808751448086], [0.29593813444245065, 0.17169254226910108, 0.5444361445950822], [0.10585122140895326, 0.1662404727478276, 2.649230062894646]], [[-2.8759416171409753, -0.5333308465747192, -3.9802276165444717], [-2.257971641208133, -1.8105089809913526, -2.70577034506871], [-1.9359311896214364, -3.0714821128861973, -1.9024881643922593]], [[0.3208414745522387, -0.4277585321954185, 0.01455046024729983], [0.38428279539441046, -0.3318611043934181, 0.02276368744159825], [0.3458308818248998, -0.39777836587256393, 0.01724960721208962]], [[-0.5127983070051708, -0.1616840986885279, -0.39342383088621774], [-0.3105624526598255, 0.18836718520623216, -0.46425197549992114], [-0.02387503589381526, 0.34772271946912053, -0.5162464658877396]], [[-0.07852348697388864, 0.18662036582465558, 0.44707785084531243], [-0.5179312488286415, -0.02844160979306018, 0.5181536419010694], [-0.7943012156888972, -0.426234911066433, 0.4838786719748803]]]" pbc="F F F"
C        0.00000000       0.00000000       0.00000000
C        1.42606081       0.00000000       0.00000000
H       -0.52078843       0.95765779       0.00000000
H        1.94161175      -0.39348843      -0.87486959
C       -0.87048002      -1.22379842      -0.00000000
H        2.29960151       0.49815477       1.10758139
H       -0.28391531      -2.13887145      -0.00000000
H       -1.52145135      -1.23484856      -0.87564365
H       -1.52139133      -1.23471640       0.87568993
9
Properties=species:S:1:pos:R:3 REF_energy="_JSON [[-3193.0734252302286, -3190.627127341029, -3190.282949022949]]" REF_forces="_JSON [[[2.577908964022046, -0.3523774350422169, 0.16646287899141132], [3.2187435774142, -1.043087941490324, 0.6914066105450387], [3.397034400986196, 0.23870170558223425, -0.23399461102850264]], [[-0.24642043164229507, -0.5942454829803361, 3.4980960236900804], [0.21422102609251825, -0.7642961453461138, 3.594472827081356], [-3.004067347972307, -0.4077009181335416, 2.719914165446617]], [[-0.053118649112693525, 0.44520613286076494, -0.7225558344943722], [-0.8664542610946235, 0.6178801316009614, 0.378016810610518], [0.20159268502474217, 0.7206112300990184, 0.9126017128670949]], [[0.6175394329687467, 0.8243968678197771, 0.051327714051592366], [0.32956475441775746, -0.3696742997015913, -0.3758699140482776], [1.0701368867358318, -0.6822474524626674, -0.3092355530697224]], [[0.3664261498461021, 0.25213324651383895, 0.917747453387687], [0.7748726889444917, 0.2633765379201784, -0.5433866848100286], [0.03469711322008062, 0.04467166272983414, -0.6232763022764339]], [[-2.9000898826424253, -0.10989632044139959, -3.896861220246388], [-3.201350424775533, 0.9282899534930826, -3.7553873490854017], [-1.3829144418889003, 0.9983805804315689, -2.516227072943738]], [[0.30107900957923267, -0.4240307573390408, -0.0012052976630736584], [0.4781252221335452, -0.2046805702458297, 0.0022311821885822297], [0.2555727349208354, -0.5448680420561791, -0.002125004843007364]], [[-0.20210493946810693, 0.10683697723045187, -0.43981659359632114], [-0.5569460850895905, 0.216760524936904, -0.46621078505826263], [-0.37313703474599547, -0.24485097080573337, -0.48267772228434497]], [[-0.4612196535545102, -0.14802322862481823, 0.4268048758788559], [-0.39077649804547077, 0.3554318088332394, 0.47472730257709234], [-0.1989149962824773, -0.12269779538457111, 0.5350203881309155]]]" pbc="F F F"
C        0.00000000       0.00000000       0.00000000
C        1.50340685       0.00000000       0.00000000
H       -0.52078843       0.95765779       0.00000000
H        2.01895779       0.13191973      -0.95017216
C       -0.87048002      -1.22379842      -0.00000000
H        2.37694755      -0.16700984       1.20291414
H       -0.28391531      -2.13887145      -0.00000000
H       -1.52145135      -1.23484856      -0.87564365
H       -1.52139133      -1.23471640       0.87568993
9
Properties=species:S:1:pos:R:3 REF_energy="_JSON [[-3195.301201811845, -3187.8263807403223, -3181.1206372489173]]" REF_forces="_JSON [[[-9.820427519936308, 0.9168047160942931, 0.1954852689590166], [-13.448552971161083, -1.686098826803267, 0.2847895365691617], [-18.108271134253048, 0.9588233725580383, 0.4148419540634457]], [[12.635287773124979, 3.011547280733341, 0.6138667978169343], [14.532279759414905, 0.23532676465314273, -1.410998213628897], [19.262602205791403, 1.409500538891361, -1.7587080642488124]], [[-0.4872525941056107, 0.2618788550308676, 0.5065282286403509], [-0.9556930086964062, 1.220268141565958, -0.6475789404938275], [-1.3497443150548623, 0.5848726675236084, -4.985879261578262]], [[0.8563545365020373, -0.1537297546438462, 0.5558088431194169], [0.5550200015512322, -0.1890417225024578, -0.31883958434379045], [2.37216643001698, 1.3871545198908635, -3.976108406443263]], [[-0.03023022239867095, 0.23903717987333264, -0.5428512386232831], [0.25554664404779354, 0.39079791408644277, 0.8905834402038634], [-0.5313512431443986, 0.0668914410455391, 5.772353567631046]], [[-2.9980087956733272, -3.84575505764536, -1.3782640109465938], [-0.24511703850500424, -0.016388901503504767, 1.09367073138472], [-0.8487976725099048, -3.6911145759218504, 4.370710371981584]], [[0.35827365489059065, -0.43623399151121456, 0.01126445167650745], [0.3684396411606372, -0.3134877384578534, 0.025707527836438895], [0.41822553364793125, -0.28989820225572627, 0.10201299082859375]], [[-0.32112572412668444, -0.0519955521653134, -0.3660980531587521], [-0.33327468222638346, 0.3664960022551645, -0.4661401505848627], [0.30963068579533, 0.8315437488397479, -0.600619723065801]], [[-0.19287110827437187, 0.05844632423221245, 0.4042597125166791], [-0.7286483455842038, -0.007871633293507782, 0.5488056530566503], [-1.5244604902901133, -1.2577735105715389, 0.6613965708309398]]]" pbc="F F F"
C        0.00000000       0.00000000       0.00000000
C        1.22204665       0.00000000       0.00000000
H       -0.52078843       0.95765779       0.00000000
H        1.73759759      -0.92761630      -0.24445442
C       -0.87048002      -1.22379842      -0.00000000
H        2.09558735       1.17435850       0.30947831
H       -0.28391531      -2.13887145      -0.00000000
H       -1.52145135      -1.23484856      -0.87564365
H       -1.52139133      -1.23471640       0.87568993
9
Properties=species:S:1:pos:R:3 REF_energy="_JSON [[-3195.3218718527833, -3188.1373603511106, -3182.3693361883675]]" REF_forces="_JSON [[[-8.610439906271942, -1.1585424307561918, 0.10441898074277416], [-12.084806482111675, -0.36351878307047764, 0.9131682507216619], [-17.760148819956537, -0.7610119139470243, 1.8078093592069762]], [[11.43592641411002, -2.825726740055593, 0.998928968134653], [13.22845750481656, -1.7801798043571357, -1.6324735753188213], [18.994882435650638, -1.8288626008599964, -1.7217336796360492]], [[-0.2537110840205435, 0.33913254682621563, -0.6518386137811037], [-1.393930461813115, 0.8562584272376581, 1.2891387205257139], [-1.2441172210176674, 0.8292637932530743, 4.599451372296014]], [[0.8234540693564456, 0.19148739253156394, 0.7289216367752509], [0.680298459693031, -0.021357634081757896, -0.5010216059855382], [2.0005535642376557, -1.470852576408668, -3.384083687521606]], [[-0.2352789370399161, 0.32173080969191326, 0.7429021670092485], [0.3164034828519845, 0.0729290893041571, -1.2417394343446642], [-0.2921574734533856, 0.27641045663455993, -4.387165458191905]], [[-2.9772362574703757, 3.5473667255575445, -1.8890355849233338], [-0.38346855585293793, 1.18833397851788, 1.1361379179796165], [-0.9794871524351744, 3.5950290049414355, 3.1418439363051798]], [[0.39723156004558247, -0.3791466794237786, -0.005001517825116153], [0.4766627946115486, -0.2814491631481493, -0.015050584068046515], [0.39115817204054604, -0.35609404966608643, -0.11232503005701562]], [[-0.1929734218444017, 0.06883970248757887, -0.3950007869756881], [-0.5547225985064922, -0.10024010419410481, -0.4296920867651332], [-1.1556270106735984, -0.8795136061004204, -0.547392372005672]], [[-0.3869724368655693, -0.1051413268615695, 0.3657047508426502], [-0.2848941436904004, 0.42922399379059767, 0.4815323972549891], [0.04494350561018179, 0.595631492152029, 0.6035955596046066]]]" pbc="F F F"
C        0.00000000       0.00000000       0.00000000
C        1.23363386       0.00000000       0.00000000
H       -0.52078843       0.95765779       0.00000000
H        1.74918480       0.89677478      -0.34062435
C       -0.87048002      -1.22379842      -0.00000000
H        2.10717456      -1.13531326       0.43122906
H       -0.28391531      -2.13887145      -0.00000000
H       -1.52145135      -1.23484856      -0.87564365
H       -1.52139133      -1.23471640       0.87568993
9
Properties=species:S:1:pos:R:3 REF_energy="_JSON [[-3193.01103061053, -3190.7458919795604, -3190.446322919273]]" REF_forces="_JSON [[[1.7651910467893506, -0.01622846049832315, 0.3272318491600665], [2.9343565538020795, -1.154599362109484, 0.6751308097232211], [3.309424088909238, 0.1361402795831445, -0.41154866633554693]], [[0.5351839925591252, 0.025034410670584525, 3.389872940643109], [0.7688477849738746, -0.09112975797643376, 3.7225513235885193], [-3.083647749373792, 0.16850795128668886, 2.7560347843705353]], [[-0.14491457999449325, 0.41644419333015376, 0.2440888467059368], [-0.9756459063365561, 0.6339800029012628, -0.21095797244784772], [0.26024323202018723, 0.7157797715463522, 0.04066371687245947]], [[0.6786095314399151, -0.2077965041620866, -0.040027393286998926], [0.34051394181298195, 0.15158814131729795, -0.3272110672990415], [1.15323983746697, 0.1321187789273614, -0.21029545821781465]], [[0.3608958223754603, 0.22969749574063728, -0.13140183818664117], [0.7274639600150075, 0.24600657207038445, 0.029142656606304572], [-0.08574046774754245, 0.020799777576719365, 0.37101440612218806]], [[-2.8401084453246193, 0.030627245028804657, -3.808456829441473], [-3.3064437041483146, -0.22246353630962423, -3.9319522226437917], [-1.2509789944712544, -0.20541491158795316, -2.5548203688800286]], [[0.30071111621874047, -0.4332636924273784, 0.004000173855726907], [0.4897633585809594, -0.1804719297323084, 0.013540244001628824], [0.2453130304334648, -0.5502272859524598, -0.0014289462939792773]], [[-0.3481226305726958, -0.022300063582979292, -0.42603720819365537], [-0.47659904085720106, 0.31767705017708586, -0.45107548987811036], [-0.22334028079711088, -0.13353579361166656, -0.5027551603131255]], [[-0.3074458534930445, -0.022214624100553044, 0.44072945874468056], [-0.5022569478425555, 0.29941281966327665, 0.4808317183491579], [-0.32451269644081193, -0.2841685677647964, 0.5131356926737286]]]" pbc="F F F"
C        0.00000000       0.00000000       0.00000000
C        1.48151645       0.00000000       0.00000000
H       -0.52078843       0.95765779       0.00000000
H        1.99706739      -0.02752341      -0.95889124
C       -0.87048002      -1.22379842      -0.00000000
H        2.35505715       0.03484452       1.21395246
H       -0.28391531      -2.13887145      -0.00000000
H       -1.52145135      -1.23484856      -0.87564365
H       -1.52139133      -1.23471640       0.87568993
9
Properties=species:S:1:pos:R:3 REF_energy="_JSON [[-3194.263593566796, -3190.420983948721, -3188.8543118001603]]" REF_forces="_JSON [[[1.7013520300494114, -0.803272273612739, 0.08456642529623894], [0.6311146915438335, -0.43550337681972184, 0.3259710271412125], [-2.0871164662495563, -0.09058598321910888, 0.7873119366799823]], [[0.7915033925519567, -1.811933139866285, 2.925346826533917], [1.3884392817209021, -2.1425483786662944, 2.215139518742389], [3.786043314496024, -1.651863205287398, 2.05383944466685]], [[-0.1062731715792627, 0.46814460549730497, -1.3954752884782022], [-0.5922763644722864, 0.6586176957506465, 0.6444081860630426], [-0.6179334398209932, 0.6621476168705299, 2.686134387484242]], [[0.671442899165614, 1.3580885419776823, 0.7316046059388808], [0.7296114887345798, -0.20208561997168722, -0.3473465750622057], [1.0770674844798989, -2.1443104217630697, -1.4342998638994617]], [[0.1342872009491653, 0.2399940198173604, 1.5987654137424092], [0.3113127502649711, 0.17676398256380402, -0.5445420027356022], [0.24778976839953681, 0.18811138105315592, -2.7205436871163036]], [[-2.8986162866627176, 0.9469245076392938, -3.9025558704631553], [-2.07433363804128, 2.122367849965607, -2.2800723740793964], [-1.937512252490083, 3.4516336358844324, -1.4195750755952028]], [[0.33779464633646145, -0.3901234372500688, -0.00493991581735159], [0.3978558423797617, -0.328794874100726, -0.021072177785298216], [0.36320117728556933, -0.39031101010362634, -0.024159005220535733]], [[-0.0933803387721252, 0.20073735071413523, -0.43130884264215147], [-0.48736792032293513, -0.013479697620848429, -0.4794230043003737], [-0.8062862891086643, -0.38143201786410236, -0.4709024321099539]], [[-0.5381103720389507, -0.20856017491602952, 0.39399664588894034], [-0.3043561318075466, 0.16466241889801525, 0.486937402016498], [-0.025253296992575197, 0.3566100044273608, 0.5421942951105482]]]" pbc="F F F"
C        0.00000000       0.00000000       0.00000000
C        1.40996822       0.00000000       0.00000000
H       -0.52078843       0.95765779       0.00000000
H        1.92551916       0.48408107      -0.82818807
C       -0.87048002      -1.22379842      -0.00000000
H        2.28350892      -0.61284469       1.04848276
H       -0.28391531      -2.13887145      -0.00000000
H       -1.52145135      -1.23484856      -0.87564365
H       -1.52139133      -1.23471640       0.87568993
9
Properties=species:S:1:pos:R:3 REF_energy="_JSON [[-3193.7554236539295, -3187.6073402394945, -3183.1382075061792]]" REF_forces="_JSON [[[-18.114780639788545, 0.9966615106222297, 0.5492981913319088], [-19.0592732822953, -0.8581574879145033, 0.3316550940536481], [-21.696685612816655, -0.6999738000306241, 0.4825527642743037]], [[20.883323817464643, 2.3414487984856676, 1.4568947385661362], [21.17577762852845, 1.9916396761776922, 0.07451276095289001], [22.951718195703656, 0.525911482782277, -0.6966116448049287]], [[-0.7189663554077381, 0.30068175453290863, 1.2622840302444138], [-1.2363666982416097, 0.9821795676962962, -1.0118397205495613], [-1.7458701827146421, 1.3450779617689694, -3.8136853885749162]], [[1.097892483290299, -0.8434431169621962, 1.112111668739845], [1.2673573429068858, 0.3260665485890022, -0.6711785664779862], [2.2085120749958587, 2.248056137546007, -2.801821417673966]], [[-0.24326710144640606, 0.14883733482905384, -1.3337881816212633], [-0.5779927181110579, -0.012109375664041584, 1.2630771080434906], [-1.0278422499537156, -0.24767392559835089, 4.321363636167033]], [[-2.7464176698799405, -2.537691003592574, -3.1066201037056858], [-1.1105820069625023, -2.2539206295301697, -0.10355219871647026], [-0.10231884452235482, -2.8877671316081606, 2.393446343600599]], [[0.3758052485378681, -0.4084847546160847, 0.013814226515640684], [0.40490365837333503, -0.29078820468949035, 0.04754032066031799], [0.4318112278115418, -0.25646999511698154, 0.08112234820313054]], [[-0.4468081169497742, -0.15353012066296046, -0.362218221899469], [-0.20727150231956296, 0.3128757352015636, -0.46066657989868576], [0.13737448287404555, 0.7151147008779195, -0.5362900567401644]], [[-0.08678166582345037, 0.15551959736384122, 0.40822365182991827], [-0.656552421881934, -0.19778582986652887, 0.53045178193321], [-1.156699091376422, -0.7422754306190965, 0.5699234155490777]]]" pbc="F F F"
C        0.00000000       0.00000000       0.00000000
C        1.16251937       0.00000000       0.00000000
H       -0.52078843       0.95765779       0.00000000
H        1.67807031      -0.76452994      -0.57941688
C       -0.87048002      -1.22379842      -0.00000000
H        2.03606007       0.96789183       0.73353944
H       -0.28391531      -2.13887145      -0.00000000
H       -1.52145135      -1.23484856      -0.87564365
H       -1.52139133      -1.23471640       0.87568993
9
Properties=species:S:1:pos:R:3 REF_energy="_JSON [[-3188.6055649013233, -3186.1093126217743, -3185.2340755334735]]" REF_forces="_JSON [[[-36.47450173023727, -1.0274902252951945, 0.775041941900104], [-36.04685728240285, -0.13586561233545727, 0.8676245924744896], [-36.23145834440158, 0.10238508287483968, 1.4659143023325463]], [[38.80318990976405, -0.35697056764810925, 1.6484837395683025], [37.054514595011305, -0.38414508634321465, 1.6420688243381913], [40.55919769172876, -1.2089487958312795, 2.0633573675760943]], [[-1.1471640984613949, 0.7063205592151564, -2.1663499600551748], [-1.014015418297427, 0.609162868691365, 0.6389833345904714], [-2.451704232506858, 1.172193393588261, 2.610750695167614]], [[1.8339126038439617, 2.252200959824383, 0.5662328489513567], [2.20631175322594, -0.470885875328087, -0.3870065321762446], [1.5386356720615941, -2.488970260783504, -0.7527396641223979]], [[-1.0597860374041101, -0.1158006938057112, 2.3017007832152716], [-0.9936465714864726, -0.2830912465249201, -0.5742385072210006], [-1.1499136617363979, -0.4709415379954936, -2.837175236318557]], [[-1.7088848528371587, -1.0973642036817608, -3.1304425897378394], [-1.014333929969345, 0.9842202318956781, -2.2382739076736513], [-1.833337931651937, 2.916786623390502, -2.572078277813396]], [[0.4192321599121893, -0.3096761464906898, 0.024226874527589266], [0.4035968704313743, -0.26403151702297367, 0.005232206741033631], [0.48868746276519437, -0.2487004197045932, -0.028041733577532747]], [[-0.02803112732643603, 0.29813710359258155, -0.4235438088630022], [-0.3871787635560573, -0.11259010254161263, -0.44962941922756516], [-0.8423307191625732, -0.28837258717803227, -0.4458644997122366]], [[-0.6379668272512881, -0.34935678571314926, 0.40465017049263197], [-0.20839125295884883, 0.05722633950901122, 0.49523940815453177], [-0.07777593709861909, 0.5145685016387893, 0.4958770464680658]]]" pbc="F F F"
C        0.00000000       0.00000000       0.00000000
C        1.07164090       0.00000000       0.00000000
H       -0.52078843       0.95765779       0.00000000
H        1.58719184       0.20815372      -0.93643045
C       -0.87048002      -1.22379842      -0.00000000
H        1.94518160      -0.26352177       1.18551718
H       -0.28391531      -2.13887145      -0.00000000
H       -1.52145135      -1.23484856      -0.87564365
H       -1.52139133      -1.23471640       0.87568993
9
Properties=species:S:1:pos:R:3 REF_energy="_JSON [[-3195.850178735536, -3189.0499499647794, -3183.3920764042073]]" REF_forces="_JSON [[[2.3675029959855514, 0.6064935816403318, 0.05580789876821344], [-2.290222770187138, -1.8635830251877812, 0.24919848623970509], [-17.336633184179448, 1.8631951049883075, -0.31089269099800854]], [[0.2573508244084295, 3.4128077806052453, 0.5072000352572602], [2.5236988939034357, 0.34019199763581004, -2.308726359708786], [21.168872687120704, 6.022016309763598, 0.6697247840189522]], [[-0.17165840500572932, 0.3228835015173393, 0.26758945974670273], [-0.3911730394687888, 0.9518600361161564, -0.2419006317066768], [-0.4109024834956557, -0.33207285516088003, -3.4354092502147022]], [[0.5670220183256803, -0.14288585119521516, 0.2768939293015105], [0.07556972974581756, -0.4816146977628506, 0.3805122996134485], [1.2511698186437665, 0.977368918869481, -3.1191177545996376]], [[0.34775343562008154, 0.2513009053777465, -0.2721440103562771], [0.6231651138340405, 0.502370558457947, 0.48379763284060207], [2.0280710688702492, 1.5676870200749766, 4.261236332287468]], [[-3.1758267906743214, -4.0364826224160435, -0.8782635606097685], [0.09130823363611365, 0.5302202512148056, 1.2175473297619823], [-5.410909828313395, -8.695327687323749, 1.9516481501869127]], [[0.32247790327627146, -0.45362469575187386, 0.008791866071899654], [0.35359115687767384, -0.3453317802538931, -0.008526608229889855], [0.36261365772413867, -0.6211682038427149, 0.07149462489917337]], [[-0.2824827561938213, 0.000163183488952391, -0.383654722547096], [-0.2812041060674228, 0.2856620701866904, -0.3929757713885248], [-0.2189047298256973, 0.3463046080592632, -0.7662429888507518]], [[-0.23213922573880594, 0.03934421673513204, 0.4177791043673613], [-0.7047332122768876, 0.08022458959366773, 0.6210736225783023], [-1.4333770065476896, -1.128003215429433, 0.677558793270505]]]" pbc="F F F"
C        0.00000000       0.00000000       0.00000000
C        1.38508929       0.00000000       0.00000000
H       -0.52078843       0.95765779       0.00000000
H        1.90064023      -0.94503562      -0.16473503
C       -0.87048002      -1.22379842      -0.00000000
H        2.25862999       1.19641129       0.20855389
H       -0.28391531      -2.13887145      -0.00000000
H       -1.52145135      -1.23484856      -0.87564365
H       -1.52139133      -1.23471640       0.87568993
9
Properties=species:S:1:pos:R:3 REF_energy="_JSON [[-3194.5926012650534, -3189.412900057508, -3186.653295711901]]" REF_forces="_JSON [[[6.639712484984266, -0.8699336315772407, -0.009746573659861382], [1.955113722144341, -0.40110496943420615, 0.08513546699366317], [-3.6690175942051697, -1.1085164377448429, 0.9412634822047511]], [[-4.186330500071783, -3.3976752370007874, 1.700631789890763], [-0.8591568204627517, -3.233649595908381, -0.2296764306569346], [5.925305072678606, -3.0449152898044347, 1.9185230016881314]], [[0.23894879382760809, 0.4933600448048106, -0.5443168461971479], [-0.22832846344256866, 0.6414948159206548, 0.8173237972584553], [0.1523974244062168, 0.5227173057551961, 1.8303993218769847]], [[0.31277467829508815, 0.427701309718879, 0.5005173288645869], [0.13286338273299872, 0.28414372421082357, -0.12918929617951933], [0.5733114975793074, -0.8853108209217726, -1.9273308006823329]], [[0.4949002020405387, 0.32731884216455687, 0.6759033820114684], [1.056826317338826, 0.5062853545999656, -0.37109186339866757], [1.1127934061871956, 0.870902446789038, -2.1923085447882156]], [[-3.2438059022214665, 3.4029098770031365, -2.2852821405073733], [-1.6603692784426873, 2.432119878526856, -0.09032578371932617], [-3.327433754166842, 4.366668499449188, -0.5902647445138458]], [[0.3232958343165932, -0.41525207326281377, -0.012080826468162952], [0.39860149538890377, -0.41624653892086844, -0.049432984299267], [0.334718276604243, -0.49857836968146485, -0.02296562994852727]], [[-0.1962881205088219, 0.09391517874840727, -0.42977830684312923], [-0.4578547874580609, 0.021893930064110542, -0.5093334748809781], [-0.8809552553796273, -0.4382716927214025, -0.5599331668425999]], [[-0.38320747066331395, -0.06234431060092238, 0.4041521929088372], [-0.33769556779881815, 0.16506340094031197, 0.47659056888233353], [-0.22111907370474523, 0.2153043588822703, 0.6026170810055312]]]" pbc="F F F"
C        0.00000000       0.00000000       0.00000000
C        1.57254253       0.00000000       0.00000000
H       -0.52078843       0.95765779       0.00000000
H        2.08809347       0.84952417      -0.44557674
C       -0.87048002      -1.22379842      -0.00000000
H        2.44608323      -1.07549418       0.56409836
H       -0.28391531      -2.13887145      -0.00000000
H       -1.52145135      -1.23484856      -0.87564365
H       -1.52139133      -1.23471640       0.87568993
9
Properties=species:S:1:pos:R:3 REF_energy="_JSON [[-3194.369095103665, -3189.5198916898757, -3186.6603263177085]]" REF_forces="_JSON [[[-7.048731908983619, 0.7791509356603863, 0.5798056770010394], [-8.167284536970298, -0.6400809255150498, 0.1997478051540653], [-11.505511689032996, -0.6212003195079471, 0.19460409857774358]], [[9.654757443905691, 2.01423036952729, 2.108174027585837], [10.269491983543126, 2.1815340404338155, 1.39508200051156], [13.234846659725234, 1.3580806433111832, 1.3400632503891536]], [[-0.5647607682842799, 0.35601391595802817, 1.5326535266570822], [-0.8980998401951232, 0.7345508201954783, -0.7862823030543136], [-1.1452204895065154, 0.8848956633481977, -3.3322506413040007]], [[0.9540945665572061, -1.3094738858411494, 1.0272166501916278], [1.1091328649752368, 0.35415946487171673, -0.49527332522229295], [1.6548809474709265, 2.518803803173462, -2.1722860711666105]], [[-0.03261997239438789, 0.11698210768409657, -1.6145941503308383], [-0.24290836528086893, 0.061452474623093487, 0.9802997518309348], [-0.42781442470811154, 0.014964167434100176, 3.7549627060045303]], [[-2.767417800624075, -1.5623673505224311, -3.7017431863210324], [-1.6262870785717098, -2.4507852692543146, -1.392999567682571], [-1.2502481072812455, -3.7941078917360245, 0.16698197122175545]], [[0.3540507673072376, -0.41329459097456406, 0.014468271173092411], [0.389254153489793, -0.316018008580192, 0.037166116420527244], [0.3961820649275071, -0.31643700673738123, 0.05260599978422693]], [[-0.4969575425718687, -0.1788979720880676, -0.370200357883293], [-0.24119277448459567, 0.23199474401472925, -0.4606848826835305], [0.07323534577385808, 0.5675343357746029, -0.524288970445336]], [[-0.052414784910817566, 0.19765647059542127, 0.42421954192651196], [-0.5921064065048517, -0.15680734079364766, 0.5229444047259255], [-1.0303503073668814, -0.6125333950583465, 0.5196076569380043]]]" pbc="F F F"
C        0.00000000       0.00000000       0.00000000
C        1.25836518       0.00000000       0.00000000
H       -0.52078843       0.95765779       0.00000000
H        1.77391612      -0.61416560      -0.73690608
C       -0.87048002      -1.22379842      -0.00000000
H        2.13190588       0.77753118       0.93292013
H       -0.28391531      -2.13887145      -0.00000000
H       -1.52145135      -1.23484856      -0.87564365
H       -1.52139133      -1.23471640       0.87568993
9
Properties=species:S:1:pos:R:3 REF_energy="_JSON [[-3193.3220624671794, -3190.0673730757903, -3188.8692568375927]]" REF_forces="_JSON [[[-7.2587688986286425, -0.8512217325121778, 0.25761972304602715], [-7.0718607737384955, -0.3334208116713802, 0.4795171630384674], [-8.823058725489732, 0.09160702576570229, 1.0684617637463707]], [[9.725116661633033, -1.1235321461821264, 2.6982533943275966], [9.309885237254772, -1.4544884634501234, 2.400924588536611], [10.842640494967679, -1.1892793218124662, 1.9207462801660882]], [[-0.46553746732489704, 0.5059038677525137, -1.808646155878366], [-0.9126950430235649, 0.6826454016849522, 0.5326574530369931], [-1.1385732037377978, 0.7516862408710584, 2.908846527862027]], [[1.0663486686991694, 1.8401167832224503, 0.7110055108096487], [1.1480507613880626, -0.2468785809572155, -0.28145114866226983], [1.450624295099296, -2.5935875245966735, -1.1831926823984424]], [[-0.26709845075126454, 0.15013187838445816, 2.010598422467594], [-0.2330323686409939, -0.01885520066185126, -0.4956697907560852], [-0.2616072339000162, -0.07601438460728027, -2.9993277336740847]], [[-2.507692590786758, -0.12173319080774624, -3.837826658663863], [-1.8768347076484755, 1.576459837605322, -2.6534815156916456], [-1.6704281738707576, 3.285199320394956, -1.7637659156357903]], [[0.364959254193999, -0.36521518487082705, 0.0050959285650202775], [0.40200926817324895, -0.29681658773173897, -0.00939724777899406], [0.393658777093854, -0.32691387581805675, -0.023711742514660055]], [[-0.05429136496428962, 0.252249984961213, -0.428610145439482], [-0.4607431526221713, -0.03538328067143636, -0.46195438486772705], [-0.8191573967760492, -0.38310253392346477, -0.44826523470140495]], [[-0.6030358120707298, -0.28670025994820447, 0.39250998076543747], [-0.30477922114092687, 0.12673768585506526, 0.48885488314525805], [0.02590116661170972, 0.4404050537253064, 0.5202087371496411]]]" pbc="F F F"
C        0.00000000       0.00000000       0.00000000
C        1.26653691       0.00000000       0.00000000
H       -0.52078843       0.95765779       0.00000000
H        1.78208785       0.34089051      -0.89667364
C       -0.87048002      -1.22379842      -0.00000000
H        2.14007761      -0.43156601       1.13518522
H       -0.28391531      -2.13887145      -0.00000000
H       -1.52145135      -1.23484856      -0.87564365
H       -1.52139133      -1.23471640       0.87568993
9
Properties=species:S:1:pos:R:3 REF_energy="_JSON [[-3194.757947442636, -3188.8246919343587, -3185.5455073974977]]" REF_forces="_JSON [[[7.007671660474406, 0.21752678571103218, 0.006528392820792257], [0.9240564998542715, -1.2689303280102007, -0.2834413449325289], [-9.475514501930393, 1.5753071132350986, 0.09255327631940956]], [[-4.710151419748712, 3.64042538021951, -0.17495469106077915], [-0.4781183468531673, 1.748356850404245, -3.211889116454412], [13.273324497565737, 5.626638050436421, 3.075668454403793]], [[0.13324501346351883, 0.3921539272952077, 0.025980306412897083], [0.06984878268663565, 0.6470712559650602, -0.34830017074959035], [0.1654409982393886, 0.08289638752597539, -0.11632598165200862]], [[0.2685768111409834, -0.20878137716589262, 0.11327714367984792], [-0.058954338263916266, -0.6579877907320879, 0.6015362009317912], [0.5981383796968882, 0.2180462447257635, -1.048048229836822]], [[0.6907876038312418, 0.26395580132950003, 0.024595422707593392], [1.0582371073826748, 0.6245772644230518, 1.2595044775647695], [2.2963941447330267, 1.5045811016279649, -0.5487289318117331]], [[-3.1612467363226524, -3.938771653914098, -0.016039307858710113], [-0.9959864199698538, -0.9285554837070391, 1.807105339974728], [-5.897727417873833, -7.611470183358234, -1.3595894086841318]], [[0.2910374389163907, -0.4580462085488033, -0.0010709347819277085], [0.34968420706103764, -0.42878386816654435, -0.04593588884216648], [0.33842172250736396, -0.7649209134107275, 0.06010181795120905]], [[-0.24411082727724656, 0.060703891982594356, -0.41177608748150707], [-0.09941887789657246, 0.37132109318373374, -0.40804530014679613], [-0.8255427191969271, -0.458224678260123, -0.7397032359283605]], [[-0.2758095444777789, 0.030833453092797863, 0.4334597555618718], [-0.7693486140001263, -0.10706899336126334, 0.6294658026547316], [-0.47293510374062603, -0.1728531225218848, 0.5840722392390808]]]" pbc="F F F"
C        0.00000000       0.00000000       0.00000000
C        1.58090707       0.00000000       0.00000000
H       -0.52078843       0.95765779       0.00000000
H        2.09645801      -0.95888901      -0.02760117
C       -0.87048002      -1.22379842      -0.00000000
H        2.45444777       1.21394963       0.03494297
H       -0.28391531      -2.13887145      -0.00000000
H       -1.52145135      -1.23484856      -0.87564365
H       -1.52139133      -1.23471640       0.87568993
9
Properties=species:S:1:pos:R:3 REF_energy="_JSON [[-3195.516284144462, -3189.561455177231, -3185.6877562785094]]" REF_forces="_JSON [[[1.6525432549228238, -0.9801381472197749, 0.05775207692499743], [-2.192174505029717, -0.29886817224766193, 0.5277788319214938], [-8.604218726919951, -0.7474413286037794, 1.0797443484596774]], [[0.9940527402764097, -2.9669718019394344, 1.6730496416557865], [3.48112310265376, -2.7726580198555, -0.5017191965340132], [10.500154181089185, -2.758746086524332, 0.7289930754690574]], [[-0.025814711269836425, 0.41594388165074453, -0.8007255121227163], [-0.7468107428450047, 0.664951650406831, 1.0856126625794178], [-0.5990186180493988, 0.6194630876666066, 3.1926113242844]], [[0.5921650524280432, 0.4779346026131934, 0.7677724874349554], [0.5122363561869046, -0.027177757055916508, -0.36759397790322573], [1.162375432393787, -1.4752985561496315, -2.5176066626828013]], [[0.0962359732932544, 0.3082960791157669, 0.9262479124075931], [0.5928258336065302, 0.30955540397356257, -0.8763171131127633], [0.5382044285206872, 0.6347953774255998, -3.1424995910761666]], [[-3.086148434760875, 3.145450039390339, -2.5838471851861198], [-1.2493702585717137, 2.2653059562784024, 0.17009742759611107], [-2.2582980190361566, 4.32650617605525, 0.7018889367313847]], [[0.35830221040668186, -0.393165078677515, -0.008547164852035702], [0.42004498762189413, -0.34118939528083053, -0.039776971149524824], [0.37237283351154815, -0.41045500058410544, -0.07339689661718671]], [[-0.1651029322396424, 0.1064276521760281, -0.410455074366991], [-0.5316394233576796, -0.07775135415766628, -0.47681733102908946], [-1.0191731692810992, -0.5726488164065652, -0.5531459188319613]], [[-0.4162331530599761, -0.11377722711039394, 0.37875281810440947], [-0.28623535026674307, 0.2778316879373644, 0.478735667632058], [-0.09239834222947736, 0.38382514712172433, 0.5834113842635718]]]" pbc="F F F"
C        0.00000000       0.00000000       0.00000000
C        1.37750093       0.00000000       0.00000000
H       -0.52078843       0.95765779       0.00000000
H        1.89305187       0.82832009      -0.48385513
C       -0.87048002      -1.22379842      -0.00000000
H        2.25104163      -1.04864990       0.61255865
H       -0.28391531      -2.13887145      -0.00000000
H       -1.52145135      -1.23484856      -0.87564365
H       -1.52139133      -1.23471640       0.87568993
9
Properties=species:S:1:pos:R:3 REF_energy="_JSON [[-3190.0333604759426, -3185.15729398187, -3181.977070997361]]" REF_forces="_JSON [[[-38.21692817423773, 1.086579573584053, 0.9794224090516436], [-37.83541883302003, -0.4635269871800561, 0.5489910803540184], [-38.098611284317144, -1.1768353104785025, 0.8395251031459469]], [[40.884267906142135, 1.5153346782035426, 1.5060781331812525], [40.29677531366309, 1.740681984756331, 1.0325398044959335], [40.11789401694487, 0.6669694672770917, -0.5183290964153651]], [[-1.1284058341692258, 0.40841472208728774, 1.8488645429874742], [-1.5515438163760247, 0.9590159091391104, -0.8176498525082158], [-2.2177529345563407, 1.624141655809044, -3.6667740948894045]], [[1.5464032712429205, -1.624988380420101, 1.2158919973764106], [1.772384453793616, 0.42034909009887406, -0.5486533604770919], [2.4192336519127817, 2.83333659730011, -2.131428344818119]], [[-0.6551389359235829, 0.0014531285127766579, -1.9334660196804216], [-1.1272144078229422, -0.25921896387894294, 0.9755860631887908], [-1.696705014556435, -0.580278878042591, 4.0120707487422]], [[-2.277201535151361, -1.0169102288527316, -3.666584505221894], [-1.2222114329633995, -2.1905285491197684, -1.3013761981089689], [-0.07481317050393706, -3.194956887198286, 1.3617624062233007]], [[0.4085299138622595, -0.36431906373123346, 0.007601746574496116], [0.43821720857074586, -0.2646183209709575, 0.04849879674552177], [0.4623413387519958, -0.22887894708744122, 0.0820002866610554]], [[-0.5437831186121332, -0.24074643612490354, -0.369441738387676], [-0.22465238010944125, 0.2299660558064003, -0.4515397659262692], [0.11185386675241568, 0.6736563387671605, -0.5024887132441006]], [[-0.017743493152989686, 0.23518200674092157, 0.4116334341177687], [-0.546336105736538, -0.17212021864921614, 0.5136034322346537], [-1.0234404704288476, -0.6171540363485178, 0.5236617045960102]]]" pbc="F F F"
C        0.00000000       0.00000000       0.00000000
C        1.06269300       0.00000000       0.00000000
H       -0.52078843       0.95765779       0.00000000
H        1.57824394      -0.57933659      -0.76459078
C       -0.87048002      -1.22379842      -0.00000000
H        1.93623370       0.73343780       0.96796885
H       -0.28391531      -2.13887145      -0.00000000
H       -1.52145135      -1.23484856      -0.87564365
H       -1.52139133      -1.23471640       0.87568993
9
Properties=species:S:1:pos:R:3 REF_energy="_JSON [[-3194.646636274851, -3186.723785174714, -3179.587960012803]]" REF_forces="_JSON [[[-16.596423376635606, -1.268155087992961, 0.09886966581049327], [-19.74106195027537, -0.6906391315629454, 0.8958118853866588], [-20.857945849194994, -0.5252313741902322, 2.6333405494774946]], [[19.542378518661515, -2.746854142197832, 0.527839532455146], [20.607492330632034, -0.5121764291614068, -1.58812899619525], [20.78463630713507, 0.36098238864893173, -4.534713948088971]], [[-0.3709740353427571, 0.28568020407515005, -0.42076095659349], [-1.828326599892391, 1.106638355615035, 1.1066197348195608], [-1.45392392663025, 0.8636591264038959, 5.645753193179458]], [[0.9289606281703972, -0.0221252117303775, 0.5164459886816917], [0.678279427654348, 0.09459423783148611, -0.5571470688603419], [2.6648023974900936, -1.081291542162536, -3.7160840313475103]], [[-0.39228954956352696, 0.34501955919255767, 0.4804986815497494], [0.2949057773049228, -0.06615689503504943, -1.2682046647477447], [-1.3191646718073033, -0.4373968896413128, -5.242018847912335]], [[-2.9486221022759644, 3.8306646279020335, -1.1760540912351425], [0.31846990316573065, -0.16081032784770638, 1.271168667524199], [0.6605291313190698, 1.4809483995553443, 5.286972348363545]], [[0.4223159047606321, -0.3748568725745265, -0.003573606906984388], [0.562391614422035, -0.25920568965699353, 0.01319016226087423], [0.3965482688072022, -0.3209040165725235, -0.11893818113856533]], [[-0.23183881938287318, 0.02826059489633998, -0.3870447437727721], [-0.5536024337484562, -0.019304274006162036, -0.3729910384519988], [-1.124353047253673, -1.116200654722686, -0.5351670785213832]], [[-0.3535071683929013, -0.07763367156836969, 0.36377953001159463], [-0.33854806926181447, 0.5070601538248369, 0.4996813182644637], [0.24887139013605528, 0.7754345626792997, 0.5808559959885468]]]" pbc="F F F"
C        0.00000000       0.00000000       0.00000000
C        1.17011026       0.00000000       0.00000000
H       -0.52078843       0.95765779       0.00000000
H        1.68566120       0.93633872      -0.20856598
C       -0.87048002      -1.22379842      -0.00000000
H        2.04365096      -1.18540104       0.26404369
H       -0.28391531      -2.13887145      -0.00000000
H       -1.52145135      -1.23484856      -0.87564365
H       -1.52139133      -1.23471640       0.87568993
9
Properties=species:S:1:pos:R:3 REF_energy="_JSON [[-3193.2483332167467, -3190.727631506855, -3190.3850349866443]]" REF_forces="_JSON [[[0.38518657922009, 0.27314720430012945, 0.4979445117537193], [1.2198317694091363, -0.9121838690294642, 0.3993357556596581], [1.122712025105572, -0.2308066099781271, -0.18457041393271842]], [[1.9364688554767056, 0.5291985334268834, 3.0991644809498555], [1.9975356058799274, 0.5957601888426016, 3.4434289463169905], [-0.2752085399219665, 0.5364314991515439, 2.766207358779684]], [[-0.3174213407115467, 0.4130410638114219, 1.1643339978963942], [-0.8883407275600811, 0.6546069002251519, -0.391543665463983], [-0.07251407432584817, 0.6873334854088587, -1.2057418358732939]], [[0.7875876867421385, -1.1840678381266847, 0.16115923993807824], [0.5686497560364607, 0.3154161049258013, -0.30369338735856966], [1.2258233814621804, 1.2806913061359742, -0.43703467691859216]], [[0.25919328535125424, 0.17359446827377903, -1.1478811750962947], [0.41855499950756747, 0.17981692214870088, 0.34676875081794084], [-0.13328258149618769, 0.03444956051725859, 1.5836991842206052]], [[-2.7338297281661883, 0.2361346795513574, -3.8237839710145844], [-2.836465718360232, -0.9932035753122554, -3.562770222442903], [-1.523302749808466, -1.5889678107549365, -2.502519617680647]], [[0.3181484450072988, -0.425351944252782, 0.008346803959860646], [0.4437783563222084, -0.24081968118573738, 0.01946501248127607], [0.2949334383452384, -0.46202615771151484, 0.005756795288146782]], [[-0.48130677061823135, -0.13521905892161165, -0.4065587136283165], [-0.3953317422802674, 0.2637278371925855, -0.450112084630007], [-0.09709277771202061, 0.1077652811791821, -0.506762321422208]], [[-0.15402701230579952, 0.11952289193893145, 0.4472748252405899], [-0.5282122989518017, 0.1368791721941442, 0.4991208946195685], [-0.5420681216472568, -0.3648705539480921, 0.48096552753929633]]]" pbc="F F F"
C        0.00000000       0.00000000       0.00000000
C        1.41891461       0.00000000       0.00000000
H       -0.52078843       0.95765779       0.00000000
H        1.93446555      -0.16540022      -0.94491943
C       -0.87048002      -1.22379842      -0.00000000
H        2.29245531       0.20939601       1.19626419
H       -0.28391531      -2.13887145      -0.00000000
H       -1.52145135      -1.23484856      -0.87564365
H       -1.52139133      -1.23471640       0.87568993
9
Properties=species:S:1:pos:R:3 REF_energy="_JSON [[-3193.970694833565, -3190.403490564988, -3189.18588063407]]" REF_forces="_JSON [[[3.443813517522503, -0.7340132599019378, 0.05616071766060098], [2.4172163416505867, -0.5309533082258097, 0.2575502407187673], [0.15639697887735252, -0.09085310072013922, 0.6102689055264268]], [[-0.997707945560319, -1.7437005145525013, 3.132933323925748], [-0.35569444633996417, -2.0398126626027784, 2.5237395224984827], [1.4350894228047162, -1.5417275712999814, 2.363940959577524]], [[-0.013648031467806361, 0.4752527338430815, -1.2831749743249046], [-0.475452638631773, 0.6544955925588137, 0.5552528718621063], [-0.38187724262570566, 0.648630093421994, 2.347963518539989]], [[0.5733556985374025, 1.2982007536813855, 0.5852065465123112], [0.5879839069534277, -0.15535961591559916, -0.3445190661904255], [0.919332700690076, -1.91584139420622, -1.2129308545509654]], [[0.2740405412904585, 0.2520182955973097, 1.492414807253504], [0.4933136326770402, 0.22929604705588835, -0.4431091246066688], [0.37944509506193264, 0.22118433829861373, -2.3755316581611376]], [[-2.9690664107637605, 0.8552329126711196, -3.9423975205627606], [-2.2640082907782815, 1.9875680770559907, -2.528417441535674], [-2.0530350987268915, 3.1525961035820713, -1.7905567502263018]], [[0.32372428149086463, -0.40027373640161834, -0.006446496159624797], [0.39876295323146355, -0.3351725953581388, -0.01930002544983796], [0.34563097423889155, -0.42163092566830124, -0.01566611512228956]], [[-0.10756247273405337, 0.18886823917024004, -0.4372401283274406], [-0.4801195857612391, 0.027521319196754802, -0.4869763915922449], [-0.7416564250433522, -0.33978966567919333, -0.47198813611882195]], [[-0.5269491783167896, -0.19158542410651516, 0.40254372402277294], [-0.32200187300082533, 0.16241714623583473, 0.4857794142946744], [-0.059326405278480474, 0.2874321222722526, 0.544500130536383]]]" pbc="F F F"
C        0.00000000       0.00000000       0.00000000
C        1.47334623       0.00000000       0.00000000
H       -0.52078843       0.95765779       0.00000000
H        1.98889717       0.44514162      -0.84975225
C       -0.87048002      -1.22379842      -0.00000000
H        2.34688693      -0.56354750       1.07578293
H       -0.28391531      -2.13887145      -0.00000000
H       -1.52145135      -1.23484856      -0.87564365
H       -1.52139133      -1.23471640       0.87568993
9
Properties=species:S:1:pos:R:3 REF_energy="_JSON [[-3194.568703409505, -3188.7830908952906, -3184.832001998375]]" REF_forces="_JSON [[[-10.004732417554244, 0.879343153599248, 0.5041191620654202], [-11.559374088426189, -0.8121412735821245, 0.2365168623712879], [-15.419409373739326, -0.5302005530645222, 0.26031485308277796]], [[12.705770580344986, 2.382580206822431, 1.6935615937404283], [13.558346838476067, 2.2112121411198595, 0.4397329475037142], [16.928227863586535, 1.1927260502689703, 0.39618475854835006]], [[-0.5797729077149568, 0.31564571712095996, 1.2807866081814185], [-1.01044398137738, 0.8368421089415083, -0.9462446410020258], [-1.3678019316554122, 1.015486336426346, -3.620344121312973]], [[0.9620804985765923, -0.9208926449215609, 1.063295613416841], [1.1044071216854219, 0.3192615119837685, -0.602676336833653], [1.8705080325710512, 2.263438943008377, -2.677228633985407]], [[-0.08262899413612379, 0.1493879826469159, -1.3543616420150593], [-0.3025529172496529, 0.0805259105531533, 1.187611129376547], [-0.557627551963198, -0.01732705531425167, 4.107440372336883]], [[-2.829063370789741, -2.400988607534166, -3.2517993921466006], [-1.3119315978258579, -2.427104338807093, -0.4300990735965128], [-0.8355666274369036, -3.5583953579850727, 1.4469378892735867]], [[0.3601429050840911, -0.4174713946157486, 0.014962318491008474], [0.3921210639728578, -0.309079529678354, 0.04195738680619469], [0.4102024252575255, -0.2989272326207591, 0.06919239912877337]], [[-0.44995193540537975, -0.1491175398401355, -0.36495891299281014], [-0.21821873622967777, 0.28727842443993873, -0.46125999271961265], [0.1007140670834165, 0.6430748519182972, -0.5386239779996412]], [[-0.08184435840002056, 0.16151312672066598, 0.4143946512586223], [-0.652353703024427, -0.1867949549688302, 0.5344617180948421], [-1.1292469037027373, -0.7098759826356212, 0.5561264609281297]]]" pbc="F F F"
C        0.00000000       0.00000000       0.00000000
C        1.22526680       0.00000000       0.00000000
H       -0.52078843       0.95765779       0.00000000
H        1.74081774      -0.73729406      -0.61369978
C       -0.87048002      -1.22379842      -0.00000000
H        2.09880750       0.93341132       0.77694145
H       -0.28391531      -2.13887145      -0.00000000
H       -1.52145135      -1.23484856      -0.87564365
H       -1.52139133      -1.23471640       0.87568993
9
Properties=species:S:1:pos:R:3 REF_energy="_JSON [[-3194.662359557924, -3188.4505691186428, -3184.00440197879]]" REF_forces="_JSON [[[-11.118346752904198, -1.1383877657504504, 0.17317340013927682], [-13.105773773489288, -0.2603348784775607, 0.8346328712700674], [-17.199153383532337, -0.43760014323317536, 1.658325986382253]], [[13.899269606661706, -2.4206568139151194, 1.6333006516715987], [14.914013303383781, -2.500231264438683, -0.29280110051091995], [18.460492255834126, -1.605899810137849, -0.8958495917754138]], [[-0.3469644156403107, 0.3713873355999282, -1.1151706096630931], [-1.2847122319738227, 0.7977561977253003, 1.2838289919905934], [-1.5818396088325897, 1.024178570647866, 4.048013694751343]], [[0.9311128175182729, 0.6588149451281106, 1.0624636025488317], [1.023016125327937, -0.2699102212453657, -0.6337092232189064], [1.8959213309024712, -2.0036260362839906, -2.839681105548977]], [[-0.31293428971376785, 0.2617600094227769, 1.239669095167946], [-0.1398014565791982, -0.0441865079254993, -1.2369765499050713], [-0.42562446235135165, -0.05857382983646497, -3.9535912616969555]], [[-2.8496736189793044, 2.667426108988595, -2.956337130396934], [-1.0678253149199401, 2.357545369013916, 0.03246039078609709], [-0.5988398936077493, 3.4299229770316564, 2.0192725005859438]], [[0.3944672975264779, -0.36601348928256994, -0.002397123844250956], [0.44016002616008804, -0.2756369416139549, -0.03167986295518649], [0.40561607399465566, -0.31640798150774024, -0.08448039457357098]], [[-0.13317777586388374, 0.13618012634669757, -0.40274681904153226], [-0.5480808191678848, -0.14803425075900678, -0.4483273262169832], [-1.0304600129076436, -0.6437290922528288, -0.5184224173093477]], [[-0.46375286860469367, -0.17051045653915423, 0.368044933418251], [-0.23099585873896694, 0.3430324977198589, 0.4925718087589361], [0.0738877004984227, 0.611735345576018, 0.5664125891852292]]]" pbc="F F F"
C        0.00000000       0.00000000       0.00000000
C        1.21393798       0.00000000       0.00000000
H       -0.52078843       0.95765779       0.00000000
H        1.72948892       0.78441366      -0.55220030
C       -0.87048002      -1.22379842      -0.00000000
H        2.08747868      -0.99306453       0.69908336
H       -0.28391531      -2.13887145      -0.00000000
H       -1.52145135      -1.23484856      -0.87564365
H       -1.52139133      -1.23471640       0.87568993
9
Properties=species:S:1:pos:R:3 REF_energy="_JSON [[-3194.0871312659083, -3190.25214927145, -3188.8030025549006]]" REF_forces="_JSON [[[4.193399209949611, 0.39246124868433263, 0.3822897077054442], [2.6978880183822196, -0.7287924682262878, -0.040769279308293986], [-0.04467526869476586, -0.45668300824558733, -0.13032370308264263]], [[-1.7665531500020581, 1.956906115294672, 2.8690131626218247], [-0.716695930631244, 2.0894198946840103, 2.4142191307347227], [1.6653771107706912, 1.5333256681558023, 2.69393522646303]], [[-0.11773734910863011, 0.3949441769525054, 1.2558876003070245], [-0.34753240025754184, 0.6392215079967444, -0.4436570980499361], [-0.2583340897321015, 0.6515635726150747, -2.1897375155253775]], [[0.538670781294659, -1.2033268218451554, 0.6102215683381517], [0.5590861972540898, 0.16116930149317094, -0.3892688333229533], [0.8788419950220399, 1.8441221121862221, -1.3905212360552102]], [[0.45616854724495753, 0.16718815654197824, -1.3207630503356786], [0.5156192938839947, 0.25322894803502133, 0.6454007441939603], [0.39574285494196515, 0.29415806506289877, 2.5944331499487356]], [[-3.042391919537884, -1.3110290941503249, -3.864466899092172], [-2.247927415576578, -2.213864865641628, -2.269733535672813], [-2.118797792804562, -3.338756118396569, -1.5655740769219073]], [[0.30807532471144305, -0.4392092325655798, 0.017514739487826225], [0.37453680937917044, -0.35933722742611707, 0.022293108604402534], [0.3409693279228443, -0.4324828533896737, 0.01752955235460342]], [[-0.4726533001177022, -0.12316617657117897, -0.39782856553634216], [-0.28891567667007534, 0.20549298801870153, -0.47203344973326455], [-0.0453176743662438, 0.3325718487768532, -0.5298815807913528]], [[-0.09697814443349452, 0.16523162765923932, 0.4481317365045688], [-0.5460588957647293, -0.046538078936319255, 0.5335492125536483], [-0.8138064630585842, -0.4278192867661521, 0.5001401836097934]]]" pbc="F F F"
C        0.00000000       0.00000000       0.00000000
C        1.49497825       0.00000000       0.00000000
H       -0.52078843       0.95765779       0.00000000
H        2.01052919      -0.51544706      -0.80903911
C       -0.87048002      -1.22379842      -0.00000000
H        2.36851895       0.65255391       1.02424026
H       -0.28391531      -2.13887145      -0.00000000
H       -1.52145135      -1.23484856      -0.87564365
H       -1.52139133      -1.23471640       0.87568993
9
Properties=species:S:1:pos:R:3 REF_energy="_JSON [[-3193.109560046072, -3190.782664086064, -3190.5259592173843]]" REF_forces="_JSON [[[0.561763903212974, -0.28620319883343937, 0.24365124734697774], [1.663261828351953, -0.9950997138951765, 0.7518695390927963], [2.0388335855482764, 0.24493338742728044, -0.16365622810642627]], [[1.749262275232108, -0.41532973777125004, 3.2795211448589456], [2.070078963891178, -0.6065069216789244, 3.6106123462755115], [-1.7289553506305109, -0.20193396283541867, 2.5713630356443926]], [[-0.20571689447184266, 0.4428719671910266, -0.614450164021444], [-1.084633492530936, 0.648045255052477, 0.317104368161746], [0.11539839992529947, 0.6826801205405952, 0.7513793742599377]], [[0.7676672188846462, 0.712239454308843, 0.04461713229052984], [0.4274679874176526, -0.33708989387744553, -0.3201786603686139], [1.2725385041985018, -0.556195306243833, -0.2543676962630679]], [[0.21879913900791387, 0.2280416581108061, 0.807787853451855], [0.5867566182246886, 0.19980736037820104, -0.5144802790536798], [-0.15249783873515355, -0.0024257860162067886, -0.45731660154416415]], [[-2.737585245973139, -0.21581793172910568, -3.7534432703596115], [-3.174646837922739, 0.7137717889100919, -3.868129798814333], [-1.2580638079115711, 0.7257988875656387, -2.4925526302984804]], [[0.31447693022137735, -0.41633332682739516, 0.0010269946281909403], [0.48408991176154126, -0.19137135870672314, 0.005544782563304365], [0.26145925748533644, -0.5165841286496929, -0.0007524127120268599]], [[-0.22182043791863923, 0.09304321853819962, -0.43297208386947583], [-0.560334333362802, 0.21809560697133032, -0.4561150973866353], [-0.3395287717643943, -0.2278892430349569, -0.477721298810413]], [[-0.44684688819369306, -0.14251210298668396, 0.4242611456747225], [-0.4120406458315188, 0.35034787684732266, 0.4737727995312474], [-0.20918397811371225, -0.14838396875356288, 0.5236244578301762]]]" pbc="F F F"
C        0.00000000       0.00000000       0.00000000
C        1.43371526       0.00000000       0.00000000
H       -0.52078843       0.95765779       0.00000000
H        1.94926620       0.08769197      -0.95526963
C       -0.87048002      -1.22379842      -0.00000000
H        2.30725596      -0.11101768       1.20936751
H       -0.28391531      -2.13887145      -0.00000000
H       -1.52145135      -1.23484856      -0.87564365
H       -1.52139133      -1.23471640       0.87568993
9
Properties=species:S:1:pos:R:3 REF_energy="_JSON [[-3194.211636146321, -3186.6209868169326, -3180.0167121349873]]" REF_forces="_JSON [[[-19.295499374086734, 1.0410462399223437, 0.2742196902592162], [-20.996776616058654, -1.4243573736936397, 0.30602752506656133], [-20.769950490069252, -0.11695199128191541, 0.8018394645115255]], [[22.208714008268803, 2.830833885454132, 0.677623915392714], [22.50931947902277, 0.3545673238704613, -1.0792349057159327], [20.820707537135398, -1.5540148427270493, -3.1229230816562925]], [[-0.6560340947557561, 0.23760505726267922, 0.6149883094420014], [-1.2279220182678017, 1.3761326277918777, -0.9189026761147443], [-1.9253525344251716, 1.6141049313856204, -4.418420573470209]], [[1.008079864592971, -0.18127234239451268, 0.6761339166354537], [0.9488364336500322, -0.06774840947609592, -0.6938196707443165], [2.6849066113883815, 1.418878020627122, -3.296317644640941]], [[-0.21119609288135438, 0.24129016708022002, -0.662130056886203], [-0.2671773429054717, 0.15339080280781686, 1.2212760180005424], [-1.4660598168654146, -0.5160587789309831, 5.035668117316063]], [[-2.905190562551137, -3.73876365867811, -1.6301435073620278], [-0.38063885557778976, -0.41417274038191043, 1.1066448560933362], [1.2425500424854987, -0.5597086571666761, 4.761953783664955]], [[0.37793914742163365, -0.423729814617289, 0.01192442180661387], [0.38922181254012367, -0.2910113377000407, 0.04407835727043702], [0.4462799942066931, -0.18742572019826595, 0.09800022237994048]], [[-0.3457376772211948, -0.07400538285986709, -0.363339501691446], [-0.2774245981258911, 0.4063791224402709, -0.49171665679484905], [0.3146467907859965, 0.8815166890549367, -0.5342512639249052]], [[-0.18107521878655605, 0.06699584883012871, 0.4007228124036615], [-0.6974382942794676, -0.0931800156600107, 0.5056471529387088], [-1.3477281346409995, -0.9803396507638805, 0.6744509758189886]]]" pbc="F F F"
C        0.00000000       0.00000000       0.00000000
C        1.15327481       0.00000000       0.00000000
H       -0.52078843       0.95765779       0.00000000
H        1.66882575      -0.91549781      -0.28652000
C       -0.87048002      -1.22379842      -0.00000000
H        2.02681551       1.15901655       0.36273317
H       -0.28391531      -2.13887145      -0.00000000
H       -1.52145135      -1.23484856      -0.87564365
H       -1.52139133      -1.23471640       0.87568993
9
Properties=species:S:1:pos:R:3 REF_energy="_JSON [[-3192.117485701712, -3186.6801685882833, -3182.96032966899]]" REF_forces="_JSON [[[-27.083338387062977, -1.2517337733528153, 0.35910152206463025], [-27.41312120335064, -0.2685405315170512, 0.9192289185556489], [-28.895141697663274, -0.21115517868243083, 1.9126493114828746]], [[29.84499332576683, -1.7041841422666015, 1.7634879158892889], [29.71147805051321, -2.2401046624069743, 0.5279610104867738], [30.357421141733834, -1.203185048078954, -1.2171303450182123]], [[-0.664240633751862, 0.40700659046048454, -1.5752102997910808], [-1.5638204199237706, 0.8722630570593696, 1.1403699186988028], [-2.2182792371583444, 1.362484108885526, 4.0217565795020604]], [[1.299031836909204, 1.189293647683356, 1.271827958051626], [1.4774642912981024, -0.38828034784232146, -0.6151248232872858], [2.242600062704162, -2.487081002802734, -2.4861020863971253]], [[-0.6737384086545058, 0.15030814731377037, 1.6989774904771566], [-0.7702535623821538, -0.2979218520722795, -1.1358420569296774], [-1.1126556855518304, -0.564724241229333, -3.9847727546196374]], [[-2.5204814153351283, 1.5899261158760611, -3.4949894214395516], [-1.164164499403276, 2.417569452546539, -0.8610979564859498], [0.013460211246202884, 3.2648616995224864, 1.7606381135021747]], [[0.41827183606226637, -0.33455959345736386, 0.006914543425969033], [0.45134959371364297, -0.24378664456248553, -0.023927312904568517], [0.4330668813517438, -0.26882632488517155, -0.07046175146611218]], [[-0.08501450894900416, 0.19612812214423314, -0.4048030027442047], [-0.5135126248329167, -0.14444673435365518, -0.44755140487755374], [-0.949769849456978, -0.562019509219441, -0.4818291283381701]], [[-0.5354836449827841, -0.24218511439992438, 0.3746932940661856], [-0.21541962562951705, 0.2932482631500796, 0.49598370674408515], [0.1292981727944611, 0.6696454964918283, 0.5452520613527908]]]" pbc="F F F"
C        0.00000000       0.00000000       0.00000000
C        1.11185911       0.00000000       0.00000000
H       -0.52078843       0.95765779       0.00000000
H        1.62741005       0.65923843      -0.69687492
C       -0.87048002      -1.22379842      -0.00000000
H        1.98539981      -0.83459320       0.88224084
H       -0.28391531      -2.13887145      -0.00000000
H       -1.52145135      -1.23484856      -0.87564365
H       -1.52139133      -1.23471640       0.87568993
9
Properties=species:S:1:pos:R:3 REF_energy="_JSON [[-3195.664297757603, -3189.14504641186, -3184.3786407150105]]" REF_forces="_JSON [[[-1.0089518000933744, 0.7451346811879727, 0.23420622946120342], [-4.840108757778501, -1.2904266006633416, 0.162870132442393], [-12.282404830597637, 0.372859999002418, -0.048831296081512765]], [[3.6853015738475574, 3.0533067217540504, 1.2076876957970932], [6.086795120680081, 1.8458058357945, -0.9818665347180222], [14.252294435801081, 2.5021711527589843, 0.9280789537658465]], [[-0.3036004151684226, 0.30105430802979466, 0.7185040849887969], [-0.643136801721908, 0.8253466972927798, -0.756636898432851], [-0.8352264520342436, 0.4775017542521177, -3.4680313549303383]], [[0.6964870014928205, -0.3786362544943045, 0.6991917576081589], [0.540472340132638, -0.04891620054998642, -0.3352763456203311], [1.4684116552670836, 1.4647217143627493, -3.0220878362874046]], [[0.18141211594057238, 0.20821033340737907, -0.7579275146057425], [0.35400367136953687, 0.39142240355900393, 1.0566157289450813], [0.47734052054887394, 0.5638286729024238, 4.0148394919831265]], [[-3.077557570835779, -3.5105841553922823, -2.157091953754747], [-0.8898351369485138, -1.5784533631035302, 0.7094134367688755], [-2.253486879134766, -4.691079142403433, 1.4965080690475838]], [[0.3362286254895432, -0.442709660309291, 0.014806100907774223], [0.36877606113962813, -0.3434110567593813, 0.023260037329098395], [0.39133283229278976, -0.40659206377660134, 0.07511869325764493]], [[-0.35397106368185927, -0.0656943789886788, -0.3729656542402647], [-0.24909104916182698, 0.3108295703082397, -0.45473385728013155], [0.01170200661255743, 0.5475783606287516, -0.5888945208281702]], [[-0.15534846698630972, 0.08991840480504858, 0.41358925383808054], [-0.7278754477138837, -0.11219728587710243, 0.5763543005662969], [-1.229963288756088, -0.8309904477270739, 0.6132998000737434]]]" pbc="F F F"
C        0.00000000       0.00000000       0.00000000
C        1.32630002       0.00000000       0.00000000
H       -0.52078843       0.95765779       0.00000000
H        1.84185096      -0.87459004      -0.39410940
C       -0.87048002      -1.22379842      -0.00000000
H        2.19984072       1.10722747       0.49894091
H       -0.28391531      -2.13887145      -0.00000000
H       -1.52145135      -1.23484856      -0.87564365
H       -1.52139133      -1.23471640       0.87568993
9
Properties=species:S:1:pos:R:3 REF_energy="_JSON [[-3195.1002775633774, -3189.032512908615, -3185.3175366640044]]" REF_forces="_JSON [[[6.473615345747074, -0.9218362181596603, 0.003747680138163069], [0.6525794537775913, -0.402379850556033, 0.19448288806138517], [-10.045983510509654, -1.859739735496641, 0.37317577547398234]], [[-4.026285945066888, -3.6783682747734887, 0.3946504572512928], [-0.38568836520838623, -2.0422834616118974, -2.6915924058440313], [13.7924577021354, -5.543950469706461, 1.9173734467509413]], [[0.21579271784566417, 0.4612730961991618, -0.13722801067219026], [-0.3818951011873837, 0.6103223387330378, 1.0379187534713847], [0.6787130375030761, 0.33401744297867525, 0.9426890622114873]], [[0.3092463978943326, 0.15326772751508688, 0.19571810761810995], [-0.038390555855842216, 0.5350535439050487, 0.4228245433599491], [0.5955797029924483, -0.43271634672891185, -1.5248945732739747]], [[0.49428049383361816, 0.3704411516025588, 0.20473572016875155], [1.2033301146036706, 0.5194057984887983, -0.26976338879642453], [1.6215911548727238, 1.740265773107334, -1.3028797408637764]], [[-3.2233444205978734, 3.9894301719454988, -0.641879899358075], [-0.6876873546692804, 0.8938901915718671, 1.4034591247014152], [-5.500596984762818, 7.01872142573769, -0.4267416271255811]], [[0.33249603858450233, -0.41287632706072697, -0.007316756551355563], [0.4238176846756855, -0.40529179110933206, -0.04817176170510039], [0.3320976032424628, -0.6249500551002093, -0.015065015458669496]], [[-0.2605817109442013, 0.04000346413715553, -0.4168343375541946], [-0.3968547139200094, 0.07542247988533686, -0.4987385571421744], [-0.9506596824550736, -0.500956952447251, -0.6441961962561907]], [[-0.3152189172899556, -0.0013347914058556365, 0.40440703895932284], [-0.3892111622148393, 0.21586075069322172, 0.449580803894179], [-0.5231990230190195, -0.13069108234547014, 0.680538868541295]]]" pbc="F F F"
C        0.00000000       0.00000000       0.00000000
C        1.53624634       0.00000000       0.00000000
H       -0.52078843       0.95765779       0.00000000
H        2.05179728       0.95024038      -0.13142742
C       -0.87048002      -1.22379842      -0.00000000
H        2.40978704      -1.20300050       0.16638659
H       -0.28391531      -2.13887145      -0.00000000
H       -1.52145135      -1.23484856      -0.87564365
H       -1.52139133      -1.23471640       0.87568993
9
Properties=species:S:1:pos:R:3 REF_energy="_JSON [[-3193.2785092832783, -3190.494595373853, -3189.8604073553965]]" REF_forces="_JSON [[[-3.7928432521439044, 0.4730466916557447, 0.6670479730969048], [-3.0600179202617275, -0.5438959112541243, 0.26106170326821926], [-4.1159280688471345, -0.6333986249873201, 0.12871487741889268]], [[6.15428027822286, 0.7540236112887738, 2.7119253127946084], [5.525507361102721, 0.9889779006132455, 2.9040186005008786], [5.931380547060738, 0.698264324164203, 2.7208796358139784]], [[-0.5568740614063571, 0.433073971231294, 1.6624790389004986], [-0.8074319106969127, 0.6691572600679124, -0.2961536531875609], [-0.6554755874114361, 0.7169093310313124, -2.2331932162451906]], [[0.9892338031779518, -1.691244285637869, 0.40539097017327685], [0.983198947236912, 0.19819269160793712, -0.24989584945314522], [1.3224126035572534, 2.2054433687620385, -0.7733878242459339]], [[0.03607850120009272, 0.10312637258090099, -1.7005088989643908], [-0.06307159314675878, 0.05151258321532783, 0.369480617235442], [-0.25629481325345455, 0.016522478725934167, 2.510404932851455]], [[-2.5530345823676175, 0.3355148638434816, -3.807971591546466], [-2.1597524612447265, -1.1885608524935813, -3.053864007480551], [-1.8095138581508594, -2.6200433309436115, -2.351136471996387]], [[0.34212678338443947, -0.4081400699474773, 0.008629053461527668], [0.39521311500757855, -0.30615785550823943, 0.021094342896865896], [0.36512504410902047, -0.34763913830292464, 0.021126314358414878]], [[-0.5480675893563907, -0.20047680428392933, -0.39141004257251183], [-0.340349925190237, 0.14390044128292387, -0.4575011390001864], [-0.03333223690752866, 0.34781415710918523, -0.4935669488931577]], [[-0.07089988070975582, 0.20107564926678498, 0.44441818465757327], [-0.473295612804017, -0.01312625753295755, 0.5017593852200901], [-0.7483736301588089, -0.3838725655592124, 0.4701587009379295]]]" pbc="F F F"
C        0.00000000       0.00000000       0.00000000
C        1.32150083       0.00000000       0.00000000
H       -0.52078843       0.95765779       0.00000000
H        1.83705177      -0.24386260      -0.92777206
C       -0.87048002      -1.22379842      -0.00000000
H        2.19504153       0.30872907       1.17455569
H       -0.28391531      -2.13887145      -0.00000000
H       -1.52145135      -1.23484856      -0.87564365
H       -1.52139133      -1.23471640       0.87568993
9
Properties=species:S:1:pos:R:3 REF_energy="_JSON [[-3195.8966119725337, -3188.424123461021, -3180.478656705845]]" REF_forces="_JSON [[[-2.906462431599715, -1.1612366986499634, 0.003686942912148549], [-6.868355925289276, -0.49807314988080464, 0.5249578522579108], [-28.4840383845239, -0.8457323588967686, 1.8302173811740972]], [[5.681445884038795, -3.2281494735044105, 0.11870891216526679], [6.474780516375707, 1.027025161823862, -2.157222666166927], [33.345151843187416, -8.297827689406441, -3.421105686692508]], [[-0.1492691414170316, 0.3921082226214619, -0.013091745676902062], [-1.5007922545671282, 0.9358508116860386, 0.435622062850207], [0.34031987202255437, -0.6662402909488414, 4.535702623188822]], [[0.674227850209457, -0.022818572410132344, 0.05356865489881385], [0.1019738943680412, 0.3214038548252175, 0.46403276940964394], [0.943840292209179, -0.6048650616611277, -2.814920312815275]], [[-0.025807232880472517, 0.3892499609194188, 0.05865144430328167], [0.7377645012585038, 0.05491789701574547, -0.13570827501489294], [2.3853751509741294, 2.5459323462367145, -4.145100388605966]], [[-3.0889430795859907, 4.0480797755274605, -0.20536162185635018], [1.2713262014291904, -2.1238244069060914, 0.9320138910685707], [-6.565712650632857, 9.433741591069921, 4.0503559325146625]], [[0.39582200040179155, -0.4000066994514656, -0.0023550772336841416], [0.5638033474472214, -0.29798065553232356, -0.006352329049624733], [0.35129401833857743, -0.6006124770666791, -0.06026340083383303]], [[-0.28724736551294794, -0.00929469480771036, -0.38879506617579873], [-0.37839020980648946, 0.22156756958288873, -0.4232289338545118], [-1.6784053284156024, -1.239274941735642, -0.809856210170153]], [[-0.29376648365117747, -0.0079318202444167, 0.37498755666313494], [-0.40211007121426984, 0.35911291738390194, 0.3658856284997469], [-0.6378248131609604, 0.2748788824088821, 0.8349700622406282]]]" pbc="F F F"
C        0.00000000       0.00000000       0.00000000
C        1.29368720       0.00000000       0.00000000
H       -0.52078843       0.95765779       0.00000000
H        1.80923814       0.95817878      -0.04608021
C       -0.87048002      -1.22379842      -0.00000000
H        2.16722790      -1.21305048       0.05833736
H       -0.28391531      -2.13887145      -0.00000000
H       -1.52145135      -1.23484856      -0.87564365
H       -1.52139133      -1.23471640       0.87568993
9
Properties=species:S:1:pos:R:3 REF_energy="_JSON [[-3193.3459241315845, -3190.329712606174, -3189.6511120682453]]" REF_forces="_JSON [[[4.138531912011297, 0.2607874560610761, 0.40132949172054605], [3.6503893358159267, -0.8482049527285379, 0.11517389120352495], [2.555698219543733, -0.38792594903160876, -0.27311904093154493]], [[-1.7817731262213339, 1.2562403102327444, 3.2983083969918336], [-1.1517748831766832, 1.3023921836619943, 3.2200295651933377], [-1.3951723889036736, 1.0173104132844975, 2.9911424011716137]], [[-0.06287414117243012, 0.41161670550557256, 1.178370982888723], [-0.43998900836377847, 0.6326174884596205, -0.36103274157350396], [0.025553603863698718, 0.7045507248996438, -1.5506604321305724]], [[0.5170806271662766, -1.2184107385085043, 0.2994755755518763], [0.41915596404144323, 0.21915554099440587, -0.39067557582584095], [0.8481679169987231, 1.5039361327507454, -0.7860099708681466]], [[0.5231592202229656, 0.18766597363317275, -1.2233396153460423], [0.6897907502907216, 0.26832391701190195, 0.44374719489303655], [0.29637924322047243, 0.1880500010203721, 1.9674832682486743]], [[-3.0258565630274767, -0.4753761056986527, -4.014088382013087], [-2.7092188367317926, -1.5823296494206889, -3.1055670985414214], [-1.905017358563677, -2.357975202511634, -2.3139508911806965]], [[0.2963349186798285, -0.44260057779735457, 0.014410326278644744], [0.4081978664590491, -0.3078488418021426, 0.020220655167343782], [0.30286254147976105, -0.48365628950465206, 0.003851865313497862]], [[-0.47837723298697643, -0.12335876488142941, -0.411475091037164], [-0.34293092560328364, 0.2426398327532256, -0.46466418129643283], [-0.07925800360526679, 0.19197850006824982, -0.5275336111408727]], [[-0.12622561467362425, 0.1434357414522916, 0.4570083149648125], [-0.5236202627273836, 0.07325448106985198, 0.5227682907798084], [-0.6492137740350035, -0.37626833097277873, 0.48879641151799685]]]" pbc="F F F"
C        0.00000000       0.00000000       0.00000000
C        1.54132253       0.00000000       0.00000000
H       -0.52078843       0.95765779       0.00000000
H        2.05687347      -0.32493062      -0.90257966
C       -0.87048002      -1.22379842      -0.00000000
H        2.41486323       0.41136085       1.14266222
H       -0.28391531      -2.13887145      -0.00000000
H       -1.52145135      -1.23484856      -0.87564365
H       -1.52139133      -1.23471640       0.87568993
9
Properties=species:S:1:pos:R:3 REF_energy="_JSON [[-3194.653694092044, -3190.17648665204, -3187.8751059923657]]" REF_forces="_JSON [[[-0.37715690443087396, -0.9006311919793053, 0.10934111535354564], [-1.9230213942663787, -0.35357259866707175, 0.4312686226248385], [-5.453394230043792, -0.15815827618915115, 1.0013298971608753]], [[2.9457089901715663, -2.081672130511868, 2.583191958574624], [3.8549321848053784, -2.435845347508441, 1.5762680110454403], [7.169517020485449, -1.89745215077945, 1.4631068944921635]], [[-0.16438252815576185, 0.4514512535962454, -1.381438358276112], [-0.7297061043545227, 0.6703393132009277, 0.8275131177108562], [-0.8575436971844341, 0.7055369633712228, 3.0833815566475598]], [[0.7358163089626619, 1.2273573960280895, 0.9101568166650242], [0.8262354234867051, -0.25034274471172024, -0.40464547650722227], [1.2528826344945083, -2.233250447191949, -1.8605164636564642]], [[0.010976334557948822, 0.24028152690748716, 1.5625847872841625], [0.185472540844229, 0.1429489823659449, -0.7298899167039141], [0.1350190869908109, 0.1800423947649828, -3.1032515365060394]], [[-2.88584830001367, 1.4567800105383697, -3.741058826686244], [-1.8306486950346053, 2.4122704298828754, -1.6871568676093955], [-1.7392266400499716, 3.792696456449394, -0.6094381038839038]], [[0.35286355968590805, -0.3819459567884478, -0.004296951366132767], [0.4034276923761304, -0.32014500267457513, -0.02760913951236064], [0.37841333045505515, -0.3678306262738059, -0.04017555085235371]], [[-0.09409332737464297, 0.19245817291592213, -0.42284360464064147], [-0.5084089471492226, -0.06180266338403533, -0.4738644455493598], [-0.8884258265970807, -0.4493826907000469, -0.48247390121121775]], [[-0.5238841334016275, -0.2040790807064553, 0.38436306309166335], [-0.2782827007113473, 0.19614963149734232, 0.48811609450084675], [0.0027583214493793764, 0.4277983765506201, 0.5480372078088758]]]" pbc="F F F"
C        0.00000000       0.00000000       0.00000000
C        1.35403088       0.00000000       0.00000000
H       -0.52078843       0.95765779       0.00000000
H        1.86958182       0.58452224      -0.76063375
C       -0.87048002      -1.22379842      -0.00000000
H        2.22757158      -0.74000280       0.96295927
H       -0.28391531      -2.13887145      -0.00000000
H       -1.52145135      -1.23484856      -0.87564365
H       -1.52139133      -1.23471640       0.87568993
9
Properties=species:S:1:pos:R:3 REF_energy="_JSON [[-3192.707698215556, -3185.880916846431, -3180.5416061657043]]" REF_forces="_JSON [[[-27.87320304570645, 1.11909776377697, 0.5122420771544989], [-27.979036326476415, -1.0356442856300525, 0.41582142094017616], [-28.10205623735383, -0.899677629711578, 0.806898507682257]], [[30.74266334418966, 2.413114897517079, 1.084608698454637], [30.13040979776444, 1.4315938476447998, -0.577689331321432], [28.697069155940223, -1.1999502532307316, -2.596145703502954]], [[-0.829943387556144, 0.26463588351160966, 1.0655132285425521], [-1.4493819419837404, 1.2677900517593863, -1.0388961214661887], [-2.175353529296833, 1.9411997102046556, -3.8130913560795383]], [[1.2009105270650755, -0.5625979413499455, 1.0504748978586036], [1.3678639970008855, 0.2298861668729967, -0.75523784851144], [2.5883375334964756, 1.9292641756186184, -2.791879264575424]], [[-0.3872118962285208, 0.1786766056549676, -1.1270136364395102], [-0.8270737011019391, -0.08801624961121281, 1.328616803860857], [-1.6228279746736896, -0.557328587566843, 4.379351993230846]], [[-2.7098844720223227, -2.999992077421289, -2.638338242780468], [-0.7998009369565058, -1.7040399670711392, 0.5215863936792756], [1.1445403591099717, -1.0508312671276594, 3.855878504720446]], [[0.3922112881008991, -0.40284048090901864, 0.012895816956338372], [0.4180572738613449, -0.27329027336744643, 0.05258725958669069], [0.4596002192918942, -0.20015259400580546, 0.09204428584965156]], [[-0.4180085594802066, -0.13432192569663404, -0.36105580931436654], [-0.201212322349919, 0.35886381784779225, -0.4671370732624473], [0.1761732059931256, 0.7906805496142816, -0.5325062406569484]], [[-0.11753379836371619, 0.12422727491279384, 0.4006729695666751], [-0.6598258397595673, -0.18714310844607152, 0.520348496495188], [-1.1654827325078434, -0.7532041037955757, 0.5994492733311568]]]" pbc="F F F"
C        0.00000000       0.00000000       0.00000000
C        1.10686568       0.00000000       0.00000000
H       -0.52078843       0.95765779       0.00000000
H        1.62241662      -0.83085830      -0.47948351
C       -0.87048002      -1.22379842      -0.00000000
H        1.98040638       1.05186327       0.60702419
H       -0.28391531      -2.13887145      -0.00000000
H       -1.52145135      -1.23484856      -0.87564365
H       -1.52139133      -1.23471640       0.87568993
9
Properties=species:S:1:pos:R:3 REF_energy="_JSON [[-3190.442181618434, -3188.034481447627, -3187.385231110665]]" REF_forces="_JSON [[[-24.490627190838524, -0.8702628445610514, 0.6232985745662519], [-23.71343871126581, -0.1272383736970454, 0.6548485060815026], [-24.22189563060957, 0.03774241031777722, 1.3031064634655827]], [[26.81444017204609, -0.42942280819036577, 1.9917209303838506], [24.91556430337277, -0.43907652494495486, 1.9818790622341298], [28.060093801105253, -1.0120901201796033, 2.3606243582184767]], [[-0.9638621080444378, 0.6515217671864995, -1.9680368798323986], [-0.8770697830199607, 0.6125807593194142, 0.5226073864036438], [-2.0303169323671155, 0.9862891685407461, 2.406577716101208]], [[1.6107927463227294, 2.0682687145545433, 0.46160064421355884], [1.921856238486635, -0.3611334340646218, -0.3092517840203545], [1.4215173101251735, -2.334163345522692, -0.6730044389194642]], [[-0.7990310810591358, -0.03349647550488648, 2.133094117103504], [-0.7857916012358545, -0.20272782206634055, -0.44375472390773735], [-0.793485526490234, -0.3165322003951385, -2.6250215437629545]], [[-1.8973695843570664, -1.0038174353347227, -3.2368424400606726], [-1.22379385691659, 0.874260917709203, -2.456087352318304], [-2.008362087923805, 2.671662491416262, -2.8049301400732594]], [[0.39875587626070813, -0.3322202465967239, 0.018262555262241142], [0.3863850304502562, -0.2903360708578302, 0.004494836832140261], [0.4656482673777018, -0.2572486975267228, -0.01966496573230458]], [[-0.051303119522565, 0.2746392373434595, -0.4263140097447398], [-0.38095256089633306, -0.09562321305569894, -0.45112511227503915], [-0.8055459441614411, -0.25326476541002485, -0.4415598891339522]], [[-0.6217957108053772, -0.3252099088950769, 0.4032165081095723], [-0.24275905897260824, 0.029293761658467, 0.49638918097004264], [-0.08765325706024324, 0.4776050587576668, 0.49387243983628476]]]" pbc="F F F"
C        0.00000000       0.00000000       0.00000000
C        1.13172657       0.00000000       0.00000000
H       -0.52078843       0.95765779       0.00000000
H        1.64727751       0.18339658      -0.94159208
C       -0.87048002      -1.22379842      -0.00000000
H        2.00526727      -0.23217934       1.19205179
H       -0.28391531      -2.13887145      -0.00000000
H       -1.52145135      -1.23484856      -0.87564365
H       -1.52139133      -1.23471640       0.87568993
9
Properties=species:S:1:pos:R:3 REF_energy="_JSON [[-3195.6125033333306, -3189.170184562384, -3184.4718971281686]]" REF_forces="_JSON [[[4.501816552606283, 0.5100671595996324, 0.05764213000473019], [-0.45238433963157015, -1.666685936529544, 0.11887325620386799], [-13.429985037062377, 1.574373152017458, -0.33425612073643535]], [[-1.9431605645756607, 3.502564609956363, 0.6257372555082191], [0.8013325776775035, 1.1457298673722207, -2.228510332836302], [17.018725057084144, 5.358652721489877, 1.5883116631428722]], [[-0.07342799889278516, 0.33932717976906096, 0.29009813657227435], [-0.23375655548870927, 0.8044619094810689, -0.32435771002825436], [-0.23552097389814708, -0.1336646255826218, -2.478446306611321]], [[0.4765621291917745, -0.18272736914912519, 0.2920933119295434], [0.05673670146686763, -0.48689079962034976, 0.3066286780284706], [0.9670286337451542, 0.7899563804119477, -2.4912761153416745]], [[0.4595195111290099, 0.24978267814404737, -0.2928373776731127], [0.7246661585631434, 0.52694360971992, 0.686034749428961], [2.0262527700029316, 1.4471353601089039, 2.97635381321869]], [[-3.2167755303537664, -4.011485630941952, -1.0136796716662564], [-0.2955637890736673, -0.2471878302975419, 1.2383864637298452], [-5.243821792427348, -7.7812629590623095, 0.7063958133645832]], [[0.3121458498126298, -0.45717704706656176, 0.009506380832559815], [0.35269769011489377, -0.37077076354724564, -0.009413025821942027], [0.36279621135183, -0.6387262642431221, 0.06748903181123743]], [[-0.2889638144185535, 0.003670531076809638, -0.3918033770598124], [-0.2406139544531437, 0.28446535865418937, -0.40798541538935956], [-0.30058439079040306, 0.20066259262044361, -0.6948641277404165]], [[-0.22771613449615902, 0.04597788861125418, 0.42324321155146544], [-0.7131144891798625, 0.009934584769963414, 0.6203433366837968], [-1.16489047800349, -0.8171263577605686, 0.6602923488912815]]]" pbc="F F F"
C        0.00000000       0.00000000       0.00000000
C        1.44492764       0.00000000       0.00000000
H       -0.52078843       0.95765779       0.00000000
H        1.96047858      -0.93985173      -0.19211633
C       -0.87048002      -1.22379842      -0.00000000
H        2.31846834       1.18984850       0.24321850
H       -0.28391531      -2.13887145      -0.00000000
H       -1.52145135      -1.23484856      -0.87564365
H       -1.52139133      -1.23471640       0.87568993
9
Properties=species:S:1:pos:R:3 REF_energy="_JSON [[-3194.645450946876, -3189.8356947909506, -3187.421248101207]]" REF_forces="_JSON [[[5.499858882690815, -0.8512598895932498, 0.014354814360141197], [2.1217122445590895, -0.42853046299919517, 0.18808882121825773], [-2.439426604582957, -0.5824963473251074, 0.8098652222393689]], [[-3.005514597163682, -2.8647189491965515, 2.3437687854277693], [-0.6412091360457828, -3.0339841572601656, 0.8961563810576496], [4.27871099893225, -2.5206242172801514, 1.8136938911960492]], [[0.1402299470507828, 0.47630280784726, -0.8690763117965797], [-0.3418917366906706, 0.6499701130854053, 0.8088160466501498], [-0.2122678235506391, 0.5918532926682439, 2.3710830952487907]], [[0.41669113210908365, 0.71877337112826, 0.6740017229263208], [0.36495068728165114, 0.029939880426558367, -0.33382587137013187], [0.7503880429843464, -1.403976702568928, -1.872904037365318]], [[0.3721021511456775, 0.29439622323542447, 1.024993179855527], [0.7871856223848083, 0.388813398197715, -0.5370224592182296], [0.7820580052895167, 0.566323849956446, -2.4692224621918415]], [[-3.1587196967826965, 2.6138830423061257, -3.1458792806352887], [-1.8898719458938318, 2.6064168523637217, -0.9655681762298087], [-2.5284251449688444, 3.919139346734993, -0.6695754510970043]], [[0.32749484652347566, -0.4059638794844387, -0.010726667201445252], [0.3984955493611622, -0.3805440974263444, -0.0406489348752442], [0.3483905386574501, -0.4505400207030629, -0.03271424690839183]], [[-0.15275947794408073, 0.1319123316922219, -0.42896658468741683], [-0.4919282425610374, -0.011015424504333033, -0.4999428957001209], [-0.8538695118003964, -0.4082723888847372, -0.5231268353475282]], [[-0.4393831876288783, -0.11332505793490007, 0.3975303417504017], [-0.30744304239518233, 0.1789338981154841, 0.4839470884683979], [-0.12555850096465118, 0.2885931873979606, 0.5729008242254825]]]" pbc="F F F"
C        0.00000000       0.00000000       0.00000000
C        1.51657292       0.00000000       0.00000000
H       -0.52078843       0.95765779       0.00000000
H        2.03212386       0.73298059      -0.61884522
C       -0.87048002      -1.22379842      -0.00000000
H        2.39011362      -0.92795048       0.78345556
H       -0.28391531      -2.13887145      -0.00000000
H       -1.52145135      -1.23484856      -0.87564365
H       -1.52139133      -1.23471640       0.87568993
9
Properties=species:S:1:pos:R:3 REF_energy="_JSON [[-3193.0097739887233, -3189.1689352876515, -3187.2627635467234]]" REF_forces="_JSON [[[-13.44882955616041, 0.7777068366885548, 0.8067408006794551], [-13.505711117264052, -0.4501828914277012, 0.3285994823918786], [-15.445617096310192, -0.8387289971840463, 0.3502199888250803]], [[15.966742673601129, 1.3262476386389324, 2.1830483763462567], [15.776759772030955, 1.6494272800273078, 2.056277396808308], [17.510237284163743, 1.0900218600425409, 1.7109897167273929]], [[-0.7970116990925662, 0.4262029196813636, 1.9174014851194854], [-1.0401112292530454, 0.7254174894547958, -0.6028254914645265], [-1.3056898951336586, 0.9438042280509235, -3.2484974042169834]], [[1.2004930262832092, -1.8511983651026396, 0.906938198008626], [1.3504224996579377, 0.35192055222032614, -0.37772854364573855], [1.7485999176030012, 2.859503763149496, -1.597050567966586]], [[-0.24382547687689626, 0.03931420669365823, -2.0048036409508136], [-0.5101696733385477, -0.0640577679680739, 0.7293797196397989], [-0.7337666591412253, -0.13877581297401181, 3.556489573286533]], [[-2.4679472380015226, -0.33668608653557874, -3.8745989275240467], [-1.6847397921531047, -1.959874991829664, -2.2168390242915335], [-1.2935853302113631, -3.633969507776027, -0.8118134553156147]], [[0.36924001772992704, -0.3914917232474536, 0.009392760801187663], [0.39915323305463657, -0.30010722430721615, 0.03383082917719399], [0.4090201788305712, -0.28962178676882494, 0.0487961616683876]], [[-0.565717363535809, -0.23835492747428244, -0.37479531503769886], [-0.269603738037659, 0.17142335961943486, -0.4568497067287794], [0.06360057639125312, 0.5453277909353005, -0.5001687683927459]], [[-0.013144383950630719, 0.2482595006579234, 0.43067626255819763], [-0.515999954698555, -0.12396580578833392, 0.5061553381130472], [-0.9527989761914039, -0.5375615374760467, 0.49103475538489644]]]" pbc="F F F"
C        0.00000000       0.00000000       0.00000000
C        1.20267916       0.00000000       0.00000000
H       -0.52078843       0.95765779       0.00000000
H        1.71823010      -0.44048258      -0.85217666
C       -0.87048002      -1.22379842      -0.00000000
H        2.07621986       0.55764917       1.07885222
H       -0.28391531      -2.13887145      -0.00000000
H       -1.52145135      -1.23484856      -0.87564365
H       -1.52139133      -1.23471640       0.87568993
9
Properties=species:S:1:pos:R:3 REF_energy="_JSON [[-3193.994129823437, -3189.6667335807347, -3187.3413511180174]]" REF_forces="_JSON [[[-7.7585900960366745, -0.9815325187486665, 0.2174569469270152], [-8.526677910899952, -0.2988686041191181, 0.5749816273936436], [-11.333714324689135, -0.021780865035994055, 1.2560815685768407]], [[10.354364345096556, -1.7051378141475766, 2.450734046265571], [10.665395057240156, -2.13967131860521, 1.6450771169385723], [13.121304208302842, -1.6363449013129172, 1.069101049446533]], [[-0.39314357347561923, 0.4616777464071607, -1.65318532299757], [-0.999423658085386, 0.7059865309114723, 0.8317688529233844], [-1.2973063692610227, 0.832857757824832, 3.3986897518725327]], [[0.9898361796845493, 1.5050009405723068, 1.015339112951228], [1.1208056754758162, -0.33130236737044894, -0.4101612099442158], [1.5884707237719562, -2.6014495514235074, -1.8716564455100728]], [[-0.267428689917637, 0.18589284902789727, 1.8268728976629045], [-0.2130172839047958, -0.015332849980651323, -0.7869354187213584], [-0.295589792905616, -0.06342291140967934, -3.438281708352581]], [[-2.668319572023819, 0.9258253062370787, -3.8210644585233715], [-1.6907116198198915, 2.2583751939555876, -1.860095895451432], [-1.3319136430152394, 3.7793561724540554, -0.4381079477755559]], [[0.3737785195151537, -0.3633535683687335, 0.0019084416492985232], [0.41200127240113027, -0.29036014865477955, -0.02223366991842113], [0.39886057599058283, -0.3238180251198671, -0.044711499783213676]], [[-0.06740747824818218, 0.2234455962050954, -0.4195784460847054], [-0.5027202817369518, -0.08534198977221734, -0.4623547117286768], [-0.9107635129042838, -0.47604719078550517, -0.4692108821192574]], [[-0.5630896345947232, -0.2518185371834749, 0.38151678214976653], [-0.2656512506707788, 0.1965155536347733, 0.4899533085081972], [0.06065213471110917, 0.5106495148081814, 0.5380961136453212]]]" pbc="F F F"
C        0.00000000       0.00000000       0.00000000
C        1.25300826       0.00000000       0.00000000
H       -0.52078843       0.95765779       0.00000000
H        1.76855920       0.52847940      -0.80058696
C       -0.87048002      -1.22379842      -0.00000000
H        2.12654896      -0.66905279       1.01353987
H       -0.28391531      -2.13887145      -0.00000000
H       -1.52145135      -1.23484856      -0.87564365
H       -1.52139133      -1.23471640       0.87568993
9
Properties=species:S:1:pos:R:3 REF_energy="_JSON [[-3195.7677704135303, -3189.203610756862, -3184.4594536334534]]" REF_forces="_JSON [[[2.564383416808465, -1.0089775825592773, 0.03175758327152199], [-2.5325134963569482, -0.2746382028639355, 0.5961284160576319], [-12.207027602457496, -1.2827314415341688, 0.9609780692951883]], [[0.08775165840708031, -3.298478064534335, 0.9965324172132995], [3.1245796885196397, -2.027700862484849, -1.9988459769205884], [14.94453493582121, -4.20033628982167, 0.6178752783505568]], [[0.02447208231311131, 0.4086426996391387, -0.4348071125223188], [-0.822014074950841, 0.6688028606187768, 0.9978337335987574], [-0.14574089524045292, 0.42538085203834425, 3.3136185113996017]], [[0.540241221201684, 0.18187967102309216, 0.4754375253676815], [0.21325491864349871, 0.2388083699286311, 0.01818599803594416], [1.1605865735877483, -1.0993396582157697, -2.794588635901528]], [[0.14834002545246872, 0.34682888954121016, 0.5250691082707568], [0.9240312036536693, 0.38569794449306044, -0.675728079138005], [0.9358035020726722, 1.245394359377403, -3.196924905380312]], [[-3.15229636662527, 3.7774078150257946, -1.5612075588454375], [-0.5215110395405959, 1.0490255697577124, 1.1112535858512138], [-3.660293093912306, 5.887237210021735, 1.143301191240054]], [[0.36016787287290175, -0.40038285351891, -0.008746981912662754], [0.44510752237021484, -0.34959571480942836, -0.02908304742317481], [0.3505777593281629, -0.4897852983940697, -0.09111601508136494]], [[-0.21769582752616068, 0.054735497029684, -0.40493295302656457], [-0.4901557941999368, -0.007225008675695732, -0.472326218490999], [-1.1530273419782715, -0.7364339752001775, -0.6018515498223308]], [[-0.35536408290715965, -0.06165607164662441, 0.38089797218426424], [-0.3407789281432897, 0.3168250440383762, 0.4525815884300854], [-0.2254138372219498, 0.25061424173076263, 0.6487080558999966]]]" pbc="F F F"
C        0.00000000       0.00000000       0.00000000
C        1.39109442       0.00000000       0.00000000
H       -0.52078843       0.95765779       0.00000000
H        1.90664536       0.91441719      -0.28995027
C       -0.87048002      -1.22379842      -0.00000000
H        2.26463512      -1.15764848       0.36707588
H       -0.28391531      -2.13887145      -0.00000000
H       -1.52145135      -1.23484856      -0.87564365
H       -1.52139133      -1.23471640       0.87568993
9
Properties=species:S:1:pos:R:3 REF_energy="_JSON [[-3191.0815169426705, -3189.068494252241, -3188.8241577748513]]" REF_forces="_JSON [[[-18.346384566648382, 0.24903293939680704, 0.9678652742101217], [-16.824229642583518, 0.08431551280241541, 0.3844217824473264], [-17.092926416878655, -1.0390287696694478, 0.6853211658352029]], [[20.57619001246107, 0.12866862053369746, 1.9111796527192226], [16.77473564963369, 0.36055005581978355, 1.8790200130656036], [22.128220209749596, 0.20277233641599415, 3.4888898403636337]], [[-1.0354542173735888, 0.60052710028282, 1.1748795917864066], [-0.32077829993585294, 0.5057702559580697, -0.32550665999802514], [-2.0125755755303647, 0.9923268505335483, -1.1543392085571509]], [[1.5162186520075656, -1.195611744396185, 0.13602315207675075], [2.126833978988968, 0.38581314829655927, -0.3014726512814618], [0.9193674923640454, 1.0924751942040036, -0.2612081673541174]], [[-0.5212028449005325, -0.03828121994895227, -1.1505867248460921], [-0.7167375450278737, -0.16424943205318226, 0.5513079435129243], [-0.6185746107182378, -0.1522773254916325, 1.0156941206093373]], [[-1.9200236264768695, 0.6483619592773495, -3.0765047457164627], [-0.8640164731703025, -0.5798651912195975, -2.224589252633314], [-2.7762059512415256, -1.2322245610344986, -3.823014248096696]], [[0.3800777441075928, -0.3680152351345995, 0.00308483574244329], [0.3277372203806518, -0.3514187885361423, 0.015883781823782132], [0.4951706579749079, -0.2146189058592799, 0.0249144239906643]], [[-0.48654757931924586, -0.1468512542578164, -0.39944159304865573], [-0.17946102938744807, -0.019838211470048533, -0.46656650114099285], [-0.3721262392210584, 0.32394950298502445, -0.4512498642600612]], [[-0.1628735738591757, 0.12216883424426007, 0.43350055707619234], [-0.32408385890080016, -0.2210773495976366, 0.4875015442029245], [-0.6703495664997631, 0.026625677915106085, 0.4749919374679028]]]" pbc="F F F"
C        0.00000000       0.00000000       0.00000000
C        1.17519200       0.00000000       0.00000000
H       -0.52078843       0.95765779       0.00000000
H        1.69074294      -0.07972083      -0.95596786
C       -0.87048002      -1.22379842      -0.00000000
H        2.04873270       0.10092625       1.21025146
H       -0.28391531      -2.13887145      -0.00000000
H       -1.52145135      -1.23484856      -0.87564365
H       -1.52139133      -1.23471640       0.87568993
9
Properties=species:S:1:pos:R:3 REF_energy="_JSON [[-3192.1884070092215, -3184.870698494098, -3179.041231021712]]" REF_forces="_JSON [[[-32.682341790024715, -1.398616994535131, 0.22854739989012068], [-32.733518948822834, -0.3619894327757049, 1.1294026876573882], [-31.311254529219525, -0.9478808156510333, 2.3998062510984446]], [[35.65677872296378, -2.1740419011021666, 0.9815378743756716], [34.64761309729237, -1.6949954542932533, -1.1566670913133186], [30.984331658506733, 1.7549197751283103, -4.488399653833361]], [[-0.6288684843462781, 0.27441377814949613, -0.8767107871183103], [-1.9438103944837621, 1.1100314979136097, 1.4548031351593838], [-2.6501690258870894, 1.930795521014627, 4.302560167911249]], [[1.2209608083656658, 0.24960691337948557, 0.9809565620160302], [1.3472448289532826, -0.15409204351834316, -0.8825395458035465], [2.6486927009391654, -1.4409548271013395, -2.7198132537706607]], [[-0.6896099915431338, 0.2623640721646081, 0.961827207061121], [-0.788331504402887, -0.5191884124248132, -1.5853564849961264], [-1.6980405327665666, -1.0952838808377798, -4.065591785344974]], [[-2.7139745118055707, 3.1843476000753195, -2.2529295318051274], [-0.3485702941709646, 1.5465320311803166, 0.9092110345997773], [2.244193704237697, -0.08932376295371343, 4.5778282773254695]], [[0.44274668695616376, -0.343411742916063, 0.0008604523969996843], [0.5169727797974825, -0.23713571940905326, 0.0027062423843931135], [0.465867194926895, -0.25926206051634576, -0.05799162202416296]], [[-0.17676269282908455, 0.08913595704666988, -0.3904119326329461], [-0.5030842664527304, -0.1539431904292607, -0.3927302575655107], [-0.8570212109925215, -0.6240671524387418, -0.49067275151561995]], [[-0.42892874773269485, -0.1437976822624301, 0.3663227558170683], [-0.19451529771041157, 0.46478072375762686, 0.5211702798774169], [0.17340004025380265, 0.7710572033544046, 0.5422743701541958]]]" pbc="F F F"
C        0.00000000       0.00000000       0.00000000
C        1.08429726       0.00000000       0.00000000
H       -0.52078843       0.95765779       0.00000000
H        1.59984820       0.86816681      -0.40806413
C       -0.87048002      -1.22379842      -0.00000000
H        1.95783796      -1.09909569       0.51660755
H       -0.28391531      -2.13887145      -0.00000000
H       -1.52145135      -1.23484856      -0.87564365
H       -1.52139133      -1.23471640       0.87568993
9
Properties=species:S:1:pos:R:3 REF_energy="_JSON [[-3194.8561840836646, -3190.062295703272, -3187.4581943605813]]" REF_forces="_JSON [[[0.4135387903006805, 0.6212007237129463, 0.4284010692273942], [-1.4886488109511467, -0.7255584230936312, 0.051728247000536284], [-5.546069811574311, -0.4316839570790616, -0.004432944498720351]], [[2.13756894991738, 2.2850753542342472, 2.2847926532050016], [3.3772118792847126, 2.373744707503248, 1.4394308768544], [7.285311196253985, 1.6861674014698476, 1.912085405058211]], [[-0.3190652511772201, 0.35521412346806447, 1.3067996686231644], [-0.592533537988963, 0.6706625306461192, -0.693585644129326], [-0.7125932056442724, 0.6942571984403927, -2.903464624489911]], [[0.7158193389430744, -1.1018207607735482, 0.8866977936957254], [0.8067108426080893, 0.2480796277061342, -0.45627453591456296], [1.2512771582519002, 2.1277526704009957, -2.048408200677044]], [[0.22203813846641857, 0.15307498827122373, -1.3785295155894515], [0.17018574529809086, 0.20140506141634668, 0.9224640492125692], [0.10920876872958396, 0.2499085277836954, 3.347404126406632]], [[-2.9576694800652024, -1.9162727639906736, -3.5975472005164204], [-1.7966221017517288, -2.5212838998806415, -1.3621198899265228], [-1.79397404058823, -3.865374676292129, -0.33054752590884917]], [[0.33165052361341635, -0.4300772885004735, 0.0170537052888924], [0.37551266992302784, -0.34569633297581, 0.03022420649625192], [0.3723195825616901, -0.3748485677650188, 0.039721003685314386]], [[-0.4636193394797359, -0.13737532942367658, -0.3784720670780066], [-0.24994140631911627, 0.22973169686437586, -0.46675575375533646], [0.01671901467886054, 0.47546838478028386, -0.5340592843768148]], [[-0.08026167052043527, 0.1709809530006552, 0.4308038931436942], [-0.6018752800983589, -0.13108496818619192, 0.5348884441633555], [-0.9821986626713224, -0.5616469817380142, 0.5217020448024223]]]" pbc="F F F"
C        0.00000000       0.00000000       0.00000000
C        1.36623151       0.00000000       0.00000000
H       -0.52078843       0.95765779       0.00000000
H        1.88178245      -0.64472983      -0.71031923
C       -0.87048002      -1.22379842      -0.00000000
H        2.23977221       0.81622537       0.89926128
H       -0.28391531      -2.13887145      -0.00000000
H       -1.52145135      -1.23484856      -0.87564365
H       -1.52139133      -1.23471640       0.87568993
9
Properties=species:S:1:pos:R:3 REF_energy="_JSON [[-3193.098074120031, -3190.342731893817, -3189.846899623374]]" REF_forces="_JSON [[[4.0524565190012085, -0.5055048344247524, 0.0931019188427535], [3.8772117213609305, -0.9414778499053646, 0.46142060569933685], [3.3810023956371995, 0.13588128819640755, 0.0035643167062175524]], [[-1.6973597719478475, -1.061339668867631, 3.5756353107065837], [-1.027966139735836, -1.2403128922856836, 3.396066410477253], [-2.593193012894883, -0.8422878801678918, 2.789253794020927]], [[0.07102255653906031, 0.4701017464345507, -0.9605984635451333], [-0.5744814592167861, 0.6248708737801096, 0.4041083524915801], [0.13177231029548372, 0.7183936144146837, 1.4019358237870343]], [[0.4948241247438645, 1.0639501365731838, 0.17030367231920243], [0.30853337700916506, -0.2633320973576007, -0.41004745664946324], [0.8624725830036438, -1.1516909550459908, -0.5522290114003541]], [[0.4605725801522689, 0.2633992764099831, 1.157163899561817], [0.8248263374373003, 0.2978359641357407, -0.4393176969468078], [0.3033102957436156, 0.12434587847954058, -1.2557809133566522]], [[-3.025606107481017, 0.21252005627067222, -4.0092522335358085], [-2.9671094445761423, 1.3392600207614345, -3.3970229150057287], [-1.7185532285162275, 1.7932380151793708, -2.453579329284004]], [[0.296608929704208, -0.42308856654347105, -0.004506123776017688], [0.4461857670686935, -0.2640332223274305, -0.00717835110705189], [0.27790493301774016, -0.5269396499178473, -0.0023899637162631973]], [[-0.16138309410958718, 0.14085988551987327, -0.4464396760214988], [-0.5200847392180381, 0.16797265169898898, -0.4861190067868683], [-0.49852768878494685, -0.27379681777700615, -0.4789006704743427]], [[-0.4911357366021273, -0.16089803137261685, 0.4245916954474416], [-0.36711542013139825, 0.2792165515000514, 0.47809005782734837], [-0.14618858749815666, 0.02285650663878646, 0.5481259537176373]]]" pbc="F F F"
C        0.00000000       0.00000000       0.00000000
C        1.55935327       0.00000000       0.00000000
H       -0.52078843       0.95765779       0.00000000
H        2.07490421       0.24750458      -0.92680712
C       -0.87048002      -1.22379842      -0.00000000
H        2.43289397      -0.31333980       1.17333408
H       -0.28391531      -2.13887145      -0.00000000
H       -1.52145135      -1.23484856      -0.87564365
H       -1.52139133      -1.23471640       0.87568993
9
Properties=species:S:1:pos:R:3 REF_energy="_JSON [[-3195.8017043724717, -3188.4051669210608, -3180.777869024861]]" REF_forces="_JSON [[[-4.150897495630057, 0.7676530192063012, 0.06496223108665063], [-9.005095155819475, -1.9778703170114693, 0.2968536431519518], [-21.381389214189866, 2.363344789683936, 0.022347791740436686]], [[6.87557393556795, 3.1687451263496342, 0.30481576820304], [9.488657401217331, -0.6412122372070901, -1.6270660989996752], [24.215890797100403, 5.312766367048658, -1.8721193086001624]], [[-0.3660652604805491, 0.3083808316635205, 0.24889464193841213], [-0.6888069434322107, 1.1902552195952119, 0.03094447712620861], [-0.7110106992262429, -0.7047895345342762, -6.148214119589415]], [[0.7455193759476467, -0.08407040930380405, 0.2727997041940344], [0.1527690278836576, -0.4099372171419949, 0.41830915603250995], [1.9519398474852707, 1.096017621247603, -5.069954300406924]], [[0.11923653280126376, 0.24644799445282128, -0.2578104231777793], [0.5953740569273905, 0.5368334214025416, 0.025139063503119584], [0.9265641731296838, 1.0019046484837995, 7.490262851038015]], [[-3.052855952659607, -3.9916764764762496, -0.6747774153420717], [0.19979008005202906, 1.1779735703017, 0.6754537401823654], [-3.7310119300599123, -7.745884207137231, 5.5454187310015515]], [[0.3426562452990306, -0.4440662395364471, 0.007487846709266969], [0.35417402504655227, -0.32327663281856156, -0.00022948297477139526], [0.3838329656059681, -0.4374800328417163, 0.10107016280507823]], [[-0.27763407417389196, -0.006884650137966213, -0.37463828558839335], [-0.4338376542181985, 0.2477833641327357, -0.4127660795993251], [0.29887320151034324, 0.8926277853885863, -0.7470483103004886]], [[-0.23553330667547218, 0.035470803782396323, 0.4082659319771541], [-0.663024837653322, 0.1994508287458299, 0.5933615815778535], [-1.9536891413531277, -1.7785074373383585, 0.6782365023125132]]]" pbc="F F F"
C        0.00000000       0.00000000       0.00000000
C        1.27775585       0.00000000       0.00000000
H       -0.52078843       0.95765779       0.00000000
H        1.79330679      -0.95132635      -0.12332123
C       -0.87048002      -1.22379842      -0.00000000
H        2.15129655       1.20437533       0.15612418
H       -0.28391531      -2.13887145      -0.00000000
H       -1.52145135      -1.23484856      -0.87564365
H       -1.52139133      -1.23471640       0.87568993
9
Properties=species:S:1:pos:R:3 REF_energy="_JSON [[-3193.748006374327, -3190.0210497727917, -3188.353362972803]]" REF_forces="_JSON [[[-6.259725696864051, -0.903655356353177, 0.21924143812971483], [-6.571282567380543, -0.3270480208117675, 0.49958033460951734], [-8.867877579420307, 0.04524096976664496, 1.1149866558084265]], [[8.784187581459785, -1.4244383681724138, 2.6529185547531493], [8.759190445470546, -1.8111316410524925, 2.126280700935718], [10.762861402925836, -1.4309487696311953, 1.6245297361977489]], [[-0.39904114367960986, 0.4844102723755194, -1.739370567744037], [-0.913063577890328, 0.687131859034944, 0.6626703244626002], [-1.1493639916006524, 0.7678468272017618, 3.1163070542746443]], [[0.9943951410729982, 1.6990173944897853, 0.8582179268022807], [1.0995433232480327, -0.286818794074254, -0.3330566591723454], [1.470738335683853, -2.612227487986522, -1.4859401299623236]], [[-0.22739347465357673, 0.17333634172265636, 1.9319347648275558], [-0.1764284976256561, 0.0011641215276969761, -0.6194803868118042], [-0.22410329458652373, -0.044835412119418126, -3.1840844513574975]], [[-2.6135770592804093, 0.3669339370112677, -3.88776061821768], [-1.8334520071756377, 1.9310838457710702, -2.3458233732116556], [-1.5670451570071156, 3.5648032791193476, -1.2261665150889887]], [[0.36580328793820677, -0.3666549424580626, 0.002786399287527741], [0.4048017981262578, -0.29713625727223064, -0.015552042746908806], [0.3927382892639781, -0.33113216863769335, -0.03170432498836641]], [[-0.058815757159313066, 0.24027514841704153, -0.42569148511301874], [-0.4810980571462808, -0.05435533629259539, -0.4635429293994339], [-0.8590706351984767, -0.423330767123724, -0.4571223499495024]], [[-0.5858328788348843, -0.2692244270319933, 0.38772358727494], [-0.2882108596262714, 0.15711022316783071, 0.48892403133335804], [0.041122629944207074, 0.46458352941171815, 0.5291943250657593]]]" pbc="F F F"
C        0.00000000       0.00000000       0.00000000
C        1.27419277       0.00000000       0.00000000
H       -0.52078843       0.95765779       0.00000000
H        1.78974371       0.42972710      -0.85765061
C       -0.87048002      -1.22379842      -0.00000000
H        2.14773347      -0.54403278       1.08578222
H       -0.28391531      -2.13887145      -0.00000000
H       -1.52145135      -1.23484856      -0.87564365
H       -1.52139133      -1.23471640       0.87568993
9
Properties=species:S:1:pos:R:3 REF_energy="_JSON [[-3194.3684414861727, -3189.736768613401, -3187.5537512243136]]" REF_forces="_JSON [[[5.9977378234580625, 0.355084355751733, 0.2490304684736475], [2.6982486005452544, -0.8884754487824019, -0.2041150998448397], [-1.7090031449013678, -0.1574666524257754, -0.06610701355710083]], [[-3.5626272103460574, 2.8572414967686237, 2.2994582666949137], [-1.1248884550993437, 2.8031934149241935, 1.267318344771056], [3.491088312653487, 2.189220250832801, 2.449718036697577]], [[0.029262365982950775, 0.39676817778514006, 0.8788626810445338], [-0.1396228019972283, 0.6334079200023929, -0.4510214410388447], [-0.13696769145848625, 0.5702061117789732, -2.081606205617237]], [[0.39772512017611283, -0.7574167533015753, 0.6126474574080427], [0.3362177768189649, -0.05196327208529888, -0.3627860689182091], [0.6864356435444756, 1.3186284223355704, -1.8022533525939268]], [[0.5762675246405096, 0.18307418384458937, -0.9338012275318671], [0.7569855478289683, 0.38321274555624524, 0.7893224679733354], [0.8650218398174212, 0.5537158607919399, 2.3940891486781566]], [[-3.198604332755345, -2.643711712113425, -3.1665505131008893], [-2.0256433936634353, -2.6183194264020546, -1.1367116097514653], [-2.5934827952611785, -3.8480801330137187, -0.913305672831621]], [[0.29720507115040323, -0.4524945277476704, 0.0185138567376864], [0.3597411871153728, -0.4019273729221767, 0.01757840663910227], [0.3476614026157607, -0.4868966732121821, 0.030053028640420438]], [[-0.40061104758226473, -0.06359105759242399, -0.4034512400875107], [-0.25915494418070945, 0.2234847196309146, -0.4809588199328246], [-0.10920431914514063, 0.28499712360543966, -0.5458811109523822]], [[-0.13635531472436332, 0.12504583660254526, 0.44529025036062103], [-0.6018835173703251, -0.0826132799220114, 0.5613738201030499], [-0.841549247863487, -0.4243243106931322, 0.5352931415358387]]]" pbc="F F F"
C        0.00000000       0.00000000       0.00000000
C        1.55464733       0.00000000       0.00000000
H       -0.52078843       0.95765779       0.00000000
H        2.07019827      -0.72555522      -0.62753452
C       -0.87048002      -1.22379842      -0.00000000
H        2.42818803       0.91854999       0.79445618
H       -0.28391531      -2.13887145      -0.00000000
H       -1.52145135      -1.23484856      -0.87564365
H       -1.52139133      -1.23471640       0.87568993
9
Properties=species:S:1:pos:R:3 REF_energy="_JSON [[-3195.8682677765096, -3189.0285890267505, -3183.692693647084]]" REF_forces="_JSON [[[1.6696202599189627, -1.0378058891133406, 0.03012627485374584], [-3.549184584742679, -0.2974976739375334, 0.6729723806211219], [-15.067369213749549, -1.3771603512021064, 0.992347975816817]], [[1.0063301835143261, -3.313663769921227, 0.7505819799894378], [3.8440815285740295, -1.3840621354644373, -2.475396253660152], [18.259166317913945, -5.065624668852092, 0.18152861861188924]], [[-0.0030822099758625564, 0.39801160662733204, -0.33226349986740816], [-0.9686252762431737, 0.7095104802255837, 0.9110657028307714], [-0.04616803837903253, 0.3216712601001491, 3.8419230704429137]], [[0.5668768663188888, 0.1092763402890943, 0.3833807241309486], [0.14280456829524085, 0.3024166682766553, 0.1978202653991518], [1.3271273847543998, -1.1165815569442694, -3.1368659983642453]], [[0.11123120082838016, 0.35746115816914825, 0.41010031385330614], [0.9717293468516114, 0.3497977157540838, -0.586199570954222], [1.0094482136466187, 1.5156027518462991, -3.6362519037277843]], [[-3.1441024925195364, 3.898342690458207, -1.2123235854451395], [-0.0749456710316238, 0.275461783875556, 1.3256276634201671], [-4.293473738924578, 6.926933780396953, 1.7677542548013956]], [[0.3663549918026279, -0.4001549925597664, -0.007788331357429425], [0.4676379746346901, -0.3366623729144748, -0.018550022167206304], [0.3392157801776877, -0.5292863809525379, -0.10117007549834012]], [[-0.2343417375284547, 0.037900821613271754, -0.4012096723474174], [-0.46943541300789726, 0.03483475834255541, -0.46359873075286107], [-1.266870833851032, -0.9043752868363769, -0.6111888810571068]], [[-0.33888706235509286, -0.04936796556596291, 0.3793957961902608], [-0.3640624733257515, 0.34620077584138054, 0.43625856526429097], [-0.26107587158633067, 0.22882045244333735, 0.7019229389743252]]]" pbc="F F F"
C        0.00000000       0.00000000       0.00000000
C        1.36990789       0.00000000       0.00000000
H       -0.52078843       0.95765779       0.00000000
H        1.88545883       0.93238809      -0.22557128
C       -0.87048002      -1.22379842      -0.00000000
H        2.24344859      -1.18039957       0.28557234
H       -0.28391531      -2.13887145      -0.00000000
H       -1.52145135      -1.23484856      -0.87564365
H       -1.52139133      -1.23471640       0.87568993
9
Properties=species:S:1:pos:R:3 REF_energy="_JSON [[-3188.9596993213218, -3186.8019419897673, -3186.2078455947963]]" REF_forces="_JSON [[[-32.82009462060917, 0.5073278572722975, 1.2939549730599955], [-32.103201631072096, 0.053445979449798675, 0.6912883708954917], [-32.181908477416904, -1.2060279815649568, 0.6543314667987036]], [[35.083588556984864, 0.28170207544788095, 1.4102113350217462], [32.29555457141183, 0.44854646310421187, 1.5955022941353665], [37.33123844550319, 0.6020997613772483, 3.0123892442081988]], [[-1.3544119315767364, 0.6883246334530058, 1.9392020906191638], [-0.6720142287904598, 0.5158604943427296, -0.545307585868352], [-2.3327559908502034, 1.193671183617649, -2.066066470019845]], [[1.810259890578277, -2.016950335133103, 0.31252673956826305], [2.3803240235060636, 0.5430325030456364, -0.39722773865760197], [1.2471094793084496, 1.98386470371957, -0.4144223437563977]], [[-0.8388898619408915, -0.17170275085709766, -1.981603365632463], [-0.944376406481216, -0.24448488478300026, 0.6983278533509828], [-1.1900827974853356, -0.32968313412110106, 2.0090797560625933]], [[-1.6596269394026673, 1.062486297004544, -3.0148699246941337], [-0.7994198039763856, -0.8840140356884814, -2.094966427554648], [-2.339547617026291, -2.2456780549650635, -3.253630103869031]], [[0.4061531622315269, -0.3417012902449694, -0.001472246954418154], [0.3725518450912256, -0.289497352895356, 0.024550634785107144], [0.5025272401842887, -0.23246317749299406, 0.04078319701975036]], [[-0.5874074893755011, -0.25444487986404246, -0.3923542084346935], [-0.16846121278615683, 0.05466336937368375, -0.458916462577489], [-0.23789047163956029, 0.4126877231330477, -0.4616691269624677]], [[-0.03957076689268077, 0.24495839292229574, 0.4344046074473273], [-0.3609571569066074, -0.1975525359515059, 0.4867490614915192], [-0.7986898105807329, -0.17847102370172938, 0.4792043805192113]]]" pbc="F F F"
C        0.00000000       0.00000000       0.00000000
C        1.08888991       0.00000000       0.00000000
H       -0.52078843       0.95765779       0.00000000
H        1.60444085      -0.14754468      -0.94787158
C       -0.87048002      -1.22379842      -0.00000000
H        1.96243061       0.18679097       1.20000160
H       -0.28391531      -2.13887145      -0.00000000
H       -1.52145135      -1.23484856      -0.87564365
H       -1.52139133      -1.23471640       0.87568993
9
Properties=species:S:1:pos:R:3 REF_energy="_JSON [[-3194.400371326534, -3187.622641201856, -3182.4444031505377]]" REF_forces="_JSON [[[-15.369377578301558, -1.2097450530429679, 0.1738950904170371], [-17.2772434646707, -0.28572994418913883, 0.9607134250793239], [-20.740101077691303, -0.5824834824311762, 1.9111410870966157]], [[18.21788383501336, -2.4716990808174173, 1.3197240623845297], [18.98976341505651, -2.23052928716426, -0.8928788659832453], [21.61860458168149, -1.0110949561042788, -1.9764293879410646]], [[-0.39773190220604204, 0.33759976562688837, -0.9598802642350124], [-1.4868925311131682, 0.8798131730203919, 1.3875642947654736], [-1.8115794065365238, 1.1852990424600138, 4.338921661026323]], [[0.9792021586861622, 0.4356099396212526, 0.9968361477835043], [1.0431310024242102, -0.21335067283154263, -0.705055703427558], [2.1344431475056935, -1.781332564083887, -3.049900158013853]], [[-0.39507564680678753, 0.277984405690572, 1.067477184288621], [-0.20937159352909304, -0.13141895601015327, -1.3824228785493458], [-0.6904199014185975, -0.21959112180541165, -4.183569289257928]], [[-2.848529684755069, 3.034477186719431, -2.563898400786966], [-0.7450774140049372, 1.9979752365579224, 0.589677927443278], [0.01615922255839014, 2.7512705153724872, 3.0063041203445247]], [[0.4074644400957011, -0.363189461199869, -0.0021882024679011143], [0.461751504243564, -0.2630365544267534, -0.023040123796165164], [0.414739510300266, -0.30358901708555325, -0.09193015850396709]], [[-0.1559007263503767, 0.10962667430871519, -0.39726614482994516], [-0.5487643989716733, -0.155614782992397, -0.4314440540331625], [-1.04235277558736, -0.7098673808822796, -0.5238615560093876]], [[-0.4379348953770404, -0.15066437690752588, 0.3653005274463612], [-0.2272965194344339, 0.4018917880356906, 0.49688597850117666], [0.10050669918796783, 0.6713889645628619, 0.5693236812585066]]]" pbc="F F F"
C        0.00000000       0.00000000       0.00000000
C        1.17989782       0.00000000       0.00000000
H       -0.52078843       0.95765779       0.00000000
H        1.69544876       0.83684698      -0.46895319
C       -0.87048002      -1.22379842      -0.00000000
H        2.05343852      -1.05944490       0.59369285
H       -0.28391531      -2.13887145      -0.00000000
H       -1.52145135      -1.23484856      -0.87564365
H       -1.52139133      -1.23471640       0.87568993
9
Properties=species:S:1:pos:R:3 REF_energy="_JSON [[-3194.6508450599276, -3190.2163856189118, -3188.0332150297218]]" REF_forces="_JSON [[[1.4993041973526338, 0.5614633678975273, 0.43180170192779366], [-0.16094025604402618, -0.6962045868772689, 0.030356347402016665], [-3.7646644819566615, -0.4657021779036918, -0.03217363773420687]], [[1.0123441373408706, 2.13335283001011, 2.480707854825501], [2.0906174873015044, 2.276419072348931, 1.8095563622168387], [5.504194142733166, 1.6259457155796502, 2.1931624226909743]], [[-0.2819122387109207, 0.3680385739697799, 1.3483400773820993], [-0.5318223153931723, 0.6555680049993378, -0.6131367969932149], [-0.5982619602115277, 0.676347983780086, -2.7230100307039535]], [[0.6833187237949949, -1.1972509626885421, 0.8229136151515954], [0.7659467202218317, 0.23669798419071705, -0.4232900488482848], [1.1536965656783578, 2.125282467744233, -1.820238112497945]], [[0.2730762144339464, 0.15179282726087429, -1.4195177559797543], [0.236427683166251, 0.20252284233161358, 0.8277290075389745], [0.1645330876241365, 0.25056643536059714, 3.1509176017973712]], [[-2.9594404563746357, -1.6228493927004721, -3.734275554117906], [-1.9337903936835235, -2.4319025651159007, -1.722913233446807], [-1.893993531836239, -3.747796371263261, -0.7816688767971113]], [[0.32659014518492985, -0.4306131690764574, 0.017070832288264712], [0.374597055630012, -0.34927955893907153, 0.027854208655990434], [0.3645798744936879, -0.3853072032558027, 0.03236216989310876]], [[-0.4753010328848629, -0.140714508588013, -0.3828464572562294], [-0.2624611834000123, 0.2148476456730468, -0.4678138846010756], [0.0028121250466340846, 0.4392375361315904, -0.5302305016954907]], [[-0.07797969013539904, 0.1767804339141285, 0.43580568577909584], [-0.5785747977990273, -0.10866883861099201, 0.5316580380765569], [-0.9328958215698145, -0.5185743861734287, 0.5108789650477735]]]" pbc="F F F"
C        0.00000000       0.00000000       0.00000000
C        1.39465737       0.00000000       0.00000000
H       -0.52078843       0.95765779       0.00000000
H        1.91020831      -0.59358001      -0.75358657
C       -0.87048002      -1.22379842      -0.00000000
H        2.26819807       0.75146991       0.95403757
H       -0.28391531      -2.13887145      -0.00000000
H       -1.52145135      -1.23484856      -0.87564365
H       -1.52139133      -1.23471640       0.87568993
9
Properties=species:S:1:pos:R:3 REF_energy="_JSON [[-3193.727608175135, -3190.517020821303, -3189.6283589957075]]" REF_forces="_JSON [[[2.7860413113900817, -0.6746763834635371, 0.07748689423132922], [2.356141369736838, -0.5845104239335116, 0.3017672801212086], [0.7415993285422777, -0.004689058814764003, 0.5178110940370655]], [[-0.36679795730254333, -1.4114652383495256, 3.2467408909218682], [-0.09104585279551942, -1.6843662701182445, 2.833601992731578], [0.7504410824568125, -1.2322493296155772, 2.5045630781899826]], [[-0.05843310465647829, 0.4731493991557094, -1.311225486291437], [-0.5406281284332043, 0.651419259346621, 0.46877579870754466], [-0.35302044397546495, 0.6568088372958436, 2.1884508811615015]], [[0.6207382595745984, 1.3738407675385431, 0.47319856482704375], [0.6043744657009691, -0.17073057860680854, -0.32562717573735067], [0.9637579178145411, -1.8782157826702022, -0.9665972787413156]], [[0.25430620478585797, 0.24504854001739163, 1.530985759150371], [0.46215180312042986, 0.20582207974228311, -0.3966970327638009], [0.2829823068138432, 0.15766674170103595, -2.194327027272814]], [[-2.9103747468861654, 0.4080735406038248, -3.9794470184348834], [-2.3802621579829535, 1.6772294949698527, -2.868818841588755], [-1.9690735409462474, 2.795212949008282, -2.11432538802736]], [[0.32185208760873724, -0.40143971025995134, -0.004834665936864734], [0.4048981335580269, -0.31812377399364894, -0.013532883653964666], [0.33825512484696485, -0.42582678719486133, -0.010375099691164657]], [[-0.10850573156887688, 0.19233001689692916, -0.439033873896767], [-0.4783811045901012, 0.05441704105931085, -0.48330440570079475], [-0.6907062037386786, -0.318793530245175, -0.4640318695694674]], [[-0.5388263229474035, -0.20486093213632248, 0.4061289354299573], [-0.3372485283143377, 0.16884317153015577, 0.48383526788425485], [-0.06423557181753359, 0.25008596053695, 0.5388316099127387]]]" pbc="F F F"
C        0.00000000       0.00000000       0.00000000
C        1.46375069       0.00000000       0.00000000
H       -0.52078843       0.95765779       0.00000000
H        1.97930163       0.35692631      -0.89041202
C       -0.87048002      -1.22379842      -0.00000000
H        2.33729139      -0.45186728       1.12725803
H       -0.28391531      -2.13887145      -0.00000000
H       -1.52145135      -1.23484856      -0.87564365
H       -1.52139133      -1.23471640       0.87568993
9
Properties=species:S:1:pos:R:3 REF_energy="_JSON [[-3195.654010221003, -3188.05731098416, -3178.5004635010714]]" REF_forces="_JSON [[[-6.581586571575857, 0.42469249648062, 0.1473195227460032], [-11.17724907273062, -1.9718723869756725, 0.21530360613774288], [-34.334935671934154, 7.482304691789482, -5.001570562181721]], [[9.50126789517941, 3.282266498289102, -0.29281077832632857], [12.216661991828591, -0.11255335425742584, 0.12558572382299457], [34.01200051831427, 0.40511330705427057, 13.358728578564927]], [[-0.4962186914401185, 0.46036252047884135, 0.08316499573332142], [-0.89769359774903, 1.1580906821851629, 0.33369993639665924], [1.2061299031117205, -3.0817704958808116, 0.48937568862580394]], [[0.7344721676198472, -0.07045635901072907, 0.20463826504622507], [0.23239180151474115, -0.36316896543709815, 0.33586075396897525], [1.5602826589169607, 0.5478563638852979, -4.401529195987174]], [[0.10645749467140583, 0.2680741954110607, -0.13049202818642416], [0.3995153383589499, 0.45676791678319195, -0.5581656022726106], [3.169305007465129, 2.1873170304792184, 1.8657934045154232]], [[-3.05435910505762, -4.028538666812537, -0.028559863667344008], [0.009436700445971197, 0.6908616032006762, -0.43682874191936805], [-4.120643066776538, -5.377836743412754, -4.274824307724943]], [[0.344976371947172, -0.4319032811497091, -0.004271950954670932], [0.3507096492057247, -0.30617359804601824, -0.00020137989107951403], [0.4088016307690485, -0.6463309450050518, 0.12393274782296482]], [[-0.288429336866257, 0.024409882988384857, -0.389965460122954], [-0.6578841419339648, 0.13422990856082212, -0.5067835192926651], [-1.6837850614840757, -0.5810090748900428, -1.8364184475329792]], [[-0.2665802244757396, 0.07109271332562069, 0.41097729773214225], [-0.47588866894072657, 0.31381819398917676, 0.49152922304884183], [-0.21715591838298368, -0.9356441340198403, -0.3234879061014223]]]" pbc="F F F"
C        0.00000000       0.00000000       0.00000000
C        1.24933201       0.00000000       0.00000000
H       -0.52078843       0.95765779       0.00000000
H        1.76488295      -0.95923669      -0.00974335
C       -0.87048002      -1.22379842      -0.00000000
H        2.12287271       1.21438979       0.01233504
H       -0.28391531      -2.13887145      -0.00000000
H       -1.52145135      -1.23484856      -0.87564365
H       -1.52139133      -1.23471640       0.87568993
9
Properties=species:S:1:pos:R:3 REF_energy="_JSON [[-3195.249840864952, -3187.3051771177784, -3179.2128937783327]]" REF_forces="_JSON [[[-11.548251826062488, -1.2282645086365969, 0.06071050938494137], [-16.57186059448693, -0.9890626321491656, 0.6177252457356691], [-20.271930887520725, 0.46884343717104454, 3.122007192245458]], [[14.41092761072504, -2.874628456837992, 0.24728342795311636], [16.942881528104966, 0.2960410110181314, -1.4091809757478235], [21.252610657651, -1.7826287398596457, -5.660445319054906]], [[-0.2799835285027654, 0.30504987013147966, -0.22363573858434446], [-1.8490231451892873, 1.1854314363564273, 0.30119635109710036], [-0.24293071341249192, -0.5305332540878609, 8.13474272133003]], [[0.841682375208666, -0.06808138362147258, 0.29808096535948486], [0.24946269195500162, 0.2068867618101278, 0.14676365031699162], [2.7214670672147205, -1.1166145145330661, -5.440578751292942]], [[-0.28249123252673175, 0.3626008038414272, 0.26757333258523386], [0.93067826179241, 0.22242743847685834, -0.38916997673263537], [-1.1588872616065518, 0.0182986539838423, -7.539375558471177]], [[-2.9823568911446046, 3.93316451078425, -0.6284798532236298], [0.7145146767760956, -1.257253446892747, 0.6842434830707844], [-1.495804558656672, 4.187608873789983, 7.3311628319508495]], [[0.41654723187287956, -0.3869792617233498, -0.0035326908268495977], [0.6032760090250074, -0.27578018360019296, 0.017971600701313595], [0.27592163519968327, -0.3764774182494334, -0.1696679819629028]], [[-0.2557922533492371, 0.005031916274146451, -0.38363286871892566], [-0.527952673030886, 0.18638160457021788, -0.41089243512706614], [-1.4624021921261254, -1.7765052241335895, -0.5058062925499613]], [[-0.3202814862252525, -0.047893490215927766, 0.36563291607164394], [-0.49197675494660564, 0.4249280104110761, 0.4413430566859515], [0.38195625325623506, 0.9080081859191579, 0.7279611578048293]]]" pbc="F F F"
C        0.00000000       0.00000000       0.00000000
C        1.20635099       0.00000000       0.00000000
H       -0.52078843       0.95765779       0.00000000
H        1.72190193       0.95246804      -0.11416914
C       -0.87048002      -1.22379842      -0.00000000
H        2.07989169      -1.20582070       0.14453768
H       -0.28391531      -2.13887145      -0.00000000
H       -1.52145135      -1.23484856      -0.87564365
H       -1.52139133      -1.23471640       0.87568993
9
Properties=species:S:1:pos:R:3 REF_energy="_JSON [[-3194.8192408175423, -3190.0801534474645, -3187.646477831786]]" REF_forces="_JSON [[[3.5094148954966866, -0.8698392783030526, 0.04637940260159918], [0.9317206263935566, -0.39501543330634525, 0.31172733715650497], [-3.3087872813288786, -0.3692721209448083, 0.859826084261735]], [[-0.9691754086918315, -2.527497001732058, 2.4857710345648183], [0.7449866168257273, -2.786751845352257, 1.204845794694345], [5.050746698014431, -2.2602097410370736, 1.6240686612457547]], [[0.014613955551058638, 0.4569607284036778, -1.089169919118701], [-0.515131623477982, 0.653869234816328, 0.8420269596445575], [-0.5090185292520784, 0.6349531251783536, 2.7582562374799]], [[0.5460321593275443, 0.9169935945987194, 0.7997847217264212], [0.5691145149086183, -0.12146859267112256, -0.39058737008261946], [0.9723414985900717, -1.784996962977869, -1.9099060415920714]], [[0.21637935713901316, 0.27499326837842775, 1.2587174691803695], [0.529298768232818, 0.28392319824457607, -0.6629624849780861], [0.5027539957084378, 0.40344533370155944, -2.780226320111384]], [[-3.0541810656479953, 2.13933259544635, -3.457584981924999], [-1.863073003619195, 2.5619838377231208, -1.268864072402325], [-2.1310353972724667, 3.8643676557039837, -0.5688015130676553]], [[0.3385843476381825, -0.39552885086527434, -0.008520224805327525], [0.40072330693105523, -0.3510884247152286, -0.034942090626970214], [0.36312704455718087, -0.4112386043001774, -0.03904374647456447]], [[-0.12599466449693822, 0.15699443927464335, -0.42488568489170947], [-0.5075379557727574, -0.0403764187306541, -0.4873184916224425], [-0.8755186137118145, -0.4303066516409518, -0.5046171135265678]], [[-0.4756735763128841, -0.15240949520155597, 0.3895081826667982], [-0.29010125041699647, 0.19492444399215267, 0.48607441821801384], [-0.06460941530978935, 0.35325796631722467, 0.5604437517848274]]]" pbc="F F F"
C        0.00000000       0.00000000       0.00000000
C        1.44136911       0.00000000       0.00000000
H       -0.52078843       0.95765779       0.00000000
H        1.95692005       0.67173790      -0.68483439
C       -0.87048002      -1.22379842      -0.00000000
H        2.31490981      -0.85041748       0.86699759
H       -0.28391531      -2.13887145      -0.00000000
H       -1.52145135      -1.23484856      -0.87564365
H       -1.52139133      -1.23471640       0.87568993
9
Properties=species:S:1:pos:R:3 REF_energy="_JSON [[-3193.474824467182, -3186.1861151261446, -3180.1940588059215]]" REF_forces="_JSON [[[-23.8887300531919, 1.0896141389126754, 0.3822955356732908], [-24.559594893133625, -1.228413753232732, 0.3737452752736751], [-24.342193168641465, -0.6279902229632988, 0.7986439375963362]], [[26.792781192954948, 2.639522622152832, 0.8767719103175714], [26.42739888275276, 0.930961445669785, -0.9345824455109538], [24.535277244383227, -1.7762685475686883, -2.9891925604317846]], [[-0.7444195942298606, 0.24437919960637772, 0.8218590399537944], [-1.355290813206102, 1.348637775774557, -1.0222986525807092], [-2.091168767683316, 1.8999733156245886, -3.9798073051133667]], [[1.1032664202173739, -0.32810398733837626, 0.8662502408945396], [1.1840207546343093, 0.0866492503906257, -0.7647406528977699], [2.629723756507701, 1.646362247521211, -2.956224050386763]], [[-0.3043279921127994, 0.216277669788295, -0.876087957254383], [-0.6009914275906154, 0.01018364021814615, 1.330549355689632], [-1.578844079369371, -0.5523044172644758, 4.574323686446399]], [[-2.813861358819775, -3.438090096102191, -2.1221146131309885], [-0.5932285400040704, -1.1061026596006456, 0.9341059089017641], [1.3980673518802278, -0.4029704403004876, 4.355454973281377]], [[0.3860353377330836, -0.4138626501182316, 0.012708976484952911], [0.4051085786856088, -0.2796786762961867, 0.049890362084658156], [0.4567188735327882, -0.18836803286003434, 0.09414157416809683]], [[-0.3793294441232821, -0.10209546792091925, -0.36164564196857374], [-0.22466632684053447, 0.39130887406450776, -0.4797177857173182], [0.22646318800534102, 0.8307062858314939, -0.5324975634151535]], [[-0.15141450842689674, 0.09235857101903822, 0.39996250902954233], [-0.6827562152982461, -0.15354589698987922, 0.5130486347572543], [-1.234044398615962, -0.8291401880183354, 0.6351573078548967]]]" pbc="F F F"
C        0.00000000       0.00000000       0.00000000
C        1.12701709       0.00000000       0.00000000
H       -0.52078843       0.95765779       0.00000000
H        1.64256803      -0.88190187      -0.37746397
C       -0.87048002      -1.22379842      -0.00000000
H        2.00055779       1.11648422       0.47786787
H       -0.28391531      -2.13887145      -0.00000000
H       -1.52145135      -1.23484856      -0.87564365
H       -1.52139133      -1.23471640       0.87568993
9
Properties=species:S:1:pos:R:3 REF_energy="_JSON [[-3189.1696008781532, -3187.3364710280475, -3186.908209255039]]" REF_forces="_JSON [[[-30.253962013586317, -0.5995464448964373, 0.9036212642997914], [-29.29936710691307, 0.2438128550031354, 0.8012023712205762], [-29.25805219212557, -0.4998829649136964, 1.022383644709771]], [[32.501457471556485, -0.1472386291514061, 1.523561287226906], [28.438351196831352, 0.1887565162107613, 1.2777976980800778], [35.43004592121807, -0.7735972357762484, 3.481763119721765]], [[-1.2183576755354748, 0.7504391720345375, -1.1841089153949607], [-0.3105075311468428, 0.40235633576897123, 0.7473377841052716], [-2.6656748874555434, 1.1803531947397057, 0.8316209343122215]], [[1.7985972317361225, 1.274259141913579, 0.17950505477464315], [2.6192255395103516, -0.6583118930704037, -0.41513165018346193], [0.8545156814519831, -0.8637716683249386, -0.19998146898098101]], [[-0.9488254255915531, -0.122329588457835, 1.311845631467179], [-0.8660207928558044, -0.24161644372930088, -0.5815759228304781], [-0.9613929356702972, -0.3295822643043598, -1.1213851318251755]], [[-1.6097332311200925, -0.7826135914008465, -2.7444653743217144], [-0.5020646490158877, 0.608596175319246, -1.8890393381781478], [-2.8345711548138346, 1.13269181613843, -4.048417257938844]], [[0.4070372865323748, -0.3286932246135094, 0.016857952192440108], [0.3371064008331138, -0.3134620769674309, 0.009150422300642511], [0.5294760084628283, -0.21838062083817253, -0.0009123953269284392]], [[-0.16572474364991743, 0.17344082087144116, -0.41983733717910715], [-0.29778463883924744, -0.1825451269941034, -0.44648854772768565], [-0.6935194417324549, 0.02830661249201012, -0.4489328135947184]], [[-0.5104889003430404, -0.2177176562997675, 0.41302043693419777], [-0.11893841840565214, -0.04758634154025394, 0.49674718321366707], [-0.40082699933408844, 0.3438631307881405, 0.4838613689231123]]]" pbc="F F F"
C        0.00000000       0.00000000       0.00000000
C        1.10226962       0.00000000       0.00000000
H       -0.52078843       0.95765779       0.00000000
H        1.61782056       0.07048043      -0.95669351
C       -0.87048002      -1.22379842      -0.00000000
H        1.97581032      -0.08922795       1.21117013
H       -0.28391531      -2.13887145      -0.00000000
H       -1.52145135      -1.23484856      -0.87564365
H       -1.52139133      -1.23471640       0.87568993
9
Properties=species:S:1:pos:R:3 REF_energy="_JSON [[-3195.794188587652, -3189.097885814514, -3183.9717485876745]]" REF_forces="_JSON [[[0.5445233880040493, 0.7022344815317303, 0.15649866961650571], [-3.9439277790036344, -1.5406814356816714, 0.19447617945070986], [-13.374381763209007, 0.9163049246841443, -0.15083399639660622]], [[2.1155593708241414, 3.2247718939268872, 0.9413827422777674], [4.826278718302653, 1.366544490690462, -1.5891607455069732], [15.821851469110065, 3.508371609225698, 0.9975883049970297]], [[-0.24534356190124498, 0.3050679239769118, 0.5289707781228153], [-0.5369311000630245, 0.8627052765864069, -0.5634152167649322], [-0.6787691672108173, 0.20089552854932985, -3.5509559900290655]], [[0.6428864502079568, -0.251303059280265, 0.5330598772402565], [0.32738248023486305, -0.22908310297707818, -0.07494240456170762], [1.4179184093851593, 1.255350259938692, -3.1891422497963298]], [[0.24431152119067093, 0.22332513028898346, -0.5513515210098491], [0.5360557243213547, 0.4826354355223461, 0.8487566586959194], [0.9348358919677418, 0.8461810395506612, 4.1803097817243104]], [[-3.12489660763061, -3.7841964291038472, -1.6578341355476909], [-0.5637477504190226, -0.8541931605066369, 1.0144238592496988], [-3.170636267386086, -5.821403598264669, 1.6397855220309114]], [[0.3303523810321376, -0.4481307121012292, 0.01306442314308199], [0.36239639902031295, -0.34864127980196286, 0.011706059737032546], [0.3832478918014844, -0.46872643485366833, 0.0785423283242914]], [[-0.32248527921026404, -0.038167958614592164, -0.3773774412270191], [-0.2734513134946111, 0.30344105994528187, -0.43805472707755444], [-0.03231433574826718, 0.5056919413548946, -0.6379697414170403]], [[-0.18490766251774993, 0.0663987293724576, 0.4135866073839373], [-0.7340553788952846, -0.04272728377540557, 0.5962103367769088], [-1.3017521287085343, -0.9426652701860414, 0.6326760405622427]]]" pbc="F F F"
C        0.00000000       0.00000000       0.00000000
C        1.35035918       0.00000000       0.00000000
H       -0.52078843       0.95765779       0.00000000
H        1.86591012      -0.90998662      -0.30356929
C       -0.87048002      -1.22379842      -0.00000000
H        2.22389988       1.15203939       0.38431750
H       -0.28391531      -2.13887145      -0.00000000
H       -1.52145135      -1.23484856      -0.87564365
H       -1.52139133      -1.23471640       0.87568993
9
Properties=species:S:1:pos:R:3 REF_energy="_JSON [[-3194.5781248076883, -3189.6717668708075, -3187.1829979945287]]" REF_forces="_JSON [[[6.093387199941375, -0.8537027819863036, 0.0035617547315829824], [2.24142226614178, -0.42909746377464913, 0.1361407094241505], [-2.588817028800233, -0.7439845547641065, 0.8464366789311965]], [[-3.6186584615673647, -3.0659601961878433, 2.1678618920330925], [-0.883485499068549, -3.1549979229560803, 0.582826169637993], [4.533547297327374, -2.676152591077691, 1.867035513807931]], [[0.189121162503218, 0.4856368238290491, -0.7499836132264052], [-0.2786435463183914, 0.6492385722872475, 0.8038949303421763], [-0.07255096267429535, 0.5701283963465933, 2.1711296553685506]], [[0.3666012825164639, 0.6098320219549128, 0.6115871725976246], [0.27023107265271135, 0.12180934766797262, -0.2812191532936075], [0.6654520788747925, -1.2071372510065577, -1.8875888553570535]], [[0.4318525639795077, 0.3054636669684402, 0.8969371100235896], [0.9006888810500774, 0.4371665417458771, -0.4728973633856735], [0.9110313218013609, 0.6606946739434046, -2.3519259139257827]], [[-3.199793652006505, 2.904261065100767, -2.8891815910081116], [-1.8496569659530449, 2.597830794566651, -0.701477240669794], [-2.7770971491477914, 4.014292657043575, -0.663071335621054]], [[0.32416461552085646, -0.4100555183366148, -0.01148736666396624], [0.39808215457578927, -0.3956125162854257, -0.04424990725697809], [0.3415691845114801, -0.46906171367898725, -0.029098437181696395]], [[-0.1679768409565273, 0.11798496574150628, -0.4300392952943823], [-0.48117152925597184, 0.00201425354432336, -0.5052196878094333], [-0.8555440365345401, -0.41090633260744464, -0.5351969996536454]], [[-0.4186978699313976, -0.09346004708389889, 0.40074393680712334], [-0.31746683382829616, 0.17164839320228148, 0.4822015430109237], [-0.15759070535708175, 0.2621267158007921, 0.582279693632333]]]" pbc="F F F"
C        0.00000000       0.00000000       0.00000000
C        1.54603189       0.00000000       0.00000000
H       -0.52078843       0.95765779       0.00000000
H        2.06158283       0.77442695      -0.56612088
C       -0.87048002      -1.22379842      -0.00000000
H        2.41957259      -0.98042140       0.71670676
H       -0.28391531      -2.13887145      -0.00000000
H       -1.52145135      -1.23484856      -0.87564365
H       -1.52139133      -1.23471640       0.87568993
9
Properties=species:S:1:pos:R:3 REF_energy="_JSON [[-3194.151643747781, -3190.061658412611, -3188.0663639401764]]" REF_forces="_JSON [[[-4.273313200552328, 0.6709548759400616, 0.6057729740772054], [-4.94082091928825, -0.5706864011253625, 0.1770671768236329], [-7.69461000981637, -0.6488882490156038, 0.13428552294045903]], [[6.7944068717291515, 1.663647727372534, 2.423780018178077], [7.093517560756337, 1.9227669064086848, 2.0570338114870106], [9.528777474087994, 1.2851841655498613, 2.025479476231083]], [[-0.5268713147651715, 0.38468923126629834, 1.6627358445386577], [-0.7893015550534027, 0.6857326982772475, -0.6139212110378622], [-0.9209710077809207, 0.7876803513943396, -3.0177937029255393]], [[0.9236005120714543, -1.555110412172847, 0.87830593126301], [1.0503425874828678, 0.31934354937095644, -0.3945737246253952], [1.4601000625867113, 2.56373883978016, -1.6933252292372012]], [[0.035824742649892646, 0.10664777452415383, -1.7436069219236394], [-0.13547454668514827, 0.06826980745799356, 0.773834522578981], [-0.2858967802695317, 0.05242697491225374, 3.395471225861791]], [[-2.7313606916236592, -0.8796342517130865, -3.897457936528919], [-1.8488964554787968, -2.18101619058271, -2.0847097515010025], [-1.5705246401966864, -3.6724018881165934, -0.8649444629174327]], [[0.3469283116839181, -0.41272870703146486, 0.013676546922011694], [0.38539562999607435, -0.3221408280421048, 0.03113964430889566], [0.38284510839816244, -0.33246920230470256, 0.03865781167150474]], [[-0.5266844318665383, -0.193694020194154, -0.37686322828954016], [-0.2694647984067647, 0.1927552969579555, -0.46111355580170854], [0.04398447591750981, 0.4976420999715071, -0.5141212349701804]], [[-0.04253079933133876, 0.2152277820084609, 0.43365677176218836], [-0.5452975033201772, -0.11502483872242623, 0.515243087766989], [-0.9437046829271732, -0.5329130921713194, 0.4962905933444567]]]" pbc="F F F"
C        0.00000000       0.00000000       0.00000000
C        1.29724561       0.00000000       0.00000000
H       -0.52078843       0.95765779       0.00000000
H        1.81279655      -0.50020699      -0.81854928
C       -0.87048002      -1.22379842      -0.00000000
H        2.17078631       0.63326003       1.03628010
H       -0.28391531      -2.13887145      -0.00000000
H       -1.52145135      -1.23484856      -0.87564365
H       -1.52139133      -1.23471640       0.87568993
9
Properties=species:S:1:pos:R:3 REF_energy="_JSON [[-3195.0804573340247, -3189.7094010340206, -3186.39437447583]]" REF_forces="_JSON [[[-2.126159958160809, -0.9893534298607233, 0.11433214328838374], [-4.441833726624458, -0.2992770355208413, 0.5650650697990075], [-9.029904380442513, -0.3395996550194219, 1.2014562020580948]], [[4.78108946941425, -2.449769634205262, 2.115879887864255], [6.206063787624126, -2.69343714812405, 0.5827575835849884], [10.66724492603458, -2.119754601522415, 0.6690831073153685]], [[-0.17572601884362943, 0.419893166039049, -1.1880495324347702], [-0.874631157032191, 0.6916295062096851, 1.0527047860890937], [-1.0157959699386312, 0.7570634816606681, 3.4297653235759746]], [[0.7490237527093078, 0.8829992608411216, 0.9847451203708902], [0.8244436368741517, -0.24120693334337973, -0.48796565012031046], [1.4046523408249545, -2.050978905838282, -2.3639437331359843]], [[-0.0605939737696412, 0.2627203185331675, 1.3397101830660345], [0.17984099975234388, 0.14084109614351342, -0.9445412068251073], [0.08977808013548849, 0.23007770435270394, -3.4030195611022904]], [[-2.9335985282766908, 2.2694842782555695, -3.3245212332161116], [-1.5158462078118435, 2.56018862669111, -0.7515210969046032], [-1.5386504454728083, 3.9393395026369586, 0.4765538125126926]], [[0.36597449150426237, -0.3796916523155032, -0.005042331286684704], [0.4146876317999089, -0.31218874541944347, -0.03541533993821967], [0.3866916629660849, -0.35971136428996775, -0.062223323777494184]], [[-0.11784289029728694, 0.1583805964201642, -0.41327684092268197], [-0.5344308002727396, -0.10251057508262529, -0.4689307626015855], [-0.9715068367824417, -0.5348433512752782, -0.5089182197763025]], [[-0.4821663442846747, -0.17466290370750184, 0.3762226032705714], [-0.2582941643042174, 0.25596120844553144, 0.48784661691673686], [0.007490622676404939, 0.4784071892924971, 0.5612463923303809]]]" pbc="F F F"
C        0.00000000       0.00000000       0.00000000
C        1.31677539       0.00000000       0.00000000
H       -0.52078843       0.95765779       0.00000000
H        1.83232633       0.71345526      -0.64125778
C       -0.87048002      -1.22379842      -0.00000000
H        2.19031609      -0.90323149       0.81182977
H       -0.28391531      -2.13887145      -0.00000000
H       -1.52145135      -1.23484856      -0.87564365
H       -1.52139133      -1.23471640       0.87568993
9
Properties=species:S:1:pos:R:3 REF_energy="_JSON [[-3193.621443496789, -3190.2673745861584, -3189.300826426687]]" REF_forces="_JSON [[[4.428759951088413, 0.30881198849797975, 0.3904808226764674], [3.447912514358287, -0.7715364931769344, 0.008120636018772965], [1.6245857841174378, -0.4504869179276915, -0.19668484295750302]], [[-2.0470303205993114, 1.6037225140565532, 3.1415024314191813], [-1.2487348680531325, 1.7001569919759576, 2.899541343454909], [-0.20591536495695859, 1.2656818013280533, 2.9197094636578367]], [[-0.0694573707442313, 0.408278763251601, 1.2262412975829469], [-0.351845887551836, 0.6380604387781351, -0.36754293958853546], [-0.0919347214313793, 0.6786566690769708, -1.852215774330002]], [[0.5077235401349074, -1.2381200879960705, 0.43889630529167556], [0.47387459394674647, 0.16859264349129363, -0.385833381495612], [0.8209222938629824, 1.6888702615374562, -1.05027801061049]], [[0.5146679962309794, 0.17722480061465762, -1.2851851355480388], [0.6251375725549458, 0.2613870843393573, 0.5172973575483123], [0.38103685991793873, 0.24673152600437143, 2.2533077080020845]], [[-3.0461249898889737, -0.8518740384124067, -3.9765433019186465], [-2.4913216886122136, -1.88453367156357, -2.7515275178433614], [-2.0609259609111232, -2.844393404166443, -2.0467980771174545]], [[0.3000327675683516, -0.44189658288586203, 0.016281535855875103], [0.387496990771514, -0.34101743056822315, 0.020622990603591577], [0.322332677050184, -0.4582528620359625, 0.00914250433259401]], [[-0.47852971297130475, -0.12318747101607658, -0.40652446541840054], [-0.31637244648960505, 0.21543649590084243, -0.4699165987379978], [-0.06477878516097871, 0.2613968591632458, -0.5282130480342639]], [[-0.1100418608182564, 0.1570401138892023, 0.45485051005889], [-0.5261467809236582, 0.013453940822007186, 0.5292381100397203], [-0.7253227824875462, -0.3882039329816689, 0.4920300770583491]]]" pbc="F F F"
C        0.00000000       0.00000000       0.00000000
C        1.53270402       0.00000000       0.00000000
H       -0.52078843       0.95765779       0.00000000
H        2.04825496      -0.41461782      -0.86505608
C       -0.87048002      -1.22379842      -0.00000000
H        2.40624472       0.52490449       1.09515751
H       -0.28391531      -2.13887145      -0.00000000
H       -1.52145135      -1.23484856      -0.87564365
H       -1.52139133      -1.23471640       0.87568993
9
Properties=species:S:1:pos:R:3 REF_energy="_JSON [[-3193.0498473805796, -3190.5936015528778, -3190.2875599923113]]" REF_forces="_JSON [[[-3.6710404763409468, -0.5199766897683107, 0.2823937675288914], [-2.5191523591018785, -0.5623969898846654, 0.4777742907447269], [-2.922973484897316, 0.11012381106951338, 0.5638517248052245]], [[6.000550017263862, -0.5977785082600556, 2.928908855592749], [5.394022750391108, -0.8163097909917668, 3.1169202022311473], [4.357522042193973, -0.48150716390044457, 2.485309056299364]], [[-0.4119746214364808, 0.4905052902316715, -1.2666777905275948], [-0.9579338681188748, 0.6798676572704785, 0.25817677611942513], [-0.5724216197697496, 0.6629692786911928, 1.7570311455130632]], [[0.993550141980665, 1.3803054029843569, 0.23819928235101098], [0.8544863018196236, -0.1466577306223836, -0.22855648981040297], [1.3466442761590498, -1.6539561728015144, -0.5011457857891136]], [[-0.07464746783302617, 0.17493189228466338, 1.4836157571017747], [0.04529157478834139, 0.0601903779586098, -0.28356932880150676], [-0.1737181378726801, -0.037973514385938816, -1.7466216147124916]], [[-2.5041315709110203, -0.49302918348999714, -3.647348177522549], [-2.3915914040273947, 0.822794644639607, -3.3602595650369316], [-1.7048732683019927, 1.8547409621923503, -2.6205604458890304]], [[0.34244906587463053, -0.38859192613904625, 0.0036854152327668093], [0.42238404984810113, -0.27347018445614485, 0.0005635846262759122], [0.34678975941357154, -0.38308214868456664, -0.003462416723112413]], [[-0.13288994959932623, 0.18339365642725844, -0.43205973740217707], [-0.46835153367815285, 0.08072889153306173, -0.46312049811597655], [-0.5844622191436358, -0.25927939621283136, -0.44744119487331013]], [[-0.5418651389979752, -0.22975993426904825, 0.4092826276446728], [-0.3791555119190332, 0.15525312455103052, 0.4820710280415796], [-0.09250734778361866, 0.1879643440369963, 0.513039531368048]]]" pbc="F F F"
C        0.00000000       0.00000000       0.00000000
C        1.33087987       0.00000000       0.00000000
H       -0.52078843       0.95765779       0.00000000
H        1.84643081       0.15418089      -0.94681477
C       -0.87048002      -1.22379842      -0.00000000
H        2.20442057      -0.19519239       1.19866369
H       -0.28391531      -2.13887145      -0.00000000
H       -1.52145135      -1.23484856      -0.87564365
H       -1.52139133      -1.23471640       0.87568993
9
Properties=species:S:1:pos:R:3 REF_energy="_JSON [[-3193.3917247038576, -3185.492733635442, -3178.432381157466]]" REF_forces="_JSON [[[-26.076785499230834, 1.106833304997451, 0.23813779104731092], [-26.959042631700946, -1.3594613430681988, 0.1963978105564203], [-20.151138251962557, -0.7245642394852716, 1.2384085451818254]], [[29.095411649188506, 2.8492325275144736, 0.48368190603699934], [28.57472820529247, -0.14432123937885022, -0.5962271746033113], [18.78966211467036, -4.932304468960058, -4.804624274059204]], [[-0.7514432478343699, 0.21495306170826758, 0.46222156853539464], [-1.3514870139721462, 1.569588528741358, -0.9385850948894655], [-2.3093305085082054, 2.613020580283079, -4.102630194960568]], [[1.085195761575168, -0.07634942729453731, 0.5359799003356791], [1.0856168391707344, -0.15578316830918532, -0.9016139684093971], [3.078820725237097, 1.1231452629188226, -2.7760641787577596]], [[-0.31062799943891034, 0.2625541773690204, -0.5067731769432695], [-0.4705838522310601, 0.07097802769386591, 1.2499853832609082], [-2.292763939525395, -1.071101717029024, 4.699815688779397]], [[-2.8925638067156583, -3.9211045199056067, -1.257469081376374], [-0.3385628260689201, -0.04542091748720343, 1.0084204249831392], [3.2705137890307974, 2.9710434497718876, 5.500011872463919]], [[0.3906833844685484, -0.41865111342978945, 0.010985996886095684], [0.40589928760567223, -0.2820204899907147, 0.05476909631758048], [0.44982053354862317, -0.10066998277079389, 0.09495999534393477]], [[-0.3304719810103159, -0.05973809866014547, -0.36557790097764997], [-0.3022906691876103, 0.42616062685303974, -0.5272075777171366], [0.3766564770273698, 0.9502551009521447, -0.5254265784964814]], [[-0.20939826100177383, 0.04227008769949032, 0.3988129964565034], [-0.6442773389093275, -0.07972002505612694, 0.4540611005006722], [-1.2122409395195144, -0.8288239856815794, 0.675549124504855]]]" pbc="F F F"
C        0.00000000       0.00000000       0.00000000
C        1.11554702       0.00000000       0.00000000
H       -0.52078843       0.95765779       0.00000000
H        1.63109796      -0.93360776      -0.22046885
C       -0.87048002      -1.22379842      -0.00000000
H        1.98908772       1.18194366       0.27911268
H       -0.28391531      -2.13887145      -0.00000000
H       -1.52145135      -1.23484856      -0.87564365
H       -1.52139133      -1.23471640       0.87568993
9
Properties=species:S:1:pos:R:3 REF_energy="_JSON [[-3192.9844812775277, -3187.987775824655, -3184.79584731822]]" REF_forces="_JSON [[[-19.274267256961032, -1.1517116994637286, 0.3169668197338266], [-19.860394183619743, -0.26219231664531284, 0.7963732416931574], [-22.088917243459797, -0.09172877350257164, 1.668586270337118]], [[21.97248591436937, -1.706868143655543, 2.0150636448010193], [22.10179669472744, -2.228252788661056, 0.9688926510634067], [23.73420493319504, -1.494333790597353, -0.24540616992283634]], [[-0.5755570453254186, 0.43566726920303855, -1.6482202879808767], [-1.354407296338351, 0.795416771733202, 1.0309902489495957], [-1.8775604584533907, 1.1253903678307058, 3.848086287443126]], [[1.198950807834412, 1.356781952530578, 1.204258994741381], [1.3652164664619542, -0.38914708316594915, -0.533273830795116], [2.0113077289908183, -2.6228516245641593, -2.2954550851198414]], [[-0.5408418664683848, 0.15644435247206495, 1.7885147444551686], [-0.575558779272754, -0.18555861481925895, -1.0126649625649045], [-0.7980818512199218, -0.3522230411038447, -3.848519757235061]], [[-2.559229353565436, 1.2945281064391447, -3.648662684292829], [-1.3649235250123601, 2.402875300591182, -1.2652521946403565], [-0.559038919555315, 3.64530737493915, 0.8718112436305151]], [[0.4020888482605723, -0.3442633210082154, 0.005706463051126755], [0.4350053130408276, -0.25910692611357417, -0.024710225766220343], [0.4216097340373998, -0.2860610243608392, -0.06339962631983667]], [[-0.0730093324247406, 0.2117431342949346, -0.41002928997862237], [-0.5142203299112204, -0.12797635072860794, -0.45355647267618143], [-0.9535921707787214, -0.5407817852228426, -0.47795326102911423]], [[-0.550620715725238, -0.2523216508099529, 0.37640159547055824], [-0.23251436007568996, 0.25394200780938386, 0.4932015447364218], [0.11006824724394626, 0.6172822965828031, 0.5422500982152211]]]" pbc="F F F"
C        0.00000000       0.00000000       0.00000000
C        1.15681726       0.00000000       0.00000000
H       -0.52078843       0.95765779       0.00000000
H        1.67236820       0.60799175      -0.74200808
C       -0.87048002      -1.22379842      -0.00000000
H        2.03035796      -0.76971511       0.93937924
H       -0.28391531      -2.13887145      -0.00000000
H       -1.52145135      -1.23484856      -0.87564365
H       -1.52139133      -1.23471640       0.87568993
9
Properties=species:S:1:pos:R:3 REF_energy="_JSON [[-3195.364348826368, -3189.5780337141664, -3185.97610690068]]" REF_forces="_JSON [[[4.003889601535147, 0.5538804608851841, 0.20383882023277766], [-0.10670854677158705, -1.1202617609993595, -0.03459268542756359], [-7.022123380045526, 0.23294960372996562, -0.14037276677794308]], [[-1.4430315419464605, 3.1428227829086337, 1.5493277478626262], [1.3618029286534996, 2.5047833359133955, -0.33286913036630883], [9.084862714925304, 2.6725437021611156, 1.8117440628228618]], [[-0.11758787360310974, 0.3420147996824204, 0.7257647501542361], [-0.3350434469010075, 0.674643172869449, -0.6120314295104279], [-0.41850198459031446, 0.4311683619844702, -2.607533105853241]], [[0.5261641867358504, -0.4747808027392759, 0.6434511524075847], [0.38919377566524455, -0.09880774569299398, -0.27700012176850186], [0.9647405467294292, 1.2424684307696554, -2.395818036492178]], [[0.3971416415298974, 0.20138438144363016, -0.7615854648903173], [0.605865091846395, 0.43619058144100903, 0.9605044434527162], [0.9035226729548864, 0.703197741644493, 3.033935398720556]], [[-3.1667426191583714, -3.360206031294971, -2.415897581907711], [-1.3478244625340206, -2.1691722682702768, 0.1636122141520413], [-2.7594915326229836, -4.58236077719811, 0.23425967434464226]], [[0.31561194836664264, -0.45002335892720574, 0.016366018209591982], [0.36230684332093305, -0.3797913381474323, 0.01732585733285823], [0.369619200769543, -0.47192839463310043, 0.05353017741114337]], [[-0.36104394531173534, -0.05287410822053736, -0.3870135652002313], [-0.24348076594396, 0.26433368211739894, -0.46350928922029894], [-0.09116077694519152, 0.3792394474179144, -0.569911917754401]], [[-0.15440139814353365, 0.09778187626409193, 0.42574812313204596], [-0.6861114173401035, -0.11191765923236607, 0.5785601413550645], [-1.03146746117471, -0.6072781158765379, 0.580166513578675]]]" pbc="F F F"
C        0.00000000       0.00000000       0.00000000
C        1.43844083       0.00000000       0.00000000
H       -0.52078843       0.95765779       0.00000000
H        1.95399177      -0.84503678      -0.45402951
C       -0.87048002      -1.22379842      -0.00000000
H        2.31198153       1.06981317       0.57479953
H       -0.28391531      -2.13887145      -0.00000000
H       -1.52145135      -1.23484856      -0.87564365
H       -1.52139133      -1.23471640       0.87568993
9
Properties=species:S:1:pos:R:3 REF_energy="_JSON [[-3195.4180162103403, -3188.877819172319, -3184.6434513113595]]" REF_forces="_JSON [[[5.746348581189267, -0.9585770324286227, 0.03129899848346232], [0.11349447319870533, -0.5791380231701346, 0.4488929406682455], [-15.74739599259194, -2.0731792556674757, -0.3708321674595823]], [[-3.3237468337088742, -3.517462592169764, -0.11018103199270801], [-0.4222990644105446, -0.5738723545120145, -4.032467575881304], [21.230415900463104, -8.644171353310899, 2.7847067726539443]], [[0.15884459738740467, 0.435917486771311, 0.010101517770793106], [-0.5629890955797169, 0.6181099448989285, 1.446345513676395], [1.1010031691764783, 0.14031405226741378, -0.3303412391623205]], [[0.3538259268565414, 0.10597889199450958, 0.07189777437974111], [-0.05269859182104027, 0.6024894069350859, 0.6203529421209815], [0.8360417708236575, -0.6098245189027653, -0.9370909661043932]], [[0.42837190695272814, 0.36918806949287847, 0.019576662694665275], [1.171897728316797, 0.4178341233000384, -0.48038306905202155], [1.9819548379256449, 2.514273921252554, -0.14018763023735828]], [[-3.133489870290923, 3.9245667110651845, -0.01759125649816355], [0.07019795540406623, -0.5401544331953055, 2.1143258538141363], [-7.844112082790068, 10.589710052509606, -1.0750695072464742]], [[0.3418111050965364, -0.40369800481105284, -0.0033086456498355706], [0.4590676430494253, -0.35472426539941954, -0.0506118878660166], [0.2947575941053512, -0.7841416707884952, 0.02227426496921009]], [[-0.2801627405560168, 0.01823335697580302, -0.40456569915720153], [-0.39357273843499474, 0.08345256168921075, -0.4919177406013544], [-0.9960270467470277, -0.5260923227329962, -0.7380976165336236]], [[-0.2918026729278705, 0.025853113108925855, 0.40277167996970414], [-0.38309830972217956, 0.32600303945122716, 0.42546302312104506], [-0.8566381503672408, -0.6068889046250412, 0.7846380891193947]]]" pbc="F F F"
C        0.00000000       0.00000000       0.00000000
C        1.49129021       0.00000000       0.00000000
H       -0.52078843       0.95765779       0.00000000
H        2.00684115       0.95914816      -0.01627166
C       -0.87048002      -1.22379842      -0.00000000
H        2.36483091      -1.21427771       0.02059986
H       -0.28391531      -2.13887145      -0.00000000
H       -1.52145135      -1.23484856      -0.87564365
H       -1.52139133      -1.23471640       0.87568993
9
Properties=species:S:1:pos:R:3 REF_energy="_JSON [[-3192.7164246349403, -3189.3913802049847, -3188.0246279326334]]" REF_forces="_JSON [[[-12.956818497686763, 0.7075055632105158, 0.8510698923828921], [-12.655753362766584, -0.39895475116766144, 0.34506524135205335], [-14.216185939351524, -0.8592103895885149, 0.34762144864490024]], [[15.406228856170804, 1.031402745928738, 2.2488071146240958], [14.901532706928348, 1.3502183685729796, 2.3288769521180317], [16.448978594653454, 0.9564659566104042, 2.1050401864914514]], [[-0.8253237357882299, 0.45673888416366665, 1.9888481873929944], [-0.9981813518733067, 0.7011447011676365, -0.4770633480536749], [-1.2308665531444127, 0.8889814286304821, -3.032253373484408]], [[1.2378088265577996, -1.9875034215779488, 0.7398420649308953], [1.361007726558957, 0.3011847158863118, -0.3139676496554471], [1.6481736711219728, 2.8153549351869396, -1.2553207318785875]], [[-0.2572954110649024, 0.022757723513909346, -2.069152386205606], [-0.4942746114350199, -0.07065209144330016, 0.5838802201228309], [-0.6806274932911613, -0.12281631703041551, 3.291273746710097]], [[-2.378656738852779, 0.15014116986553275, -3.8233726779274937], [-1.7399799936289928, -1.6210164052023661, -2.539956122548428], [-1.5108584954985502, -3.411577812517421, -1.486687565147633]], [[0.36852344461446457, -0.38807368351185983, 0.0074593342664037564], [0.39638599214980613, -0.3017397227326092, 0.02922069479131961], [0.40757361210268533, -0.2908097974185885, 0.042141793989400364]], [[-0.5832393299051954, -0.24920732932835077, -0.37921683202165113], [-0.2880206734907282, 0.13997997628171505, -0.4570907051490171], [0.03428232186980139, 0.5040613611773929, -0.49150360425556855]], [[-0.011227414044470316, 0.2562383477370225, 0.4357153025567306], [-0.48271643243926304, -0.10016479136217961, 0.5010347170230797], [-0.9004697184685975, -0.4804493650492011, 0.4796880989302613]]]" pbc="F F F"
C        0.00000000       0.00000000       0.00000000
C        1.20935800       0.00000000       0.00000000
H       -0.52078843       0.95765779       0.00000000
H        1.72490894      -0.35223446      -0.89227846
C       -0.87048002      -1.22379842      -0.00000000
H        2.08289870       0.44592741       1.12962093
H       -0.28391531      -2.13887145      -0.00000000
H       -1.52145135      -1.23484856      -0.87564365
H       -1.52139133      -1.23471640       0.87568993
9
Properties=species:S:1:pos:R:3 REF_energy="_JSON [[-3192.6796873590106, -3189.7529419727985, -3188.8234165366957]]" REF_forces="_JSON [[[-10.966851339862133, -0.8391074245978145, 0.3417098458617023], [-10.405701606417562, -0.30099967952228845, 0.5035104562920001], [-11.721084468194633, 0.11523622056899951, 1.1285328312952212]], [[13.38701886562496, -0.8607576859934184, 2.56847813330252], [12.59221116285243, -1.1312428859435717, 2.4460009628943733], [14.014850119882203, -1.0308217010398628, 2.0290302077699454]], [[-0.5965486231131765, 0.5375036838427196, -1.8846220443036092], [-0.9594774355958491, 0.6827618941315937, 0.458680036768043], [-1.2978546618348614, 0.7819376942712732, 2.7950664328857653]], [[1.2112717333215985, 1.953121374126381, 0.6136862354519794], [1.2979252439164257, -0.22830246476817265, -0.25612115359636894], [1.4955862248083485, -2.588787787347715, -0.9927894553107922]], [[-0.3989921231823195, 0.10702374517698489, 2.083173027059973], [-0.39095795742207995, -0.07147698110344777, -0.4226842044901816], [-0.39327153737775866, -0.1435978196838591, -2.915910900836758]], [[-2.3420685650293493, -0.497736307334905, -3.698154314291291], [-1.7877383109170604, 1.282969403971379, -2.7569950071533857], [-1.7124628370842134, 3.0814007495003106, -2.091214482990629]], [[0.3726196700219507, -0.3581199064636673, 0.008886710520705516], [0.40047802882859296, -0.2933685478481284, -0.004336712568929041], [0.4063588111824715, -0.3087499536968493, -0.02086555892282544]], [[-0.050344205799634736, 0.26286653132387533, -0.42913110992466375], [-0.43946993910418736, -0.03709630703503574, -0.4584128389900168], [-0.8042008459515827, -0.35308501286766647, -0.4428027268317294]], [[-0.6161054119817775, -0.3047940100789892, 0.3959735163231369], [-0.30726918613925264, 0.09675556811683507, 0.4903584608449587], [0.012079194571784715, 0.4464676102941084, 0.5109536529415344]]]" pbc="F F F"
C        0.00000000       0.00000000       0.00000000
C        1.22984311       0.00000000       0.00000000
H       -0.52078843       0.95765779       0.00000000
H        1.74539405       0.27602153      -0.91871762
C       -0.87048002      -1.22379842      -0.00000000
H        2.10338381      -0.34944215       1.16309281
H       -0.28391531      -2.13887145      -0.00000000
H       -1.52145135      -1.23484856      -0.87564365
H       -1.52139133      -1.23471640       0.87568993
9
Properties=species:S:1:pos:R:3 REF_energy="_JSON [[-3195.4785264415564, -3189.0457776429603, -3184.4694415726935]]" REF_forces="_JSON [[[5.361805781175434, 0.42632742182422045, 0.025843216902466586], [0.44440985082823237, -1.7095604389413617, 0.07733492016681474], [-15.242941760407971, 2.140934274502123, -0.3432405020028326]], [[-2.869062198643506, 3.5718180408516043, 0.25472678201855026], [-0.4223107552229864, 0.7244085812990569, -2.7243577950911586], [19.761173279109027, 6.784953398816824, 1.547910058309889]], [[-0.013773433968246486, 0.3521952461214561, 0.14249703376375306], [-0.13820669677243652, 0.8170178728616397, -0.34709231616023706], [-0.04686952654873179, -0.3233735300838335, -1.47182947352406]], [[0.41509542757096013, -0.1578512545689392, 0.1607284188091284], [-0.021186545833556544, -0.6218528440171693, 0.4403744244459468], [0.8470806805546851, 0.6057432406997348, -1.70370260516396]], [[0.5390234802551784, 0.26865199857102845, -0.14562298018281483], [0.7225397715459777, 0.4989423628950274, 0.807340022997343], [2.64795585417853, 1.8441007863634582, 1.7651979080784275]], [[-3.2181735000493457, -4.063488300578424, -0.4734762393607328], [-0.033845855608880496, 0.32544106923181665, 1.5152435501170831], [-6.736108776895753, -9.478681705114402, 0.21859817146707344]], [[0.306691006595904, -0.45856600591640223, 0.005447028205718885], [0.3483182227837666, -0.3715839823129775, -0.02333164052327515], [0.3537456686753626, -0.7606328559558939, 0.05958669124631864]], [[-0.268459650067393, 0.02381762913401519, -0.3965224275240678], [-0.17269733113275237, 0.32367988238505735, -0.37779130485494294], [-0.5720896468101341, -0.10653593989058732, -0.7571095521258877]], [[-0.25314691287056307, 0.03709522456207803, 0.4263791673688025], [-0.7270206605874748, 0.013507496598895065, 0.6322801389020627], [-1.0119457718573743, -0.7065076693349457, 0.6845893037148638]]]" pbc="F F F"
C        0.00000000       0.00000000       0.00000000
C        1.47703869       0.00000000       0.00000000
H       -0.52078843       0.95765779       0.00000000
H        1.99258963      -0.95461900      -0.09451201
C       -0.87048002      -1.22379842      -0.00000000
H        2.35057939       1.20854381       0.11965183
H       -0.28391531      -2.13887145      -0.00000000
H       -1.52145135      -1.23484856      -0.87564365
H       -1.52139133      -1.23471640       0.87568993
9
Properties=species:S:1:pos:R:3 REF_energy="_JSON [[-3195.5915630833297, -3189.4220289332916, -3185.320163923325]]" REF_forces="_JSON [[[3.3531021821539317, -0.9746649486678044, 0.0333531910927087], [-1.3566797979763852, -0.28676964146154127, 0.4929730267946722], [-9.160608571063337, -1.069868819180209, 0.9498748449338349]], [[-0.7300463876648425, -3.2263481556652667, 1.3456847087760324], [2.285130194101968, -2.599250907062171, -1.2345685016161734], [11.455115339214206, -3.4172003469562533, 0.9195448717594368]], [[0.04776000720519046, 0.42284532618570864, -0.5780768665140624], [-0.678342654279141, 0.6468342642679914, 1.0291146712307166], [-0.2662545452207229, 0.5124267393653945, 2.947818577542191]], [[0.5164357605881896, 0.30499028725400634, 0.5901421511101647], [0.3055461128102663, 0.14659871165024213, -0.16572320073601016], [1.0181296735121508, -1.1482118217760122, -2.504539296985904]], [[0.1870515247415939, 0.3313343248517704, 0.6858775948447459], [0.8410421571074265, 0.39879891721766525, -0.7273276128508467], [0.8479599078554291, 0.9605674770174155, -2.9031666706074684]], [[-3.1523100408587563, 3.5436216544058334, -2.040480380345363], [-0.9981763953513683, 1.8138358210009293, 0.6579379463999864], [-3.0255060952414152, 4.9278822287193975, 0.6421961916499005]], [[0.3533994792063014, -0.4003643730919779, -0.009521618128535822], [0.4255370054168677, -0.35985345363757404, -0.038546860271592265], [0.36050950606858523, -0.4560506531062263, -0.07589972613803532]], [[-0.1955356448173926, 0.0779783322981717, -0.4100052015848396], [-0.5070542308449683, -0.03858009658448282, -0.4811989316029401], [-1.0486535364134824, -0.5967957964221736, -0.5821103710868002]], [[-0.37985688055240957, -0.07939244756988996, 0.38302642074922055], [-0.3170023909825398, 0.2783863846086389, 0.46733946265278214], [-0.18069167871014516, 0.2872509923369136, 0.6062815789327836]]]" pbc="F F F"
C        0.00000000       0.00000000       0.00000000
C        1.41419270       0.00000000       0.00000000
H       -0.52078843       0.95765779       0.00000000
H        1.92974364       0.88041491      -0.38091933
C       -0.87048002      -1.22379842      -0.00000000
H        2.28773340      -1.11460174       0.48224234
H       -0.28391531      -2.13887145      -0.00000000
H       -1.52145135      -1.23484856      -0.87564365
H       -1.52139133      -1.23471640       0.87568993
9
Properties=species:S:1:pos:R:3 REF_energy="_JSON [[-3193.404709160927, -3188.0258257778464, -3184.4352716910353]]" REF_forces="_JSON [[[-17.71460616148629, 0.9516963377302657, 0.6665664914577448], [-18.37878901401513, -0.6635520918914443, 0.32873811505844003], [-20.848288815866333, -0.794339486877845, 0.4495514404992735]], [[20.40939742124136, 2.0253911006881653, 1.7399577864249902], [20.616659171770312, 2.093783340367567, 0.8458674268225758], [22.42854468701828, 0.9359423985668244, 0.13845132593104187]], [[-0.7655621870788556, 0.3424058726385782, 1.5352290969190785], [-1.2049862824582422, 0.8695089495143021, -0.9144244740110299], [-1.647412904188419, 1.220418080391068, -3.680054695337509]], [[1.153416809842225, -1.2250428682090813, 1.1545599205795838], [1.3497222506986728, 0.39489206078767164, -0.589695878591207], [2.0886234263243413, 2.5767963859415, -2.4701823442848774]], [[-0.2667882327010951, 0.10201422750965017, -1.616890807447535], [-0.6154844307890308, -0.0550061502477915, 1.1178973895889384], [-0.9825922776358001, -0.236241481239045, 4.116914414270639]], [[-2.6463918857666786, -1.8018652232470738, -3.541667358919048], [-1.3448700517836496, -2.424864400798456, -0.8990376631271666], [-0.49432538685448113, -3.4234645400949297, 1.3591275603383246]], [[0.37562714634030464, -0.40018606259044903, 0.01285783552600151], [0.4067185645752199, -0.2918061618044741, 0.04540487746673687], [0.4248120783525794, -0.26767993466423223, 0.07161317498851455]], [[-0.4928845014823248, -0.18871484316775586, -0.3649510824461111], [-0.22007121850800188, 0.2635755337009554, -0.45738558314164923], [0.11817638527845946, 0.6626699966270994, -0.5230863258152076]], [[-0.05220840890613374, 0.19430145864640078, 0.41433811790627806], [-0.608898989491291, -0.18653107963122484, 0.5226357899338463], [-1.0875371924266608, -0.6741014186510308, 0.5376654494098962]]]" pbc="F F F"
C        0.00000000       0.00000000       0.00000000
C        1.16656339       0.00000000       0.00000000
H       -0.52078843       0.95765779       0.00000000
H        1.68211433      -0.66587083      -0.69054036
C       -0.87048002      -1.22379842      -0.00000000
H        2.04010409       0.84298979       0.87422132
H       -0.28391531      -2.13887145      -0.00000000
H       -1.52145135      -1.23484856      -0.87564365
H       -1.52139133      -1.23471640       0.87568993
9
Properties=species:S:1:pos:R:3 REF_energy="_JSON [[-3191.4057280899137, -3183.6336337827424, -3177.325768374939]]" REF_forces="_JSON [[[-38.84202145273587, -1.4733993567799173, 0.20231829436211], [-38.0854087512552, -0.4339175345133885, 1.1071101940344306], [-33.035621686424406, -1.2898092870959432, 2.5661543410017416]], [[41.89224853287831, -2.1570391675271785, 0.7200466710406076], [39.90835900816802, -1.161822407211678, -1.2036517313086945], [31.605197722914493, 4.470314451676139, -5.799127130290342]], [[-0.6891893103219987, 0.23571702229123573, -0.6772005681260679], [-2.1193818166175182, 1.2266350008526277, 1.4235337999011286], [-2.9758633313148204, 2.3396784018879107, 4.065249281182066]], [[1.2728260624702117, 0.04354702453748636, 0.8075834339580525], [1.4030355372740828, -0.026718006111055397, -0.9872843007589792], [2.8365702152900596, -1.142285069813575, -2.304312910660332]], [[-0.7714208515367111, 0.28073360443047435, 0.7443635489227881], [-0.9721263647118171, -0.7108605766613353, -1.6851104584422008], [-2.307036015895915, -1.6717250344429921, -3.7725714760225944]], [[-2.7116766817573548, 3.471878960346639, -1.7778585797023545], [-0.046423842619051095, 0.9698017728572367, 1.1315586906678943], [3.8279581000452665, -2.7082363741368605, 5.229036170284937]], [[0.4574300953771354, -0.3410548078921109, 0.00019401875403616406], [0.5697570101315682, -0.23986649281685163, 0.02261684112728979], [0.5165551269571698, -0.24848814793015647, -0.03203821646202921]], [[-0.20708260228109227, 0.05728758556571611, -0.3862516070817831], [-0.4721334522577759, -0.12680398591679046, -0.3558972442905761], [-0.6903741875320969, -0.5435494277945433, -0.46741022297771684]], [[-0.4011137920929515, -0.11767086497369883, 0.3668047878723456], [-0.1856773281128658, 0.503552229521385, 0.5471242090704551], [0.22261405595859207, 0.7941004876515629, 0.5150201639450226]]]" pbc="F F F"
C        0.00000000       0.00000000       0.00000000
C        1.05900042       0.00000000       0.00000000
H       -0.52078843       0.95765779       0.00000000
H        1.57455136       0.90495009      -0.31826921
C       -0.87048002      -1.22379842      -0.00000000
H        1.93254112      -1.14566317       0.40292754
H       -0.28391531      -2.13887145      -0.00000000
H       -1.52145135      -1.23484856      -0.87564365
H       -1.52139133      -1.23471640       0.87568993
9
Properties=species:S:1:pos:R:3 REF_energy="_JSON [[-3192.995159841745, -3190.769230913239, -3190.606708733298]]" REF_forces="_JSON [[[-1.962500431163767, 0.08542793594515061, 0.47932127006532965], [-0.5108081167181135, -1.0699271958472911, 0.6755417422169488], [-0.03147981244512327, 0.10714344286747784, -0.172645291933878]], [[4.235392496823997, 0.0806761953081781, 2.9706814801360206], [4.5950278186281395, 0.01583163961433868, 3.680359142984187], [0.2123342101546707, 0.26496285837959666, 2.480926741637295]], [[-0.4047652260123368, 0.43631476267775965, 0.52642318064787], [-1.280347267469179, 0.7011419112722208, -0.349593721691032], [0.07218458178036567, 0.647755600986373, -0.2345635410510898]], [[0.9217934912386285, -0.4991158945040188, 0.027578445031114403], [0.5067593646277004, 0.28623726846343245, -0.2695319719966539], [1.478883865071612, 0.36849227130235856, -0.22761389090677714]], [[0.11257057054215598, 0.17398049729312534, -0.43049588328864535], [0.3665265233581473, 0.14470569934179056, 0.1720661007827586], [-0.33220406446355916, -0.041171045195154216, 0.5942775177240035]], [[-2.5718307500372966, 0.18029911883016736, -3.6005523965335233], [-3.158808373045524, -0.4424186050731261, -3.960060878011391], [-1.135547384765355, -0.475319210286228, -2.450206474909474]], [[0.32630654605234816, -0.4155007385405639, 0.0047830838937398526], [0.487712380556992, -0.18293249085199711, 0.01613091350162688], [0.26707231552770233, -0.48806579630043234, 0.003673090653701092]], [[-0.39109507351070566, -0.057937661163728914, -0.4141549808260739], [-0.4679258771185154, 0.3035639278021455, -0.44491670703510405], [-0.18593927730288992, -0.08731093698404244, -0.49109195109343734]], [[-0.26587162393287367, 0.015855784153607826, 0.4364158008748147], [-0.5381364528254816, 0.24379784527857415, 0.48000537924950465], [-0.34530443355804963, -0.29648718477049335, 0.4972437998798712]]]" pbc="F F F"
C        0.00000000       0.00000000       0.00000000
C        1.37292449       0.00000000       0.00000000
H       -0.52078843       0.95765779       0.00000000
H        1.88847543      -0.05056918      -0.95795235
C       -0.87048002      -1.22379842      -0.00000000
H        2.24646519       0.06402038       1.21276383
H       -0.28391531      -2.13887145      -0.00000000
H       -1.52145135      -1.23484856      -0.87564365
H       -1.52139133      -1.23471640       0.87568993
9
Properties=species:S:1:pos:R:3 REF_energy="_JSON [[-3193.594996206484, -3189.993539333635, -3188.824989082694]]" REF_forces="_JSON [[[5.495026749259457, -0.711648449291506, 0.02559801330770438], [3.7049968337078543, -0.6392431927032521, 0.13246271221323191], [1.4495958622830902, -0.2246055380263819, 0.5550666314340447]], [[-3.0968442591875833, -2.0741938731987397, 3.2026022801018983], [-1.7488530606232566, -2.3346031445927204, 2.5190574621780217], [0.04479124866231734, -1.69190323582997, 2.566854156988009]], [[0.16614812025508105, 0.5002794324383509, -1.032894653590109], [-0.267212679384709, 0.6646790045789237, 0.5345345597536894], [-0.0552517280772974, 0.6491864724697588, 1.9518595004759922]], [[0.39155821480064906, 1.059516045931838, 0.4774895946739222], [0.3431346410354191, -0.049504358163811296, -0.38424020706188744], [0.6745084259852129, -1.5383115193780974, -1.2220087325091917]], [[0.49020719448988526, 0.27206654951040166, 1.2169256774527315], [0.7980627050650831, 0.33228227244436687, -0.3545360441701171], [0.653630191928479, 0.3179013072744609, -2.0594110598121556]], [[-3.1305803282614915, 1.3537571251070029, -3.8503584570941447], [-2.4250691788071674, 2.158951884773958, -2.4050883065153723], [-2.2808721464575017, 3.0524596835611337, -1.855214492947136]], [[0.3059369544691908, -0.4147649794084411, -0.00910543826534872], [0.3997955218600488, -0.360320334287977, -0.025065271232747707], [0.320767965284963, -0.47323450754157104, -0.008940821697166802]], [[-0.13742510406058228, 0.15741933489059778, -0.44463620859262365], [-0.4729914637231076, 0.06431965227939997, -0.5039256585127193], [-0.7000127024172538, -0.31674286792909884, -0.4895494183776724]], [[-0.48402754176594265, -0.1424311859803977, 0.41437919200674256], [-0.33186331913253103, 0.16343821567170116, 0.4868007533476039], [-0.10715711719162077, 0.22525020539961607, 0.5613442364458179]]]" pbc="F F F"
C        0.00000000       0.00000000       0.00000000
C        1.58445405       0.00000000       0.00000000
H       -0.52078843       0.95765779       0.00000000
H        2.10000499       0.50326754      -0.81667113
C       -0.87048002      -1.22379842      -0.00000000
H        2.45799475      -0.63713468       1.03390237
H       -0.28391531      -2.13887145      -0.00000000
H       -1.52145135      -1.23484856      -0.87564365
H       -1.52139133      -1.23471640       0.87568993
9
Properties=species:S:1:pos:R:3 REF_energy="_JSON [[-3195.117090118232, -3189.1449198789155, -3185.0532858058664]]" REF_forces="_JSON [[[-5.407297008824808, 0.8137184027231679, 0.40611408530084875], [-7.704541164160886, -0.918469595753498, 0.17771249040899564], [-12.632351070392398, -0.30413696920874556, 0.12752915281254135]], [[8.098222538233511, 2.616856549299257, 1.632524864052364], [9.49601905803317, 2.250507128994265, 0.1410206435458098], [14.215608765075627, 1.5231644107885276, 0.7043646846089207]], [[-0.4575135754355404, 0.30959614320821427, 1.1094819229929536], [-0.8547103404752441, 0.8028709198031508, -0.9185535999550395], [-1.1392147074273427, 0.8385533802652927, -3.5049654355033524]], [[0.8391977909331163, -0.7439299299430129, 0.9665296364524361], [0.9168370261134908, 0.23225034940283404, -0.5658907147084679], [1.6729099841661343, 2.0109897331941275, -2.7518971342096035]], [[0.039290563688705156, 0.17212193890730984, -1.1748628150976999], [-0.05690612971286793, 0.18630189806441702, 1.1842043126223272], [-0.19918858135310663, 0.17012233395813975, 4.008925844299775]], [[-2.937913771907774, -2.7598336483866173, -3.00318590217446], [-1.2790033556377822, -2.3487998448196286, -0.13832713710788014], [-1.2439878034685956, -3.788276733014217, 1.3289599355307575]], [[0.34946731769584005, -0.42755201783309604, 0.01595327875218729], [0.3825303134989473, -0.32384301547521027, 0.03728566023277692], [0.40015500310577823, -0.3325255980654639, 0.0672389453506969]], [[-0.42118940380307607, -0.12147624807117884, -0.36741744714199975], [-0.22295084327426062, 0.29479628307913686, -0.46286111937831753], [0.07193629709164275, 0.6064586256269175, -0.5495023687357207]], [[-0.10226445057705605, 0.14049881009314474, 0.41486237686390537], [-0.6772745643811454, -0.17561412329641451, 0.5454094643395082], [-1.1458678867983298, -0.724349183545526, 0.5693463758459003]]]" pbc="F F F"
C        0.00000000       0.00000000       0.00000000
C        1.27125894       0.00000000       0.00000000
H       -0.52078843       0.95765779       0.00000000
H        1.78680988      -0.77912560      -0.55963671
C       -0.87048002      -1.22379842      -0.00000000
H        2.14479964       0.98636988       0.70849783
H       -0.28391531      -2.13887145      -0.00000000
H       -1.52145135      -1.23484856      -0.87564365
H       -1.52139133      -1.23471640       0.87568993
9
Properties=species:S:1:pos:R:3 REF_energy="_JSON [[-3195.624011844822, -3188.3379406476597, -3182.2950169950855]]" REF_forces="_JSON [[[-5.7179334864002325, -1.1348342138303993, 0.07775667976849959], [-10.03268183124181, -0.4087308111477038, 0.8648001550303136], [-17.275873428889, -0.8509280356201067, 1.7096702649565405]], [[8.514566630249579, -2.974625884296842, 0.8174648932331723], [10.822961855535246, -1.3952586833714395, -1.9993011258994942], [18.953545703151335, -2.688478574030992, -1.5420344490684719]], [[-0.18871027591464481, 0.3477327249432416, -0.5022219257439463], [-1.3590533856502274, 0.8503623365495351, 1.1223516041670332], [-0.8442910327833579, 0.5747045560751293, 4.830600970528796]], [[0.758852605382732, 0.11078470041975641, 0.580602420084012], [0.4619182270476165, 0.09905217344671667, -0.26181807410039415], [1.9469864018055225, -1.347204322743681, -3.613116087979705]], [[-0.159284965298908, 0.3372570701354756, 0.5837710192325117], [0.6091576329101259, 0.17907527435616957, -1.027547501417], [-0.04162085604590825, 0.6314603479158977, -4.581016559659835]], [[-3.0248390165093038, 3.733267477349206, -1.5251453691746015], [-0.12143288075795627, 0.5792526594529323, 1.2806735421222186], [-1.8703461410602074, 4.560958882947825, 3.2261311324276583]], [[0.39174569344341376, -0.3862490072826994, -0.005817249176691808], [0.48939946888685704, -0.29149617123887595, -0.008756388630352606], [0.37134759712095994, -0.4041779160844159, -0.12148743742617728]], [[-0.21186471005238666, 0.049579173346463584, -0.39399215620879996], [-0.5402195995922484, -0.03994363522041093, -0.43440647617787687], [-1.2363405744612275, -1.0048236515486897, -0.5545159086866678]], [[-0.36253247490276636, -0.08291204078394986, 0.36758168798657814], [-0.33004948713706567, 0.4276868571753761, 0.46400426490617525], [-0.0034076688374982613, 0.5284887130891457, 0.6457680749069543]]]" pbc="F F F"
C        0.00000000       0.00000000       0.00000000
C        1.26205316       0.00000000       0.00000000
H       -0.52078843       0.95765779       0.00000000
H        1.77760410       0.91874154      -0.27594191
C       -0.87048002      -1.22379842      -0.00000000
H        2.13559386      -1.16312309       0.34934135
H       -0.28391531      -2.13887145      -0.00000000
H       -1.52145135      -1.23484856      -0.87564365
H       -1.52139133      -1.23471640       0.87568993
9
Properties=species:S:1:pos:R:3 REF_energy="_JSON [[-3192.783843837068, -3190.410750834893, -3190.0251872640365]]" REF_forces="_JSON [[[3.6495106753123414, 0.03252177148561457, 0.33970530875491006], [4.2081663040447195, -1.2298996392638752, 0.5583729781102313], [4.323569105596929, 0.04851435342020549, -0.5792493381823258]], [[-1.3396748919857986, 0.34379459225450504, 3.6201041664469784], [-0.7357714610656902, 0.18908616068778655, 3.7646165521525576], [-4.126437917768785, 0.38415936206362794, 2.980686569075429]], [[0.023811718246508892, 0.419697410306854, 0.5085713755572004], [-0.7391540355588522, 0.6082156291710515, -0.3985371084464536], [0.4240994790414603, 0.7783466298996823, -0.19041542574235334]], [[0.5057009806363311, -0.529164205846017, -0.05757809665349046], [0.1819791307594032, 0.3312629306690074, -0.41050100086307983], [0.9323342173973705, 0.34449562343449175, -0.27383878709997234]], [[0.5575178180648985, 0.2355913914573883, -0.4724073554653053], [0.9542820889544004, 0.3281744694894067, 0.2573578081813533], [0.13609155848249502, 0.06563484030771159, 0.6681645233332074]], [[-3.0366409046576823, -0.02486132225634938, -3.969540099743062], [-3.3962068567537287, -0.6666471122847943, -3.8232748177889464], [-1.3561206127334478, -0.6050283373478055, -2.592451845823391]], [[0.28087020796624684, -0.4486723466937077, 0.007210075397070918], [0.4867533264637272, -0.1936384410532364, 0.016044930228968714], [0.23236694142689895, -0.5944795407184146, -0.004992515907325799]], [[-0.3899883363675281, -0.05846838399029834, -0.4304564178398083], [-0.4294483442472202, 0.3570696787322608, -0.4564556174232464], [-0.1885419272467612, -0.09498000274772317, -0.5242426268657578]], [[-0.25110726721603976, 0.029561093280798142, 0.45439104354588306], [-0.5306001525993695, 0.2763763238533443, 0.49237627584697036], [-0.3773608441978814, -0.32666292831234284, 0.5163394472111246]]]" pbc="F F F"
C        0.00000000       0.00000000       0.00000000
C        1.57712256       0.00000000       0.00000000
H       -0.52078843       0.95765779       0.00000000
H        2.09267350      -0.09422335      -0.95464754
C       -0.87048002      -1.22379842      -0.00000000
H        2.45066326       0.11928638       1.20857994
H       -0.28391531      -2.13887145      -0.00000000
H       -1.52145135      -1.23484856      -0.87564365
H       -1.52139133      -1.23471640       0.87568993
9
Properties=species:S:1:pos:R:3 REF_energy="_JSON [[-3193.919177693316, -3190.534186307835, -3189.3843664702367]]" REF_forces="_JSON [[[0.09158591177866923, -0.7599922813997239, 0.1242380311777226], [-0.2235023393935704, -0.44718857115757427, 0.3563597994267521], [-2.2275603966839173, 0.007515371324582565, 0.7661004018723323]], [[2.3672782843690867, -1.4147378758866052, 3.013973841108594], [2.41974998439877, -1.7270406242044765, 2.559373973914606], [3.9394747681428175, -1.3079686673554403, 2.2243130085179135]], [[-0.1996562134349145, 0.47523273908172864, -1.516536927412872], [-0.6725129672905646, 0.6607688928176821, 0.53027083438361], [-0.6716635582129872, 0.6697436213160511, 2.588665009339476]], [[0.7713322759182747, 1.5459276185384563, 0.6303379335441908], [0.8140870277425848, -0.20549403755394757, -0.3039487161229825], [1.154111681352353, -2.230535359337685, -1.1571147022170267]], [[0.059915493494255595, 0.21939849254867322, 1.7327378516415355], [0.19018567966240071, 0.12447140433540516, -0.4652923800533083], [0.10773224258611315, 0.09791859846107316, -2.631616495160333]], [[-2.7824886306683734, 0.3397551848458351, -3.946174586410304], [-2.13356768241829, 1.756512442585415, -2.674949861452352], [-1.8788037636368355, 3.154077599397261, -1.847161491520375]], [[0.339978370362008, -0.38683244305381587, -0.002109279026443602], [0.39919042870147803, -0.3156822385207023, -0.013859859438832035], [0.3636696810371857, -0.37960331013907644, -0.017695580011701455]], [[-0.08349346720194492, 0.2174319790287907, -0.4332487762678393], [-0.474679279938398, 0.003732427694439358, -0.474021797522747], [-0.7685898677770249, -0.35767105357529355, -0.457928668891836]], [[-0.5644520246175118, -0.23618341370210885, 0.39678191164577953], [-0.3189508514625354, 0.14992030400406622, 0.4860680068651068], [-0.01837078680932749, 0.34652319990916436, 0.5324385180705056]]]" pbc="F F F"
C        0.00000000       0.00000000       0.00000000
C        1.38154691       0.00000000       0.00000000
H       -0.52078843       0.95765779       0.00000000
H        1.89709785       0.38101678      -0.88037275
C       -0.87048002      -1.22379842      -0.00000000
H        2.25508761      -0.48236571       1.11454835
H       -0.28391531      -2.13887145      -0.00000000
H       -1.52145135      -1.23484856      -0.87564365
H       -1.52139133      -1.23471640       0.87568993
9
Properties=species:S:1:pos:R:3 REF_energy="_JSON [[-3190.722141881838, -3185.0257511485756, -3180.97777121367]]" REF_forces="_JSON [[[-37.04776314547993, 1.1434874712146983, 0.8137524150433525], [-36.60531732860165, -0.6598940507356797, 0.5027520516641585], [-36.62419541757221, -1.1653087426682622, 0.8858937839228512]], [[39.81491059859964, 1.8638279092061796, 1.3672304905638204], [39.06962936360205, 1.805950761831067, 0.398659943279551], [38.1123018664276, 0.02785865266552235, -1.5774213445336975]], [[-1.0386462898773487, 0.33985492853648464, 1.562725986243283], [-1.583076603042572, 1.0952468660852837, -0.931126109405062], [-2.3002184634329335, 1.8514839365042963, -3.7152219955711514]], [[1.439317461311297, -1.1897399444211714, 1.2545847174131104], [1.6747868415350264, 0.3921855454247931, -0.6468817249958853], [2.552435490499384, 2.5111215426574693, -2.4429969781721037]], [[-0.583490448699575, 0.07322846026576779, -1.6381455110878558], [-1.1145788595539858, -0.2306937058105039, 1.146238250897529], [-1.777266512467091, -0.6261361704005172, 4.159233110673547]], [[-2.4397341965996917, -1.845295313255784, -3.410950757222686], [-1.0832665966496062, -2.2282193001729538, -0.5877130654092192], [0.5036365188115677, -2.4453868036295123, 2.567926167309943]], [[0.40608319546094696, -0.3764044789002729, 0.010414284797264885], [0.43733785981712303, -0.26482434614829653, 0.05279722040325371], [0.4647614061341263, -0.2154020954964616, 0.0885805378859065]], [[-0.49744522332813, -0.2019095225292712, -0.36478011736653637], [-0.205469706567329, 0.28169752293318945, -0.45364989728824145], [0.13561919451834378, 0.7239706339334427, -0.5144408434895622]], [[-0.05323195138899755, 0.19295048988550756, 0.4051684916157771], [-0.5900449705401294, -0.1914492934044097, 0.5189233308540505], [-1.067074082919911, -0.6622009535618084, 0.548447561974926]]]" pbc="F F F"
C        0.00000000       0.00000000       0.00000000
C        1.06691527       0.00000000       0.00000000
H       -0.52078843       0.95765779       0.00000000
H        1.58246621      -0.69035492      -0.66606310
C       -0.87048002      -1.22379842      -0.00000000
H        1.94045597       0.87398654       0.84323320
H       -0.28391531      -2.13887145      -0.00000000
H       -1.52145135      -1.23484856      -0.87564365
H       -1.52139133      -1.23471640       0.87568993
9
Properties=species:S:1:pos:R:3 REF_energy="_JSON [[-3191.672492191665, -3188.521661857884, -3187.232867485354]]" REF_forces="_JSON [[[-19.835971937795975, -0.9868209835450445, 0.4531147922276765], [-19.469156474760048, -0.2613566424053437, 0.6482291841526379], [-20.668483935800378, 0.1553664821496384, 1.3895474415082645]], [[22.291112820652586, -0.8454571302335981, 2.2615399299918533], [21.58850081609067, -1.178236108733395, 2.1134237597628145], [23.228250412601156, -1.2051661464070056, 1.5456923940247693]], [[-0.7651255639421446, 0.5665173510634881, -2.0654913151259766], [-1.1348324965190641, 0.7056719343609418, 0.5687604208970635], [-1.7194254816957644, 0.9322357417041706, 3.131670958820672]], [[1.4123540656789788, 2.0942062624695077, 0.7791923260623579], [1.5487861303212958, -0.3044699342911706, -0.3079299797371484], [1.7065297822229155, -2.826202070918277, -1.206643038637373]], [[-0.6475086566723312, 0.045472323470648425, 2.234942297654072], [-0.6606314436447724, -0.1702283977136289, -0.5433992316537594], [-0.7128483638988597, -0.29439883188936655, -3.265606195627543]], [[-2.1883201658095324, -0.4899137168277921, -3.6464142895263585], [-1.563057513562198, 1.4419711922900031, -2.5112418204424642], [-1.4487961626229922, 3.396841599882472, -1.6274146740546835]], [[0.39322201986115457, -0.3380177210047573, 0.01402127723347009], [0.41230373937374926, -0.27439184148216833, -0.0050837017925962425], [0.42993061185271525, -0.2832014943924149, -0.03186226668625148]], [[-0.029844592861155903, 0.28197012723221365, -0.4243969189080168], [-0.4438759577663332, -0.07004757637577491, -0.4547752775529392], [-0.8598765092117964, -0.39695011788282036, -0.4459186924458448]], [[-0.6299179891077505, -0.32795651262302256, 0.39349190039249077], [-0.27803679953536764, 0.11108737434924776, 0.49201664636573633], [0.044719646550858645, 0.5214748377534095, 0.510534073098002]]]" pbc="F F F"
C        0.00000000       0.00000000       0.00000000
C        1.15793946       0.00000000       0.00000000
H       -0.52078843       0.95765779       0.00000000
H        1.67349040       0.31762640      -0.90517591
C       -0.87048002      -1.22379842      -0.00000000
H        2.03148016      -0.40211374       1.14594906
H       -0.28391531      -2.13887145      -0.00000000
H       -1.52145135      -1.23484856      -0.87564365
H       -1.52139133      -1.23471640       0.87568993
9
Properties=species:S:1:pos:R:3 REF_energy="_JSON [[-3195.823671308068, -3188.9742269360927, -3183.066783876484]]" REF_forces="_JSON [[[3.224372549000054, 0.5385968820264389, 0.00993297623798056], [-0.6925204586998525, -2.0387722502351537, 0.17164722310559105], [-22.040619273060237, 2.639466424597175, -0.08099088610657784]], [[-0.6410455626638673, 3.47086076562057, 0.11513133034294205], [0.4513590101210527, -0.4716798783367467, -2.5124287875612024], [27.28304251567922, 8.209454049481549, -0.5447900233192623]], [[-0.1254062324236996, 0.3345082205014497, 0.0903184659275542], [-0.3354228351561127, 1.0499243926395698, -0.3365700192451811], [-0.13335068932810584, -0.7476938882054547, -1.9460502165446414]], [[0.5175773895589515, -0.11623519684829454, 0.10339733352693027], [0.0026633046882290415, -0.6408158743227215, 0.385927704515742], [0.9914976160350534, 0.7656943315880087, -1.540793027433302]], [[0.41993592002669716, 0.27561216141843453, -0.10343864575676281], [0.48392686001327867, 0.38790018947752924, 0.640544166176115], [3.176824772380731, 2.370310620528542, 2.510524854804631]], [[-3.192955687828863, -4.096481501229772, -0.2550758500616042], [0.6436810090009627, 1.5855840995727548, 1.3936999882212404], [-7.657819887357291, -11.331295053390834, 1.6173904454111863]], [[0.31861156157890963, -0.4555416996259917, 0.0040684998865309204], [0.3462849513262559, -0.3282035016622835, -0.021721516767692954], [0.3521315709261976, -0.7918128330143397, 0.044038299978204735]], [[-0.2580025041659557, 0.020794167674599212, -0.3857617504048543], [-0.19019939053636062, 0.35167391630842754, -0.3490025266224792], [-0.64433473740345, -0.12214732170898782, -0.840231984080023]], [[-0.26308743308126964, 0.02788620046017801, 0.4214276403008732], [-0.7097724507564742, 0.10438890655990984, 0.6279037681780083], [-1.3273718878719096, -0.9919763298708438, 0.780902537288805]]]" pbc="F F F"
C        0.00000000       0.00000000       0.00000000
C        1.40628037       0.00000000       0.00000000
H       -0.52078843       0.95765779       0.00000000
H        1.92183131      -0.95797484      -0.05014136
C       -0.87048002      -1.22379842      -0.00000000
H        2.27982107       1.21279230       0.06347876
H       -0.28391531      -2.13887145      -0.00000000
H       -1.52145135      -1.23484856      -0.87564365
H       -1.52139133      -1.23471640       0.87568993
9
Properties=species:S:1:pos:R:3 REF_energy="_JSON [[-3195.064582755646, -3189.669107774165, -3186.596338471358]]" REF_forces="_JSON [[[5.202245641115459, -0.9011374982991937, 0.017555399745008644], [1.0573886381217767, -0.360045391234889, 0.27362248008908957], [-4.806308769073915, -0.8254935107513002, 0.8594042609497536]], [[-2.6636378942084042, -3.127485395968587, 1.8718799467582363], [0.1795824126775687, -3.0510702044029667, -0.06183049382391797], [6.828966671141847, -2.9036569836591024, 1.4784221445661339]], [[0.12622222911497624, 0.4588636254422859, -0.7184676006677423], [-0.42532484021415995, 0.6383286308929891, 0.9142273312382627], [-0.19924083645142338, 0.557344490707388, 2.476401712969306]], [[0.43280024903590547, 0.5082245050705896, 0.645094143075044], [0.318721601213082, 0.1002137657060513, -0.26487707264477306], [0.7945614714775042, -1.2112605922737034, -2.1021768597650192]], [[0.3233550788076527, 0.3129487925791297, 0.8521422353203526], [0.8425316479221823, 0.42296638111025636, -0.6026547931361462], [0.8671913946778146, 0.744280076199302, -2.5432580565409975]], [[-3.1753584502131176, 3.139381105185985, -2.6283471207564717], [-1.5703631703055418, 2.4490407088129813, -0.1964375875464278], [-2.7587931082537707, 4.277525084888277, -0.15599985138603645]], [[0.3364591334679292, -0.4048561931560942, -0.010724612307421222], [0.40570212689827134, -0.3817170911785205, -0.044395114855528], [0.3551238064830613, -0.4554265987900092, -0.046885328833951745]], [[-0.17344714173308934, 0.10702075601689869, -0.4213550546361123], [-0.4980133975422583, -0.026103726280366144, -0.4962472937975193], [-0.9213862015138196, -0.462330196796908, -0.5498363505906948]], [[-0.40863884538839446, -0.09295969687294395, 0.3922226634694079], [-0.31022501876914543, 0.20838692657263003, 0.4785925444770707], [-0.16011442848685856, 0.2790182304749594, 0.5839283286317766]]]" pbc="F F F"
C        0.00000000       0.00000000       0.00000000
C        1.48624195       0.00000000       0.00000000
H       -0.52078843       0.95765779       0.00000000
H        2.00179289       0.81634969      -0.50378878
C       -0.87048002      -1.22379842      -0.00000000
H        2.35978265      -1.03349543       0.63779457
H       -0.28391531      -2.13887145      -0.00000000
H       -1.52145135      -1.23484856      -0.87564365
H       -1.52139133      -1.23471640       0.87568993
9
Properties=species:S:1:pos:R:3 REF_energy="_JSON [[-3193.954036023041, -3189.4151836370233, -3186.8449025096807]]" REF_forces="_JSON [[[-9.25213065959913, 0.7892052173138374, 0.6549147318643481], [-9.97410314585184, -0.5734816774989927, 0.24201309010902095], [-12.798341409304532, -0.7062142622209086, 0.2518750439170906]], [[11.837718981115179, 1.7913180094017327, 2.154219955329521], [12.160335841319853, 2.0344654055805527, 1.642175992245415], [14.605377290803876, 1.261932662908427, 1.4212339858119578]], [[-0.6431027730254714, 0.3748779519133188, 1.6699291806311933], [-0.9583517091987915, 0.7349514180473657, -0.738414101757759], [-1.21311540433984, 0.9183824862184474, -3.3343471091585437]], [[1.0352492547020022, -1.4949650123829075, 1.0173071794393036], [1.1975967541951198, 0.36923734938918223, -0.4618997468113307], [1.709429499072652, 2.6678235765608536, -2.006479130102308]], [[-0.10357621229819014, 0.09314517121119797, -1.7554206381747386], [-0.34765670215630345, 0.01282209113557163, 0.9085795568607862], [-0.557129657961299, -0.05104681454040782, 3.723280240462189]], [[-2.6749532411142685, -1.1633111639790386, -3.8090224369944536], [-1.6544925571939477, -2.334263993075762, -1.6868968920584457], [-1.215902264810617, -3.759827972469131, -0.10035227007162224]], [[0.35953423018575487, -0.40606247540110846, 0.013060841729057549], [0.3933338183144878, -0.3095782300268558, 0.03685962769950477], [0.40028664365496164, -0.30521091370562237, 0.05170808423655756]], [[-0.5211076210444341, -0.19991584279907795, -0.3710042651519687], [-0.24919077625066322, 0.21403090895067722, -0.4590739731746534], [0.07630421146882975, 0.5660826742280899, -0.5161213282324074]], [[-0.037631958922441526, 0.21570814472205013, 0.42601545132883634], [-0.5674715231821832, -0.14818327250150506, 0.5166564468874175], [-1.0069089085828795, -0.5919214369781249, 0.5092024831367292]]]" pbc="F F F"
C        0.00000000       0.00000000       0.00000000
C        1.23717612       0.00000000       0.00000000
H       -0.52078843       0.95765779       0.00000000
H        1.75272706      -0.56004064      -0.77883531
C       -0.87048002      -1.22379842      -0.00000000
H        2.11071682       0.70900920       0.98600236
H       -0.28391531      -2.13887145      -0.00000000
H       -1.52145135      -1.23484856      -0.87564365
H       -1.52139133      -1.23471640       0.87568993
9
Properties=species:S:1:pos:R:3 REF_energy="_JSON [[-3194.118430890569, -3188.9979574416166, -3185.774639240833]]" REF_forces="_JSON [[[-10.965168131727527, -1.0749008731262315, 0.2231397426766198], [-12.134732054000159, -0.26761281952456584, 0.7016004407101936], [-15.342994669111041, -0.1465960149773242, 1.4709530131516568]], [[13.651683277489719, -1.9848469533822226, 2.1188210545358994], [14.217940608791281, -2.411702722418511, 0.9070998449613588], [16.92780591944674, -1.6999590519912213, 0.16666023342937816]], [[-0.40956868304856353, 0.4250807877817052, -1.490955984503629], [-1.160302902573196, 0.7481468062614028, 1.0451625457453437], [-1.5283477331602309, 0.9556508895913346, 3.7333686969250173]], [[1.0079405749429922, 1.1940431438947523, 1.135111988054375], [1.1534305863354801, -0.35536707355160757, -0.5227330857467657], [1.7824805834020825, -2.465402397601421, -2.3329583523400124]], [[-0.33840961251714513, 0.2049744141735369, 1.6411223184765067], [-0.2816049920505934, -0.05892822147994374, -1.0026333995898284], [-0.4421199693015616, -0.12526542447977718, -3.723782235630129]], [[-2.7170507395157153, 1.6272943407165066, -3.591571142538923], [-1.4530092763700206, 2.48974279380837, -1.133197150015505], [-0.9201832143034422, 3.7653257042062114, 0.6858221794787853]], [[0.3863939155456908, -0.3596130462948412, 0.0010896970248503357], [0.42430188865749013, -0.27819073166126984, -0.02891693272273761], [0.406398287125127, -0.31163956656578634, -0.062461546411751355]], [[-0.08712672569665675, 0.1939536908462835, -0.4115017701713602], [-0.5252719713582252, -0.12181661160125472, -0.4579749587192723], [-0.9644204789442933, -0.5433777512960009, -0.4864046951411527]], [[-0.5286938754736845, -0.22598550461046563, 0.37474409644475465], [-0.24075188743188652, 0.25572858016672584, 0.4915926953766527], [0.08138127484602435, 0.5712636131147097, 0.5488027065370231]]]" pbc="F F F"
C        0.00000000       0.00000000       0.00000000
C        1.21849972       0.00000000       0.00000000
H       -0.52078843       0.95765779       0.00000000
H        1.73405066       0.64120021      -0.71350700
C       -0.87048002      -1.22379842      -0.00000000
H        2.09204042      -0.81175689       0.90329699
H       -0.28391531      -2.13887145      -0.00000000
H       -1.52145135      -1.23484856      -0.87564365
H       -1.52139133      -1.23471640       0.87568993
9
Properties=species:S:1:pos:R:3 REF_energy="_JSON [[-3195.111160485104, -3189.482400386439, -3186.1452953259695]]" REF_forces="_JSON [[[5.587099821481674, 0.4540538218383284, 0.15421063870724372], [1.052696962299737, -1.1642550337506279, -0.12366448528691457], [-6.037329134243278, 0.38013361535306406, -0.12529651705970066]], [[-3.080079276816058, 3.3170411508460544, 1.463002719557699], [0.06715271567651315, 2.631557547512753, -0.4796789586566116], [8.252409752534154, 2.9556527657519984, 2.0613470184737066]], [[-0.016276124395188434, 0.36254474007065174, 0.6058221868223137], [-0.17404400769715545, 0.6511326372067313, -0.4817672316269329], [-0.22364963870068136, 0.37666688201785586, -2.2241477486962604]], [[0.43328449601993724, -0.4165303722780053, 0.5357625473370138], [0.23960882777586184, -0.23050970558980052, -0.16107123228785902], [0.7641720198885044, 0.97033415057556, -2.1898498119570196]], [[0.5117354054855999, 0.20918685105876414, -0.6301394670374268], [0.770840818992708, 0.4861959359213591, 0.8855888726152166], [1.205748144762769, 0.8342461820560584, 2.5442019540555787]], [[-3.2226060281383715, -3.5260808186294965, -2.178873017408966], [-1.3921080039232718, -2.1320564400860214, 0.2290328491613011], [-3.213408563663382, -4.747807500034846, -0.12309538080763043]], [[0.3048183108058152, -0.45600791387804623, 0.015509165352828844], [0.35628259360466913, -0.4005722523028777, 0.009837778388808187], [0.36275311802831667, -0.5206331466969745, 0.050618421058418406]], [[-0.34411901255737937, -0.030518159300633625, -0.3968632952898879], [-0.24418424173155595, 0.2524866555537562, -0.46508389810764644], [-0.160616294164922, 0.27946398035473946, -0.5736085246556663]], [[-0.1738575918816735, 0.08631070027138825, 0.43156852195917333], [-0.6762456649986719, -0.09397934446308417, 0.5868063058011386], [-0.9500794044414004, -0.5280569293786338, 0.5798305895882029]]]" pbc="F F F"
C        0.00000000       0.00000000       0.00000000
C        1.49868476       0.00000000       0.00000000
H       -0.52078843       0.95765779       0.00000000
H        2.01423570      -0.86517893      -0.41436140
C       -0.87048002      -1.22379842      -0.00000000
H        2.37222546       1.09531305       0.52457986
H       -0.28391531      -2.13887145      -0.00000000
H       -1.52145135      -1.23484856      -0.87564365
H       -1.52139133      -1.23471640       0.87568993
9
Properties=species:S:1:pos:R:3 REF_energy="_JSON [[-3195.721724122441, -3189.0781725259085, -3184.126466542104]]" REF_forces="_JSON [[[4.077913275483646, -0.9988678371557885, 0.012909176707495217], [-1.2481390728354578, -0.2876936272934512, 0.5483271944514307], [-15.365264183724499, -1.7570274171259914, 0.5573410970738027]], [[-1.4787842149088282, -3.4953575209868513, 0.5160842796176264], [1.2052265238512543, -1.1283685721865786, -2.897939052331631], [19.551059166237128, -6.5537906253695155, 0.8343383202260019]], [[0.08603630144967415, 0.41984839453614153, -0.1966106188796292], [-0.7857761445208443, 0.6668934392108022, 0.9237618107606427], [0.4512937023595338, 0.21038576154442107, 2.71773082889229]], [[0.45999460458704133, 0.09621548764741832, 0.23866736704844435], [0.017252570593929227, 0.4460854243811061, 0.4222667337889743], [0.9960641786317935, -0.8457482636236842, -2.434145608336484]], [[0.271904574678756, 0.37477298073332166, 0.25896819836131557], [1.0680438626148077, 0.3742656287368656, -0.40594235729292444], [1.592120005145476, 2.022044935750584, -2.593771066459734]], [[-3.1940455340888856, 4.0024990306236266, -0.8065057045466921], [0.06919630554257405, -0.10176305066487436, 1.4835551826022977], [-5.846324068090117, 8.376785242278554, 0.9267667478321828]], [[0.35432719170180615, -0.4061146992590554, -0.006893750789752924], [0.4615833886955332, -0.35736247475784005, -0.026536420035020256], [0.32227701613814574, -0.6248873538718405, -0.06850875120324663]], [[-0.2562857591603467, 0.028715857988231074, -0.40576369698097253], [-0.41434193060273405, 0.07559947451629552, -0.47114809819185327], [-1.2265403757644167, -0.7947904888815884, -0.6716664236659057]], [[-0.32106043974460124, -0.021711694125883117, 0.3891447494622691], [-0.3730455033411447, 0.31234375805672665, 0.423655006247653], [-0.47468544093569565, -0.03297179069964128, 0.7319148556411837]]]" pbc="F F F"
C        0.00000000       0.00000000       0.00000000
C        1.42975334       0.00000000       0.00000000
H       -0.52078843       0.95765779       0.00000000
H        1.94530428       0.94679862      -0.15428003
C       -0.87048002      -1.22379842      -0.00000000
H        2.30329404      -1.19864324       0.19531790
H       -0.28391531      -2.13887145      -0.00000000
H       -1.52145135      -1.23484856      -0.87564365
H       -1.52139133      -1.23471640       0.87568993
9
Properties=species:S:1:pos:R:3 REF_energy="_JSON [[-3191.013164662116, -3188.411143629887, -3187.6396583863343]]" REF_forces="_JSON [[[-21.59643420515316, 0.6305197900728468, 1.0717453520584976], [-20.801400434109265, -0.180162104788118, 0.48836005194249715], [-21.49789895232331, -1.046407006107096, 0.5250682045853199]], [[23.929976626674332, 0.5345302325059493, 1.903971096224445], [22.489489663816578, 0.7839201286214985, 2.229537783315991], [24.746588147820557, 0.7291287827721777, 2.48046130367666]], [[-1.085169649307456, 0.5614879320060994, 2.06500733145024], [-0.965325773586122, 0.6548693320983527, -0.36436195968460616], [-1.6170609978085175, 0.9803068707440278, -2.6858911013756326]], [[1.5255735054754818, -2.12801003867797, 0.4805660645440476], [1.7401088827269025, 0.28906523151250635, -0.2918236380206042], [1.5609192100680187, 2.5992323712825485, -0.7690194516163135]], [[-0.5321433210233112, -0.06813323779873126, -2.1264568747148602], [-0.7403804474072953, -0.16672536694228254, 0.46866610535464276], [-0.9068391163300659, -0.218390596618462, 2.7924453617413643]], [[-2.0119589764195522, 0.8397733369454439, -3.447624879496632], [-1.4289058345468595, -1.0473717343730653, -2.5892398178452614], [-1.8267186961339323, -2.9020161735032453, -2.386152680443706]], [[0.38626165354318015, -0.36582999438513203, 0.001730152851892573], [0.39143707268276035, -0.29743830729085186, 0.024487024226355104], [0.4448520464319996, -0.25815755135712987, 0.04200875245614636]], [[-0.6017710513822332, -0.26743716932362016, -0.3862974773710679], [-0.2712871165032676, 0.07834906157206843, -0.45852547871736654], [-0.060638220676373734, 0.4701445097490711, -0.4722227427323858]], [[-0.014334582409646622, 0.26309914865594924, 0.43735923445283426], [-0.4137360130709569, -0.11450624040825512, 0.49289992942772404], [-0.8432034210464705, -0.35384120696542665, 0.47330235370889456]]]" pbc="F F F"
C        0.00000000       0.00000000       0.00000000
C        1.14896848       0.00000000       0.00000000
H       -0.52078843       0.95765779       0.00000000
H        1.66451942      -0.22072324      -0.93354765
C       -0.87048002      -1.22379842      -0.00000000
H        2.02250918       0.27943473       1.18186756
H       -0.28391531      -2.13887145      -0.00000000
H       -1.52145135      -1.23484856      -0.87564365
H       -1.52139133      -1.23471640       0.87568993
9
Properties=species:S:1:pos:R:3 REF_energy="_JSON [[-3192.829363587837, -3186.7547171735496, -3182.3546885713845]]" REF_forces="_JSON [[[-24.580440446165813, -1.264771318900075, 0.2890444697955541], [-25.227412096834186, -0.2639544129836986, 0.963987969269179], [-27.001006291304616, -0.3814217869213057, 1.9798184406959782]], [[27.403720875091587, -1.9907450263019277, 1.583006531436676], [27.387192397173457, -2.3300645039345875, -0.06643892776454983], [28.077582261327805, -0.9178816032031082, -1.8806913045476197]], [[-0.583430345612443, 0.36420748951466864, -1.3290764991470412], [-1.5962773406831618, 0.9035618198019715, 1.2838617016395326], [-2.2024009740120682, 1.405371573550623, 4.165521247486328]], [[1.1972731330406272, 0.8426733454938233, 1.2211142653459766], [1.3620489634602524, -0.34383317447119327, -0.6973907626816809], [2.2787582566764786, -2.1886657452288487, -2.7313758255556433]], [[-0.598445304724125, 0.2027344327798187, 1.4463459543501969], [-0.6555061432769764, -0.29003250349859094, -1.2855948478982437], [-1.0677474190838825, -0.5491853338600919, -4.074152018129129]], [[-2.6464245055814875, 2.2344980000269006, -3.1829471741508257], [-0.9951038850165528, 2.3834997361543064, -0.23240411090364463], [0.3210584117702205, 2.8186244493628387, 2.5573380378648003]], [[0.4185110183040415, -0.34290655517630425, 0.00323355846543857], [0.45730754091361314, -0.24590044824531646, -0.024701506611963325], [0.4293234214600593, -0.27426005551260924, -0.07668786895904467]], [[-0.1138133933152927, 0.15986060488797255, -0.4005529926421857], [-0.5250203918792697, -0.15890485729064255, -0.4399028389182199], [-0.9660155812618775, -0.6048764939717253, -0.4942034678302939]], [[-0.4969510310370384, -0.20555097232537414, 0.3698318865447131], [-0.20722904385388335, 0.34562834446577645, 0.49858332387009147], [0.1304479144236664, 0.692294995781282, 0.5544327589740327]]]" pbc="F F F"
C        0.00000000       0.00000000       0.00000000
C        1.12423704       0.00000000       0.00000000
H       -0.52078843       0.95765779       0.00000000
H        1.63978798       0.74243606      -0.60746906
C       -0.87048002      -1.22379842      -0.00000000
H        1.99777774      -0.93992106       0.76905338
H       -0.28391531      -2.13887145      -0.00000000
H       -1.52145135      -1.23484856      -0.87564365
H       -1.52139133      -1.23471640       0.87568993
9
Properties=species:S:1:pos:R:3 REF_energy="_JSON [[-3194.116804466026, -3190.334720317544, -3188.7249975793816]]" REF_forces="_JSON [[[-1.7850834776739812, 0.5894620032549703, 0.5722698536767322], [-2.325509216949183, -0.5814532332773222, 0.14312310240493187], [-4.827534398933548, -0.620110928241291, 0.06767508035294535]], [[4.2631406102844345, 1.5438712708374247, 2.608499159339243], [4.484949248962167, 1.795096151692815, 2.334986344834328], [6.639258219440746, 1.2340115783284809, 2.3493324919155976]], [[-0.45015433672250454, 0.3908776877082608, 1.6353624948606438], [-0.6930429051904379, 0.6658984527103764, -0.5252674449643686], [-0.7372366554059206, 0.7317710330572431, -2.7693827905942516]], [[0.8526819443759015, -1.5705068754225116, 0.7633292067513595], [0.9493023344368949, 0.28032322475572674, -0.35694682662459976], [1.3111436520197357, 2.446176547794971, -1.4633801188210147]], [[0.12652300192579696, 0.11886951839643503, -1.7097456279503775], [0.0025727952527443126, 0.10055163219899642, 0.6760426251101349], [-0.13828790576798095, 0.09927826968159958, 3.1404833965978027]], [[-2.767218171548598, -0.6790374159524228, -3.9404363649356577], [-1.9858091464057384, -2.0280093161144674, -2.351998342266334], [-1.7467259574301572, -3.4973502057055943, -1.3311178170017415]], [[0.33861236895722246, -0.4170704147260973, 0.013890061919187537], [0.38258696832082906, -0.32792872607040663, 0.02754323118059173], [0.3710503123817628, -0.35131331933386395, 0.030337617008193114]], [[-0.5280636498181744, -0.18716627343587794, -0.3820265000044764], [-0.2851169948346731, 0.1824637744948133, -0.4622126826108671], [0.020527430503464533, 0.4476892902371154, -0.5128618517590441]], [[-0.0504382897795283, 0.2107004993387782, 0.4388577163432129], [-0.5299330835908881, -0.08694196038846737, 0.514729992935953], [-0.8921946968063243, -0.49015226581840626, 0.4889139923017971]]]" pbc="F F F"
C        0.00000000       0.00000000       0.00000000
C        1.33872713       0.00000000       0.00000000
H       -0.52078843       0.95765779       0.00000000
H        1.85427807      -0.45365716      -0.84523674
C       -0.87048002      -1.22379842      -0.00000000
H        2.21226783       0.57432813       1.07006631
H       -0.28391531      -2.13887145      -0.00000000
H       -1.52145135      -1.23484856      -0.87564365
H       -1.52139133      -1.23471640       0.87568993
9
Properties=species:S:1:pos:R:3 REF_energy="_JSON [[-3192.9171545941126, -3190.6354279022216, -3190.29638192366]]" REF_forces="_JSON [[[2.6749906943864854, -0.1214071254950205, 0.26126324554371844], [3.6824248800265087, -1.1676057280962477, 0.7010460652903575], [3.958964315228857, 0.16780959384000205, -0.465299625348838]], [[-0.3668219946458872, -0.14024153450942317, 3.538510146213217], [-0.08388859271295679, -0.2675918242472845, 3.7241434698679177], [-3.748223075036297, -0.006362532289204852, 2.841106430008603]], [[-0.047445639281647654, 0.4235232010492582, -0.0570936558192336], [-0.8807507508044665, 0.6177340235135496, 0.011129850225116738], [0.3284886348333499, 0.7428050491444699, 0.26212140813987156]], [[0.5981991047016029, 0.11013348604258995, -0.06514972843744929], [0.269785073506521, -0.06554956252458108, -0.35191111188920804], [1.0472542432196557, -0.056853859267169404, -0.21683871474122351]], [[0.434899448259445, 0.24751123646638423, 0.18865647734579952], [0.8432702287300815, 0.2778324585555267, -0.20602212983351104], [0.018429719378573475, 0.039613609455223256, 0.14833375762297374]], [[-2.9284875583141363, -0.036336636458933216, -3.8748117251130383], [-3.3550132917325155, 0.15252740563150163, -3.912873252547637], [-1.2924621390719282, 0.10485401419289242, -2.586746313010841]], [[0.29186348108294907, -0.43709187286222906, 0.002382435117581924], [0.4911232112536434, -0.1839503850401174, 0.010596400823953996], [0.2390630622596303, -0.5709329949931012, -0.002910780740934698]], [[-0.3030753447710116, 0.015091739574966222, -0.4337941549949143], [-0.5084744791416642, 0.2953142744070851, -0.4563734478804221], [-0.25524285370927186, -0.1651387612284658, -0.5033477008663296]], [[-0.3541221914192943, -0.06118249380609563, 0.4400369601457213], [-0.45847627912697847, 0.3412893378022549, 0.4802641559428822], [-0.29627190710238593, -0.25579411885148673, 0.5235815389366172]]]" pbc="F F F"
C        0.00000000       0.00000000       0.00000000
C        1.52356381       0.00000000       0.00000000
H       -0.52078843       0.95765779       0.00000000
H        2.03911475       0.01687819      -0.95913768
C       -0.87048002      -1.22379842      -0.00000000
H        2.39710451      -0.02136772       1.21426444
H       -0.28391531      -2.13887145      -0.00000000
H       -1.52145135      -1.23484856      -0.87564365
H       -1.52139133      -1.23471640       0.87568993
9
Properties=species:S:1:pos:R:3 REF_energy="_JSON [[-3195.6966629801404, -3188.952613748515, -3183.78515058972]]" REF_forces="_JSON [[[-2.0664202966416902, 0.7748294954044794, 0.2165473890875211], [-6.006470517896568, -1.409238081916658, 0.20862254924757076], [-13.787080362208178, 0.5517122817448518, -0.022000901529367945]], [[4.765185295068741, 3.081082128674293, 1.05154534392717], [7.158465576227911, 1.5195637958520085, -1.2644559860009807], [15.78690387897528, 2.6273289879378563, 0.6227492895572656]], [[-0.32828872170209084, 0.2931791158346738, 0.6530184124456083], [-0.6864360108747826, 0.8894026350448164, -0.726161553345937], [-0.901587792340609, 0.43392767018293327, -3.7328690544448677]], [[0.7188022270577298, -0.3119445109821777, 0.6557547049387549], [0.5094073341670334, -0.09767709922847626, -0.2868778991191057], [1.599613038301604, 1.4404419736314327, -3.233783581182793]], [[0.15037336650561284, 0.21519864728934568, -0.6886408688077938], [0.3592637594344507, 0.4083327380163018, 1.0141816778443185], [0.44568530024216135, 0.5732971548916791, 4.334426102588466]], [[-3.070907203074513, -3.6305805948899583, -1.9417104201012516], [-0.7030319335534126, -1.2059654147455257, 0.9047994881108917], [-2.2776563573045876, -4.886969077945704, 1.9315131433213326]], [[0.3392753107146151, -0.4425930311639048, 0.013926941063945323], [0.36774764653788267, -0.3375979569472149, 0.02154672570357444], [0.394956035127827, -0.40212212882223275, 0.08120791712278401]], [[-0.3423866783807525, -0.059490428689427326, -0.3716359842705963], [-0.2616436619052607, 0.3218462232120883, -0.45086888145909215], [0.03704302235494031, 0.5847028840128691, -0.606123604820795]], [[-0.16563329955376288, 0.08031917852168571, 0.41119448171688705], [-0.7373021921404052, -0.08866683928724811, 0.5792138790185787], [-1.297876763148502, -0.9223197456343006, 0.6248806893886156]]]" pbc="F F F"
C        0.00000000       0.00000000       0.00000000
C        1.30937832       0.00000000       0.00000000
H       -0.52078843       0.95765779       0.00000000
H        1.82492926      -0.89209781      -0.35269173
C       -0.87048002      -1.22379842      -0.00000000
H        2.18291902       1.12939224       0.44650631
H       -0.28391531      -2.13887145      -0.00000000
H       -1.52145135      -1.23484856      -0.87564365
H       -1.52139133      -1.23471640       0.87568993
9
Properties=species:S:1:pos:R:3 REF_energy="_JSON [[-3192.8130479128913, -3190.495856621595, -3190.3023020328037]]" REF_forces="_JSON [[[-5.429002269483546, -0.44904107319761216, 0.3568118548667678], [-4.021769052545211, -0.558338112181023, 0.49728736386740074], [-4.212843015112476, 0.08463686169871924, 0.5646746724405937]], [[7.726224783739793, -0.45285512315992155, 2.797979560489422], [7.014860815579928, -0.637504078459557, 3.141476273820372], [5.6511950340932495, -0.340441027851836, 2.493657770444679]], [[-0.49651089541826815, 0.5012054114822779, -1.0957781148600154], [-1.0402797718779682, 0.6925440928432568, 0.1978390104269515], [-0.6077670421886966, 0.6633571400667886, 1.4893287586033261]], [[1.077634777272004, 1.2063053965492503, 0.1734329404344834], [0.9006807098447047, -0.1146659543308128, -0.21112758754432187], [1.4181500315884192, -1.4143117339256561, -0.4138971456997781]], [[-0.1432602828065512, 0.15265937438684543, 1.2998980820360837], [-0.044035074498956044, 0.032255674740902796, -0.23342051521158844], [-0.2563179320212602, -0.06831947918775197, -1.4717834837777664]], [[-2.405507209131575, -0.5209854011232782, -3.520376670025217], [-2.381738707177524, 0.6216314637360393, -3.418364011037814], [-1.6751317946220365, 1.5170825867888138, -2.719578562828437]], [[0.346955402890806, -0.3867201637106021, 0.005137515863061398], [0.4257507761510094, -0.2681327476221743, 0.0034191372435816284], [0.34997913773383266, -0.3729091377547615, -0.0012769212146292246]], [[-0.16017408839253047, 0.1600448010405321, -0.4290110572201683], [-0.462137047265465, 0.0873630955758271, -0.45999008196481705], [-0.5405527956550146, -0.22101958466450689, -0.4477369749816908]], [[-0.5163602186662252, -0.21061322226714987, 0.41190588841643266], [-0.39133264821054314, 0.14484656569593565, 0.4828804104011307], [-0.12671162381397635, 0.15192437482975016, 0.5066118870143405]]]" pbc="F F F"
C        0.00000000       0.00000000       0.00000000
C        1.30619404       0.00000000       0.00000000
H       -0.52078843       0.95765779       0.00000000
H        1.82174498       0.11406946      -0.95247998
C       -0.87048002      -1.22379842      -0.00000000
H        2.17973474      -0.14441147       1.20583582
H       -0.28391531      -2.13887145      -0.00000000
H       -1.52145135      -1.23484856      -0.87564365
H       -1.52139133      -1.23471640       0.87568993
9
Properties=species:S:1:pos:R:3 REF_energy="_JSON [[-3194.8935025948, -3189.1804481529643, -3185.800154269052]]" REF_forces="_JSON [[[6.609373382371111, 0.33966898819585467, 0.06835424275641619], [1.3482851380407244, -1.3309927022031223, -0.1941465917434837], [-7.220449407718517, 0.9627882972537621, -0.014270545119945884]], [[-4.167260201379121, 3.6195438697039717, 0.8927502344039524], [-0.6049664287596241, 2.4412230492530145, -1.432499761967629], [10.059740218382379, 3.851664765721885, 2.2856560748242716]], [[0.08218846923689342, 0.38105780459906957, 0.34694861861657406], [-0.005335408013345484, 0.6558307903881375, -0.29528068622185716], [-0.02721690125652809, 0.22013902843112318, -1.6716713429616754]], [[0.3372969569848404, -0.276479617048133, 0.33414244809218296], [0.032672990388938075, -0.4848778577151255, 0.15557070067455725], [0.5977822862069699, 0.537512136741328, -1.9329138474937786]], [[0.6308847687976014, 0.23560714594103624, -0.3438436312211405], [0.9211590377994578, 0.5519622866346967, 0.8326811113879736], [1.7770435374007207, 1.141376772986389, 1.6922276056640324]], [[-3.265207760738037, -3.9059258061937183, -1.3369350218027043], [-1.129696141917156, -1.6051658532735658, 0.7910065075823665], [-4.38041276866222, -5.733674424210819, -0.40868249526210226]], [[0.2946100098515715, -0.4625391393496423, 0.010629006773955946], [0.34655550768797877, -0.42057184953508653, -0.00839784272990578], [0.3600084815785492, -0.6169935380875744, 0.058678626176880036]], [[-0.30291930839574155, 0.009703631913471676, -0.4082164701654078], [-0.2258066711603953, 0.25943839493344634, -0.4523656872550251], [-0.3307353821921558, 0.07249185672500146, -0.6059855876474866]], [[-0.2189663167297965, 0.05936312223914547, 0.43617057254614533], [-0.6828680240666013, -0.06684625848283583, 0.6034322502728356], [-0.8357600637417436, -0.4353048955628347, 0.5969615118193061]]]" pbc="F F F"
C        0.00000000       0.00000000       0.00000000
C        1.55362072       0.00000000       0.00000000
H       -0.52078843       0.95765779       0.00000000
H        2.06917166      -0.92309265      -0.26101707
C       -0.87048002      -1.22379842      -0.00000000
H        2.42716142       1.16863158       0.33044655
H       -0.28391531      -2.13887145      -0.00000000
H       -1.52145135      -1.23484856      -0.87564365
H       -1.52139133      -1.23471640       0.87568993
9
Properties=species:S:1:pos:R:3 REF_energy="_JSON [[-3195.016736975599, -3189.9070982842204, -3186.9202777768546]]" REF_forces="_JSON [[[-0.675645134624095, -0.9533904862705503, 0.10200560129135407], [-2.9068919807977416, -0.3199385817943722, 0.49878705538081153], [-7.300273765284165, -0.30451035226449075, 1.1050090619442177]], [[3.297392591056113, -2.40391481101828, 2.2651403747747167], [4.688013339120624, -2.6834328377547236, 0.8730486389383956], [8.9778567720427, -2.1257338082980364, 0.987801448964916]], [[-0.1427322785848248, 0.4314177063271641, -1.2161597827814759], [-0.7866041617966413, 0.6777559429140677, 0.9809630624250454], [-0.9059533586348911, 0.7212503080669056, 3.2685442115212626]], [[0.7135777368384785, 0.9575456738823612, 0.9548681576344773], [0.7879543943261641, -0.23139309260094099, -0.45682497384470466], [1.304518685091192, -2.0609847762068076, -2.2061788266242477]], [[-0.004358553434857327, 0.2604594716649327, 1.3766098252725112], [0.23424786604539563, 0.16664719286494306, -0.8643705921224751], [0.17012710151693744, 0.2546503108164984, -3.257693244045239]], [[-2.9444660672157403, 2.1022973441017005, -3.439511409708281], [-1.6337492723089455, 2.5635683292715945, -1.0120404863541257], [-1.680882350887755, 3.9363831461813437, 0.10139798086147796]], [[0.3591949651376449, -0.38237936430435365, -0.0055090834863872635], [0.40979176152050134, -0.3200377358064197, -0.034347615616396425], [0.3819325408851276, -0.3684528645862099, -0.05447099005368228]], [[-0.11327580407691126, 0.16551671271139942, -0.416605127539064], [-0.5268367072237667, -0.08721261179060867, -0.47289828597793493], [-0.9435413410245621, -0.5023597762772821, -0.5026532600692091]], [[-0.48968745509605904, -0.17755224709723635, 0.3791614445425723], [-0.26592523888777575, 0.23404339469787838, 0.4876831971711295], [-0.003784283703883283, 0.449757812568409, 0.558243617501555]]]" pbc="F F F"
C        0.00000000       0.00000000       0.00000000
C        1.34199417       0.00000000       0.00000000
H       -0.52078843       0.95765779       0.00000000
H        1.85754511       0.68478016      -0.67179319
C       -0.87048002      -1.22379842      -0.00000000
H        2.21553487      -0.86692892       0.85048748
H       -0.28391531      -2.13887145      -0.00000000
H       -1.52145135      -1.23484856      -0.87564365
H       -1.52139133      -1.23471640       0.87568993
9
Properties=species:S:1:pos:R:3 REF_energy="_JSON [[-3190.207158510025, -3186.698276132999, -3184.94879598833]]" REF_forces="_JSON [[[-31.22820020484402, 0.8787583398172337, 1.1195660562496919], [-30.883771303806572, -0.26746485832723893, 0.5657900023045197], [-31.598337960813225, -1.1197317625187544, 0.6529816830113002]], [[33.70223868173148, 0.9587743879590301, 1.718631075689902], [33.071452630447425, 1.279775347841913, 1.8675050580268306], [34.31628296704517, 0.9919141157846455, 1.302304275495088]], [[-1.1675239669028115, 0.5177767799398004, 2.1695235387365814], [-1.3100883054000658, 0.7663286428776986, -0.574396180632548], [-1.8870963799246412, 1.2146981769871061, -3.350588106178837]], [[1.6016225922779999, -2.1657051682545796, 0.8825185303950118], [1.7897753469068642, 0.37059775537348144, -0.38575546859240706], [2.0078398516365255, 3.0272450807630524, -1.3990408189825985]], [[-0.6499756814159496, -0.07789875773926302, -2.2588481051630143], [-0.9585968676084357, -0.22839902681624324, 0.6698230182570954], [-1.321859123281613, -0.3888877222262455, 3.5565867242141227]], [[-2.072401222123671, 0.24656632472355025, -3.6830146688659617], [-1.39705740585433, -1.6629073555682232, -2.2267286484714806], [-1.0708835960533256, -3.5364538957192324, -0.8292579691252466]], [[0.40053629704733, -0.35775597942223597, 0.003058392191663163], [0.4212185054719067, -0.2734703921916074, 0.036017761869033445], [0.45157862761940326, -0.2507149334095326, 0.06190917819491199]], [[-0.6023546770706233, -0.28349474350164533, -0.3781598918183043], [-0.25911713956716576, 0.1457554816814875, -0.4534536037635266], [0.04728499062212791, 0.5738346635231811, -0.48536218255820884]], [[0.016058181300461914, 0.28297881647662715, 0.42672507258281706], [-0.47381546059308316, -0.1302155948716115, 0.5011980610033866], [-0.9448093768517872, -0.5119037231878731, 0.4904672159290369]]]" pbc="F F F"
C        0.00000000       0.00000000       0.00000000
C        1.09409736       0.00000000       0.00000000
H       -0.52078843       0.95765779       0.00000000
H        1.60964830      -0.37772540      -0.88178993
C       -0.87048002      -1.22379842      -0.00000000
H        1.96763806       0.47819883       1.11634250
H       -0.28391531      -2.13887145      -0.00000000
H       -1.52145135      -1.23484856      -0.87564365
H       -1.52139133      -1.23471640       0.87568993
9
Properties=species:S:1:pos:R:3 REF_energy="_JSON [[-3194.010717068016, -3185.673196826417, -3177.0064947336905]]" REF_forces="_JSON [[[-22.629457800855068, -1.3741208797621203, 0.1541290462675312], [-26.533400836651527, -1.3063132064783665, -0.04736200094316353], [-12.902571671609076, 0.7644616499441336, 4.9723930009079975]], [[25.859002605946703, -3.0347457050482576, -0.055175345161407374], [27.24845441843509, 0.49577235869333164, 0.9095719865517574], [9.488158480557559, 5.5872264420438675, -10.548097334256802]], [[-0.4643741540937927, 0.271931883242581, -0.023751561418063748], [-2.076990179703801, 1.335301148829084, 0.11863432368695134], [-1.7644374864568835, 0.8253449471960408, 8.340079872217009]], [[0.9770269065005112, -0.13635615398372028, 0.15416352432580815], [0.5648703200523282, 0.20502021022659658, -0.5782606047232718], [3.721251565952612, -0.5360446094315258, -4.268578393080246]], [[-0.44772380934142536, 0.4290075114496945, 0.07651086260917998], [0.5882396451870916, 0.10076499483526681, -0.6275346654952152], [-3.271955456028321, -2.366891843690367, -7.622791591201517]], [[-3.1207703432921554, 4.286025243280041, -0.26924121915156585], [0.6063119428106117, -1.1481569025737557, -0.04930487649062181], [4.45787656601694, -3.8109781214907983, 9.195590345574123]], [[0.4448727041491643, -0.3769561402583511, -0.005857341690190543], [0.6748199236408688, -0.2834567879452001, 0.008797899018726971], [0.36873222484851426, -0.26752301340266715, -0.11520107049507632]], [[-0.3038967891757974, -0.04354349394124212, -0.39143872147788217], [-0.56084509270025, 0.21072503857744135, -0.3031828929459062], [-0.9448942679556573, -1.5730682749773042, -0.4294466336434793]], [[-0.31467931983887326, -0.02124226498143901, 0.36066075569564887], [-0.5114601410712722, 0.390343145833291, 0.5686408313403097], [0.8478400446732586, 1.3774728238071394, 0.4760518039773992]]]" pbc="F F F"
C        0.00000000       0.00000000       0.00000000
C        1.13538361       0.00000000       0.00000000
H       -0.52078843       0.95765779       0.00000000
H        1.65093455       0.95673788      -0.06987548
C       -0.87048002      -1.22379842      -0.00000000
H        2.00892431      -1.21122631       0.08846208
H       -0.28391531      -2.13887145      -0.00000000
H       -1.52145135      -1.23484856      -0.87564365
H       -1.52139133      -1.23471640       0.87568993
9
Properties=species:S:1:pos:R:3 REF_energy="_JSON [[-3193.5871144285225, -3190.5838081750476, -3189.8708491805555]]" REF_forces="_JSON [[[2.0825629999529394, 0.3625851100849661, 0.47733841846512115], [2.0847299031698467, -0.7313174511099924, 0.158263858372877], [0.8979994516099904, -0.4718822150386407, -0.13308262865896506]], [[0.2920789864274815, 1.0839377186312995, 3.0950222706866577], [0.3882150878257209, 1.22712199436696, 3.0800493595703116], [0.5104398958638463, 0.9089286093671114, 2.8758573447270943]], [[-0.24553449383219156, 0.40348128027052643, 1.3928300081079663], [-0.578523629736652, 0.6430896242839822, -0.3536876814080171], [-0.23662417793035584, 0.6853825272474057, -1.8866288409934873]], [[0.6824692704380092, -1.4131723496231199, 0.378825892431666], [0.6369028266396319, 0.224295726328136, -0.32470071399543593], [1.0372051039703074, 1.8400836564063405, -0.8227233918177526]], [[0.34804460614389454, 0.1655119354668445, -1.430317384025451], [0.40118986978351195, 0.18797405805059167, 0.43584754526837], [0.08977248182894527, 0.13450130253948625, 2.2661898049720377]], [[-2.865603585287498, -0.18558333472037652, -3.9764688352864375], [-2.4818963049412375, -1.481301353756853, -3.0701215508534], [-1.8713839414012643, -2.544312411945786, -2.2747635331990583]], [[0.31486935941840755, -0.4299838059405024, 0.01281236106850232], [0.4000165219230996, -0.3085471137826255, 0.02079329598969687], [0.3267787099124346, -0.4253788448771259, 0.010396522101814517]], [[-0.5079013039044391, -0.15452269941831634, -0.40060404140178435], [-0.34043507395912875, 0.20576911602782477, -0.46059665196221694], [-0.05072128914885831, 0.26507274546034026, -0.5146973703540968]], [[-0.1009858393583696, 0.16774614525049225, 0.4505613099541127], [-0.5101992007058797, 0.032915399592648324, 0.5141525390189463], [-0.7034662347068403, -0.39239536915848905, 0.4794520932220662]]]" pbc="F F F"
C        0.00000000       0.00000000       0.00000000
C        1.44953885       0.00000000       0.00000000
H       -0.52078843       0.95765779       0.00000000
H        1.96508979      -0.30310290      -0.91014207
C       -0.87048002      -1.22379842      -0.00000000
H        2.32307955       0.38372706       1.15223620
H       -0.28391531      -2.13887145      -0.00000000
H       -1.52145135      -1.23484856      -0.87564365
H       -1.52139133      -1.23471640       0.87568993
9
Properties=species:S:1:pos:R:3 REF_energy="_JSON [[-3194.1759783460748, -3190.149455133277, -3188.5222175143863]]" REF_forces="_JSON [[[4.78442524293282, -0.779901610690945, 0.027588920464433567], [2.7829093118388575, -0.5078666868533088, 0.1915871725670971], [-0.28183149743281555, -0.2581321998625115, 0.6732670324337009]], [[-2.3253730308340868, -2.2366187142756844, 2.928964569526158], [-0.958842271970238, -2.529016702425743, 2.0376268826513275], [1.9345857018677401, -1.9497814742461816, 2.2107152927481515]], [[0.08373519088519216, 0.4813171684121621, -1.115538006219586], [-0.3671755715642609, 0.657501900726841, 0.652676013430712], [-0.28738647840998416, 0.6313130238783659, 2.3425633782144235]], [[0.4727106432832226, 1.0678113307449324, 0.6446032455791748], [0.4763493577586074, -0.09008848032126203, -0.3678083521844049], [0.8046426010722907, -1.7276903044264322, -1.4861446470089552]], [[0.3550728723165945, 0.26901732372078185, 1.3039636968325807], [0.6424651658639274, 0.29985004748464306, -0.47409590002329344], [0.5746621223379181, 0.34685595578751, -2.4016042332535203]], [[-3.0766353269259428, 1.5914604125409209, -3.74675964043829], [-2.1748471969442296, 2.350605380762707, -2.0031262277253385], [-2.228468820042488, 3.461627149810975, -1.384240754267626]], [[0.32137513099720594, -0.4042013781667098, -0.00894674306142104], [0.3962656746676807, -0.3586011928486476, -0.02827438696592681], [0.3442704908888321, -0.43695091167435696, -0.020719641734544478]], [[-0.12397758549322481, 0.16703743543911329, -0.4359209613945378], [-0.48443276286377335, 0.013569727642396667, -0.4954743976493989], [-0.7783034446209439, -0.35707231395011724, -0.49012571881570643]], [[-0.4913331371663959, -0.155921967726451, 0.4020449187114738], [-0.31269170678592023, 0.16404600583429446, 0.48688919589967167], [-0.08217067565920169, 0.2898310746803128, 0.5562892916834435]]]" pbc="F F F"
C        0.00000000       0.00000000       0.00000000
C        1.51222319       0.00000000       0.00000000
H       -0.52078843       0.95765779       0.00000000
H        2.02777413       0.56666615      -0.77402805
C       -0.87048002      -1.22379842      -0.00000000
H        2.38576389      -0.71739707       0.97991640
H       -0.28391531      -2.13887145      -0.00000000
H       -1.52145135      -1.23484856      -0.87564365
H       -1.52139133      -1.23471640       0.87568993
9
Properties=species:S:1:pos:R:3 REF_energy="_JSON [[-3194.577116353722, -3188.065149768132, -3183.1866935701387]]" REF_forces="_JSON [[[-12.93188871175766, 0.9490988646361511, 0.4288343391148212], [-14.66170079795807, -1.0202821035440148, 0.289990788405401], [-18.469036643406664, -0.41153564056908176, 0.352392588963102]], [[15.707000076139355, 2.601046410277165, 1.324236566513418], [16.53069167970798, 1.8727966611048104, -0.376274357658651], [19.697378240713196, 0.7428470550512553, -0.5417076864237399]], [[-0.5993096297216832, 0.28427406475834266, 1.0496991012689436], [-1.1040152308073266, 0.9808611592850525, -1.0122102769915935], [-1.5514625654685352, 1.15305734216864, -3.8629714082300124]], [[0.9745285206796829, -0.6118429566886293, 0.990404950180425], [1.06609102763195, 0.22596787738662832, -0.6532863224828261], [2.0869784755133454, 1.9857146692383432, -3.006560200608628]], [[-0.12715836215753412, 0.18150927099082143, -1.1131014907138752], [-0.3250904626791596, 0.1034551216997454, 1.2885412772842475], [-0.7137563769517278, -0.0751578726363475, 4.405017917874874]], [[-2.864967795296784, -2.9888391105628003, -2.7398134375214744], [-0.9908534749208671, -2.010635953529577, 0.34386865563879004], [-0.3927022663607065, -3.0269851829050607, 2.5287088937623583]], [[0.3658443669384517, -0.4206564826002158, 0.014446887132110323], [0.3925976054294674, -0.30185308481359535, 0.04330959644254367], [0.42375000380564665, -0.2773756273581141, 0.08237312363848788]], [[-0.41067757037077274, -0.1226613433444699, -0.3625474894449356], [-0.21446338597562417, 0.3346299361664025, -0.46358412553720707], [0.13267265237157033, 0.7112158225180758, -0.5499265146795821]], [[-0.11337089444965441, 0.12807128253505762, 0.4078405734719161], [-0.6932569604289951, -0.18493961375555626, 0.5396447648983618], [-1.2138215202149054, -0.8017805655101005, 0.5926732857031879]]]" pbc="F F F"
C        0.00000000       0.00000000       0.00000000
C        1.19876064       0.00000000       0.00000000
H       -0.52078843       0.95765779       0.00000000
H        1.71431158      -0.81832880      -0.50056761
C       -0.87048002      -1.22379842      -0.00000000
H        2.07230134       1.03600096       0.63371658
H       -0.28391531      -2.13887145      -0.00000000
H       -1.52145135      -1.23484856      -0.87564365
H       -1.52139133      -1.23471640       0.87568993
9
Properties=species:S:1:pos:R:3 REF_energy="_JSON [[-3195.229513687478, -3188.4609178808614, -3183.342598757341]]" REF_forces="_JSON [[[-8.017831591568378, -1.1326762790871718, 0.1212322645844546], [-11.021858931895386, -0.29504372290114084, 0.8634573402530928], [-16.42105702992622, -0.6693520041161627, 1.6643187001303095]], [[10.815520633853792, -2.7264123202387354, 1.2948927239202115], [12.443067360628783, -2.2585595284971816, -1.1056985633332492], [17.733544037748015, -1.859366634284865, -1.110574891882878]], [[-0.25740286692283776, 0.3551608046075944, -0.8277586249785404], [-1.2775220057095216, 0.8033092606275088, 1.3187822901654447], [-1.326407682003548, 0.8958075117565742, 4.207662395372354]], [[0.8306270091124606, 0.3589139761265484, 0.8699061665226762], [0.7972259719297812, -0.125866585036014, -0.5735473980315721], [1.8462149646122659, -1.6555584513576302, -3.103156090980769]], [[-0.22564545466561925, 0.30241362948147077, 0.9350836463891782], [0.16888927696614414, 0.05759646804094588, -1.252388306792492], [-0.21176044205061575, 0.20388643837959777, -4.059965165746747]], [[-2.952870721873781, 3.2517117630363357, -2.3562953094891173], [-0.7499998837069193, 1.8466999038083123, 0.7315450450182666], [-0.9524258710541033, 3.589559681974471, 2.460532216079117]], [[0.392076281080126, -0.3762191988860398, -0.0048462600361238875], [0.45263969504516743, -0.285179869209338, -0.0265901893025105], [0.3955078692850509, -0.3434514826723961, -0.10055477367447567]], [[-0.16857406494012006, 0.09566447423442577, -0.39892619325049195], [-0.555709849048869, -0.13019003935349055, -0.44221264080863637], [-1.099478733368191, -0.7458129190895114, -0.5438701945502213]], [[-0.41589922407421503, -0.12855684927321298, 0.36671158633700873], [-0.2567316342100729, 0.38723411252155365, 0.48665242283156196], [0.03586288675263397, 0.5842878594098846, 0.5856078052555995]]]" pbc="F F F"
C        0.00000000       0.00000000       0.00000000
C        1.24044972       0.00000000       0.00000000
H       -0.52078843       0.95765779       0.00000000
H        1.75600066       0.85769815      -0.42963221
C       -0.87048002      -1.22379842      -0.00000000
H        2.11399042      -1.08584241       0.54391265
H       -0.28391531      -2.13887145      -0.00000000
H       -1.52145135      -1.23484856      -0.87564365
H       -1.52139133      -1.23471640       0.87568993
9
Properties=species:S:1:pos:R:3 REF_energy="_JSON [[-3194.6001216758086, -3190.1399276106886, -3188.0221239408916]]" REF_forces="_JSON [[[3.718298481366074, 0.4799574089743979, 0.35905147654645514], [1.5601806519298824, -0.7555805254931588, -0.05187357507153924], [-2.26043882167708, -0.3821633444243485, -0.09377632191586395]], [[-1.2343967069505075, 2.3409579091927437, 2.5106922804132337], [0.25707282471970266, 2.4279193448180245, 1.743616726994396], [3.983409976880068, 1.8039937775536234, 2.3374457322529447]], [[-0.15691957881705593, 0.375326900097945, 1.1909501820451576], [-0.38161895015010744, 0.6417737904283493, -0.5605543814479199], [-0.40638379408724307, 0.6298425604114907, -2.473320093484238]], [[0.5667276458357952, -1.0485644301074504, 0.7465705288266998], [0.6066650964702145, 0.15730782637034185, -0.41547575998411795], [0.9648374581007779, 1.8519718435494215, -1.782355992085984]], [[0.39653665034582936, 0.16624651896338036, -1.2565193046238918], [0.4422684087711262, 0.26916577055728097, 0.8062515501677522], [0.414486607778789, 0.3525190701754105, 2.8978416711661588]], [[-3.056546846038394, -1.9197617785791812, -3.6186670175653095], [-2.0058735132892314, -2.4971497492407035, -1.615215280879786], [-2.1183507839229763, -3.7367431570926573, -0.8944741856071888]], [[0.3150582174367926, -0.43897191550963877, 0.01815414551243936], [0.36951832706123, -0.3662732629891216, 0.024616826420477543], [0.35491545515548933, -0.4201497172293669, 0.028222613151155006]], [[-0.45132302379916805, -0.11391174603159493, -0.38979559243246836], [-0.2635136913152109, 0.21808228017796272, -0.47219498214848094], [-0.03195063214550955, 0.38765803994125786, -0.5362522483794963]], [[-0.09743483937739825, 0.1587211329984069, 0.43956330127714904], [-0.5846991541980636, -0.09524547463047411, 0.5408288759499786], [-0.9005254660817483, -0.4869290728844421, 0.5166688249024284]]]" pbc="F F F"
C        0.00000000       0.00000000       0.00000000
C        1.45609672       0.00000000       0.00000000
H       -0.52078843       0.95765779       0.00000000
H        1.97164766      -0.62733249      -0.72572991
C       -0.87048002      -1.22379842      -0.00000000
H        2.32963742       0.79420041       0.91877115
H       -0.28391531      -2.13887145      -0.00000000
H       -1.52145135      -1.23484856      -0.87564365
H       -1.52139133      -1.23471640       0.87568993
9
Properties=species:S:1:pos:R:3 REF_energy="_JSON [[-3193.4135882361866, -3190.6854541306307, -3190.1838579444]]" REF_forces="_JSON [[[0.17175122059292422, -0.5761567590642658, 0.16193089520901008], [0.7220249501192186, -0.62656223295658, 0.4318536406427861], [-0.018351637521688256, 0.10912654359193727, 0.45159979479219653]], [[2.202989763110681, -0.8925721133284955, 3.186784300621128], [1.9759059813959874, -1.1408240133597543, 3.1146216716900548], [1.3464384729330625, -0.7383719899737293, 2.535063197449441]], [[-0.21872618082558531, 0.47081358234230586, -1.3115869067089387], [-0.7756554060167793, 0.6562455968029719, 0.3547869654981895], [-0.3933895328007867, 0.6623076437150248, 1.9279125684002525]], [[0.79030903900327, 1.4169993442572477, 0.3150434866262236], [0.693485705673536, -0.19257982823928474, -0.2795182082105642], [1.161186214875371, -1.7493686933435788, -0.6387045819221973]], [[0.1169672483387302, 0.2197953658274503, 1.5387747369142835], [0.30317506723034277, 0.14144860006853635, -0.36053536117284096], [0.028912609072876214, 0.044259074136535244, -1.8971538514310704]], [[-2.7258842393467746, -0.20684908415997355, -3.8622734813207504], [-2.492064456895172, 1.1727189534832079, -3.2653437530542897], [-1.767408042598942, 2.194035855023797, -2.4460558161013846]], [[0.3288036522326571, -0.3980099315951937, -0.0005639879005092338], [0.4205183319615144, -0.28224748396099336, -0.004731551004668016], [0.3321367491930073, -0.41816477526465917, -0.005338933327873553]], [[-0.11851215264220696, 0.19035861618225888, -0.4369247624119277], [-0.48367787496293163, 0.08670262753875445, -0.4716647799765778], [-0.6131719195620924, -0.2937605500094475, -0.4537602203872905]], [[-0.547698350467798, -0.22437902045988867, 0.4088157189714102], [-0.36371229850215725, 0.1850977806233809, 0.48053137558893183], [-0.07635291358761453, 0.18993689212112905, 0.5264378425277468]]]" pbc="F F F"
C        0.00000000       0.00000000       0.00000000
C        1.40308550       0.00000000       0.00000000
H       -0.52078843       0.95765779       0.00000000
H        1.91863644       0.22565213      -0.93236853
C       -0.87048002      -1.22379842      -0.00000000
H        2.27662620      -0.28567469       1.18037480
H       -0.28391531      -2.13887145      -0.00000000
H       -1.52145135      -1.23484856      -0.87564365
H       -1.52139133      -1.23471640       0.87568993
9
Properties=species:S:1:pos:R:3 REF_energy="_JSON [[-3194.9566215815944, -3187.115683828351, -3179.2271612522527]]" REF_forces="_JSON [[[-14.113061644016739, 0.957568299454008, 0.13656660200774165], [-18.01753954448239, -1.7827019840908573, 0.1296418640959931], [-16.823935027547495, 1.3915957585295928, 1.097559947975898]], [[17.013593409745443, 3.043703019839337, 0.32652129203774494], [19.026026928377217, -0.6390098631326924, -0.751163845593314], [16.755658977168526, -0.05298168460986195, -4.431560741299929]], [[-0.5466406957565367, 0.24257069624714758, 0.33632341145847516], [-1.0389497636630796, 1.3871437073587423, -0.4133026240443649], [-1.5374141027326498, 0.6794650674577584, -6.2415666124821145]], [[0.895550862439936, -0.061819238158526225, 0.3856938934643351], [0.5110950001146911, -0.2916464942016778, -0.3163488650215007], [2.998373212022553, 1.0617524297005525, -4.511829336779006]], [[-0.07894794022548582, 0.26879088476005447, -0.37313593398700334], [0.3575739969253758, 0.4502716122836327, 0.6148580922097806], [-1.3215597702699537, -0.5566894852299661, 7.10380893926987]], [[-3.0085794667983103, -4.019367618641491, -0.8568487772575814], [-0.08093089342997209, 0.7473891249019242, 0.7112260555042538], [0.6027269572447043, -1.9507874322388392, 6.689566776636879]], [[0.36627648046990713, -0.43439440105754484, 0.009300001835611511], [0.36999010727264436, -0.31389599609229885, 0.029714491461526056], [0.40014272646689764, -0.18514701478226075, 0.10947910835215495]], [[-0.3024223104715641, -0.03510290260920539, -0.3682717296337164], [-0.4519208989102749, 0.3558234078568459, -0.5041712536998232], [0.6475176274355684, 1.1239803820359562, -0.5602135610126868]], [[-0.22576869538802624, 0.03805126016464299, 0.40385124007448897], [-0.6753449322031706, 0.0866264851159203, 0.49954608508799103], [-1.7215105997881617, -1.511188020863268, 0.7447554793380149]]]" pbc="F F F"
C        0.00000000       0.00000000       0.00000000
C        1.18800596       0.00000000       0.00000000
H       -0.52078843       0.95765779       0.00000000
H        1.70355690      -0.94782691      -0.14783133
C       -0.87048002      -1.22379842      -0.00000000
H        2.06154666       1.19994505       0.18715387
H       -0.28391531      -2.13887145      -0.00000000
H       -1.52145135      -1.23484856      -0.87564365
H       -1.52139133      -1.23471640       0.87568993
9
Properties=species:S:1:pos:R:3 REF_energy="_JSON [[-3190.2046107079514, -3186.0837962329856, -3183.697450197361]]" REF_forces="_JSON [[[-34.03399044100405, -1.2205203541322072, 0.540862074534659], [-33.89020653009088, -0.2883067407157468, 0.8838257178153525], [-34.645711898433774, 0.05928953136970607, 1.812322668532863]], [[36.630893917196744, -1.0506565280256952, 1.8775227205926437], [36.21698453909363, -1.6265893175791466, 1.4191897772919042], [36.977505355769885, -1.3845927064785533, 0.049325430858601645]], [[-0.8825140642386308, 0.5219469689381887, -2.026351373311124], [-1.5064032270088947, 0.8115510270599872, 0.8266715867136629], [-2.2760683772988943, 1.2780234066344016, 3.6726603791845966]], [[1.5654578289998962, 1.8823856756050419, 1.1435155945091826], [1.7313976161443694, -0.39187380694679746, -0.4526640885234069], [2.132546904610132, -2.8994817293955997, -1.831608958660851]], [[-0.8815484306156834, 0.02427103790255101, 2.152812825553345], [-0.96944861765616, -0.31802321770427394, -0.8243021751213437], [-1.2218842782067845, -0.5818687349660845, -3.7444862615937127]], [[-2.1788731000648327, 0.2087068536858125, -3.6789346473203284], [-1.3117167523886226, 1.9711242082246965, -1.8800471892075463], [-0.6046536845999821, 3.649876469207034, 0.03427522176475421]], [[0.42192967870190107, -0.31697887350681453, 0.016350293400928313], [0.44539039286443427, -0.24161685732779026, -0.012494249523520054], [0.44939185004121357, -0.25882811805013306, -0.05489066084051417]], [[-0.035683226215021145, 0.26431994161344907, -0.4138216095657474], [-0.4761935726796516, -0.10881951154989568, -0.4534753499619311], [-0.9141906488311936, -0.48295708686268235, -0.4605217113069845]], [[-0.6056721627674209, -0.3134747220790419, 0.38804412160729246], [-0.2398038482763295, 0.192554216540387, 0.49329597051691426], [0.10306477694554311, 0.6205389685393935, 0.5229238920618545]]]" pbc="F F F"
C        0.00000000       0.00000000       0.00000000
C        1.08045926       0.00000000       0.00000000
H       -0.52078843       0.95765779       0.00000000
H        1.59601020       0.46841891      -0.83714615
C       -0.87048002      -1.22379842      -0.00000000
H        1.95399996      -0.59301646       1.05982366
H       -0.28391531      -2.13887145      -0.00000000
H       -1.52145135      -1.23484856      -0.87564365
H       -1.52139133      -1.23471640       0.87568993
9
Properties=species:S:1:pos:R:3 REF_energy="_JSON [[-3194.7608734829755, -3189.304022131861, -3186.241496827437]]" REF_forces="_JSON [[[6.665081366466352, -0.8882564811346713, -0.011320165213776259], [1.5188181985756424, -0.3668424911408487, 0.10985882348914554], [-5.098978046838673, -1.340444122486739, 0.8889599327252927]], [[-4.204644276216074, -3.5389675740509743, 1.3389588442182465], [-0.6332851921077713, -3.0853198341094967, -0.9126592146754213], [7.630628700229453, -3.4644144561352213, 1.8649853809221657]], [[0.23803253641830713, 0.4859616811123603, -0.4261095429340208], [-0.2599400728685345, 0.6294695337947351, 0.8519013691397587], [0.2606209619557265, 0.4831343703587824, 1.6962937252608836]], [[0.30964603368273275, 0.32240321615107864, 0.4280592803962755], [0.07462201422416, 0.36327861159805513, 0.003733647873908078], [0.5635856439597319, -0.715706739041013, -1.9272816095991563]], [[0.49339427629698074, 0.34165575716510904, 0.5443552969140198], [1.116387069143225, 0.5289280139404745, -0.33932455234258874], [1.225918727861235, 1.055344471005558, -2.073924723733531]], [[-3.2509860972664626, 3.6609592162161073, -1.8392369636785233], [-1.423869351703014, 2.144774134378854, 0.37281266472385904], [-3.736267961568437, 4.793116582480908, -0.4600345319889455]], [[0.3262904140778767, -0.415657559488579, -0.011613033656798534], [0.4024842190314003, -0.41950134429884, -0.049967135159947974], [0.3374413453588494, -0.5168097573141481, -0.025176792917948436]], [[-0.21421191113288932, 0.07804615741665423, -0.4265565811345349], [-0.44433924982446305, 0.030901303830886805, -0.5069016898160786], [-0.9081332246460382, -0.46075338796070364, -0.5792481132907362]], [[-0.36260234232699157, -0.04614441338688188, 0.4034628650886983], [-0.3508776344715596, 0.17431207200819063, 0.4705460867674723], [-0.274816146311805, 0.1665330390921481, 0.6154267326213607]]]" pbc="F F F"
C        0.00000000       0.00000000       0.00000000
C        1.56352811       0.00000000       0.00000000
H       -0.52078843       0.95765779       0.00000000
H        2.07907905       0.89015827      -0.35755867
C       -0.87048002      -1.22379842      -0.00000000
H        2.43706881      -1.12693679       0.45266784
H       -0.28391531      -2.13887145      -0.00000000
H       -1.52145135      -1.23484856      -0.87564365
H       -1.52139133      -1.23471640       0.87568993
9
Properties=species:S:1:pos:R:3 REF_energy="_JSON [[-3192.479191145644, -3190.358518035191, -3190.3370000874647]]" REF_forces="_JSON [[[-7.531674445301235, -0.032869899525261405, 0.5894190792349038], [-5.832808065219291, -0.8483730665022141, 0.6620612956339168], [-5.4619763115353, 0.06707852528706813, 0.19969440225520468]], [[9.766613694261794, -0.06473933637340357, 2.557533251034291], [10.05270259894194, -0.15186435338714538, 3.5352810727816864], [5.83284414534976, 0.15233948336485528, 2.297559477514807]], [[-0.6415906006502076, 0.49960794294506156, 0.1662462833785325], [-1.4953409474852564, 0.7698817582680987, -0.09298271003515528], [-0.2123198766136741, 0.6109576487173447, -0.011516454056286008]], [[1.1776313285693052, -0.11779346130330491, 0.04170624006532999], [0.696064737373926, 0.05656801467875706, -0.19852863835767004], [1.7373044582132808, 0.10974103297543357, -0.2537940825462577]], [[-0.17381535848894736, 0.10978916126670298, -0.04729899569536663], [-0.03646018218917938, 0.02647730082720183, -0.06478127651759907], [-0.48414433651801864, -0.10715878941815313, 0.24034285992339308]], [[-2.281188268214233, 0.04590258770787012, -3.3261911138008213], [-2.8751716683451263, -0.063980596886813, -3.88785464924558], [-1.1717834551885877, -0.14832607723799848, -2.501740488010763]], [[0.3498941671518609, -0.39347532520539075, 0.00506009685508942], [0.4766908768576134, -0.20825590231785915, 0.013243943531962862], [0.30465979222580053, -0.41398517048537836, 0.007264964816823636]], [[-0.3425717870547514, -0.010507833856820605, -0.41392819940846365], [-0.4953552764158429, 0.20728208970195813, -0.4472416202850512], [-0.24219698237510617, -0.08266649105799459, -0.4701107649113886]], [[-0.3232987302746775, -0.035913835659218435, 0.427453358335449], [-0.4903220735210401, 0.21226475561960337, 0.48080258249410407], [-0.30238743355459646, -0.18798016214664007, 0.49230008501497347]]]" pbc="F F F"
C        0.00000000       0.00000000       0.00000000
C        1.28184927       0.00000000       0.00000000
H       -0.52078843       0.95765779       0.00000000
H        1.79740021      -0.01017178      -0.95923224
C       -0.87048002      -1.22379842      -0.00000000
H        2.15538997       0.01287743       1.21438416
H       -0.28391531      -2.13887145      -0.00000000
H       -1.52145135      -1.23484856      -0.87564365
H       -1.52139133      -1.23471640       0.87568993
9
Properties=species:S:1:pos:R:3 REF_energy="_JSON [[-3192.586406727719, -3190.371863859467, -3190.258650071571]]" REF_forces="_JSON [[[-7.102779056127706, -0.3723491664805237, 0.4339379959933913], [-5.501752117098597, -0.5179991417136165, 0.4795648029560882], [-5.581597044263493, 0.007660159307813917, 0.5927403920231019]], [[9.372217788538507, -0.33900854359841903, 2.6654621442410518], [8.418526901140028, -0.4642070043922238, 3.096884141778339], [7.201292208458937, -0.24952204445594356, 2.5541969102784514]], [[-0.5752597616267043, 0.512925500788305, -0.8782164991988158], [-1.0503858525587249, 0.6966536219563347, 0.1399455661745923], [-0.6999999061987378, 0.6727624329434329, 1.1926625106135524]], [[1.1520142546260355, 0.9799416306008791, 0.12385920212449979], [0.9838600415464718, -0.07089346276873275, -0.19655391715404677], [1.4390269113000986, -1.1430553837154334, -0.3538708574154305]], [[-0.20386787140227217, 0.13007868954244953, 1.0658686893273712], [-0.14411965493132398, 0.004088258351092916, -0.1618040816388983], [-0.30876705829529744, -0.08814705035012123, -1.1857864500849067]], [[-2.3173198843287, -0.474341937541049, -3.406043534335361], [-2.2884438354249377, 0.43079298035376445, -3.3907692229200346], [-1.7299111645292686, 1.1899150061995685, -2.8519411041775435]], [[0.35130974157068884, -0.38497961416657067, 0.006054623395650419], [0.42072203676146647, -0.27337249509115946, 0.005825996427801062], [0.3611837781548787, -0.35439127726645386, 0.0009895128043040944]], [[-0.19325862932440352, 0.1305444855484127, -0.4255821541048471], [-0.4430677605313378, 0.08065908258987298, -0.45828194541602385], [-0.5069311718639026, -0.16596730842186372, -0.44836097915803097]], [[-0.48305658192105916, -0.1828110446944009, 0.4146595325572029], [-0.39533975890288564, 0.11427816071514693, 0.4851886597923264], [-0.17429655276336065, 0.13074546575736215, 0.4993700651167716]]]" pbc="F F F"
C        0.00000000       0.00000000       0.00000000
C        1.28483345       0.00000000       0.00000000
H       -0.52078843       0.95765779       0.00000000
H        1.80038439       0.08107557      -0.95585392
C       -0.87048002      -1.22379842      -0.00000000
H        2.15837415      -0.10264134       1.21010721
H       -0.28391531      -2.13887145      -0.00000000
H       -1.52145135      -1.23484856      -0.87564365
H       -1.52139133      -1.23471640       0.87568993
9
Properties=species:S:1:pos:R:3 REF_energy="_JSON [[-3194.7751722499897, -3189.1959140163253, -3185.9888929867448]]" REF_forces="_JSON [[[6.732555394103029, 0.3240527153488751, 0.07777812161609308], [1.5362547997892673, -1.278316555119193, -0.2336862778975743], [-6.3134138512017115, 0.8378685371616207, 0.05654234904596055]], [[-4.3012355812893786, 3.6086287858883788, 1.0115882222820933], [-0.694975174983213, 2.6269263221216343, -1.1625303102603561], [8.995758767529152, 3.5670764108242876, 2.345185346936986]], [[0.097106627930134, 0.38707916365725326, 0.38239366764769556], [0.010766390212354641, 0.6455493987268428, -0.2934538004324601], [-0.018986885627139852, 0.27858529801053217, -1.6917806392511558]], [[0.32574963066596174, -0.3058401505488515, 0.3604196171198776], [0.04363160183339501, -0.4637172567037907, 0.0990101227413524], [0.5731834793437953, 0.5652245536839997, -1.9363658703935538]], [[0.6451363108972997, 0.2295059699843314, -0.38074929907964916], [0.937829976659882, 0.5463498554273211, 0.8333243215406846], [1.6951476763742737, 1.0739571036666766, 1.665711265419042]], [[-3.2696473374488746, -3.8511434074290225, -1.4910564725064124], [-1.2758672010158807, -1.8297645066025463, 0.6249752928624965], [-4.164318838992343, -5.394007267690486, -0.4944950401895521]], [[0.29273088090000443, -0.46301260019471335, 0.011374633980721933], [0.3459936087840019, -0.4258224796778086, -0.00612654650040963], [0.3602346296066339, -0.6048637818305567, 0.05800713021859589]], [[-0.30927550920407115, 0.006780887844786467, -0.410058301992302], [-0.23018733379324416, 0.25286029186075876, -0.46057499109211475], [-0.3114785195521106, 0.08190525081066462, -0.5926807031034084]], [[-0.2131204165546393, 0.06394863544803893, 0.43830981093141647], [-0.6734466674871392, -0.07406507003438867, 0.5990621890380124], [-0.8161264574796144, -0.40574610463545735, 0.5898761613182096]]]" pbc="F F F"
C        0.00000000       0.00000000       0.00000000
C        1.56671242       0.00000000       0.00000000
H       -0.52078843       0.95765779       0.00000000
H        2.08226336      -0.91393895      -0.29145420
C       -0.87048002      -1.22379842      -0.00000000
H        2.44025312       1.15704303       0.36897984
H       -0.28391531      -2.13887145      -0.00000000
H       -1.52145135      -1.23484856      -0.87564365
H       -1.52139133      -1.23471640       0.87568993
9
Properties=species:S:1:pos:R:3 REF_energy="_JSON [[-3190.5116269803652, -3185.9970972196315, -3183.211566681762]]" REF_forces="_JSON [[[-33.740243461569015, 1.020487797695272, 0.9935069927174797], [-33.49832544393569, -0.41548791369732424, 0.5267245342227083], [-34.18410252449546, -1.1164141537864696, 0.7387196054894538]], [[36.358204435391144, 1.4068960553275078, 1.630333565004946], [35.90701961494844, 1.697671895083648, 1.3338026668397494], [36.335497193685875, 0.8793534896974743, 0.13379525638203202]], [[-1.101559110678842, 0.4318847956941787, 1.9380200661982305], [-1.4573548917300534, 0.8836909857771249, -0.763340664856212], [-2.0492245618723057, 1.4407353497479545, -3.6198419294486635]], [[1.5201016926557007, -1.7784403456162747, 1.1477647090585357], [1.7314327845481523, 0.41745033329798575, -0.4999652976204571], [2.2814330240815335, 2.9341309179369306, -1.979081233469044]], [[-0.6106389426913482, -0.013350819270895034, -2.0264682374313803], [-1.029796073300641, -0.2328573036700105, 0.9014717068113011], [-1.5138485114787827, -0.489783812959388, 3.9314909806753353]], [[-2.2622648731974286, -0.6992032003114081, -3.735329157458689], [-1.3158944866086013, -2.1273941851261076, -1.6021129206278844], [-0.41483449234518155, -3.4549490307648876, 0.705512349359931]], [[0.402572925461018, -0.36589837754493953, 0.006961567009726572], [0.4307890375772728, -0.26947578534436917, 0.04502116548213861], [0.45357168195050174, -0.240116853456567, 0.07527314452143934]], [[-0.5593431407855406, -0.25144593911577273, -0.37103067291911995], [-0.23561603056687122, 0.20819405931228901, -0.45212729839063703], [0.10077170712167681, 0.6458183034307409, -0.49925614904583865]], [[-0.006829524582330319, 0.24907003314128434, 0.416241167819543], [-0.5322545109286727, -0.1617920856336097, 0.5105261081394707], [-1.0092635166462187, -0.5987742098446218, 0.5133879755343667]]]" pbc="F F F"
C        0.00000000       0.00000000       0.00000000
C        1.08160524       0.00000000       0.00000000
H       -0.52078843       0.95765779       0.00000000
H        1.59715618      -0.52965633      -0.79980881
C       -0.87048002      -1.22379842      -0.00000000
H        1.95514594       0.67054278       1.01255473
H       -0.28391531      -2.13887145      -0.00000000
H       -1.52145135      -1.23484856      -0.87564365
H       -1.52139133      -1.23471640       0.87568993
