SHARC_version   4.0
 method           0
 integrator           2
 maxmult           3
 nstates_m    3    0    0
 natom           6
 dtstep   20.670686667591056     
 nsteps          60
 nsubsteps          25
 ezero   0.0000000000000000     
 write_overlap           0
 write_grad           0
 write_nacdr           0
 write_property1d           0
 write_property2d           0
 n_property1d           1
 n_property2d           1
 laser           0
 laser_e F
 laser_b F
 laser_egrad F
 laser_freq_path None
************************************* End of settings *************************************
! Atomic numbers
 0.6000000000000E+001
 0.6000000000000E+001
 0.1000000000000E+001
 0.1000000000000E+001
 0.1000000000000E+001
 0.1000000000000E+001
! Elements
 C 
 C 
 H 
 H 
 H 
 H 
! Atomic masses
 0.2189471361552E+005
 0.2189471361552E+005
 0.1837471594742E+004
 0.1837471594742E+004
 0.1837471594742E+004
 0.1837471594742E+004
********************************* End of header array data ********************************
! 0 Step
           0
! 1 Hamiltonian (MCH) in a.u.
-0.7798355865479E+002  0.0000000000000E+000     0.0000000000000E+000  0.0000000000000E+000     0.0000000000000E+000  0.0000000000000E+000
 0.0000000000000E+000  0.0000000000000E+000    -0.7765851593018E+002  0.0000000000000E+000     0.0000000000000E+000  0.0000000000000E+000
 0.0000000000000E+000  0.0000000000000E+000     0.0000000000000E+000  0.0000000000000E+000    -0.7756113433838E+002  0.0000000000000E+000
! 2 U matrix
 0.1000000000000E+001  0.0000000000000E+000     0.0000000000000E+000  0.0000000000000E+000     0.0000000000000E+000  0.0000000000000E+000
 0.0000000000000E+000  0.0000000000000E+000     0.1000000000000E+001  0.0000000000000E+000     0.0000000000000E+000  0.0000000000000E+000
 0.0000000000000E+000  0.0000000000000E+000     0.0000000000000E+000  0.0000000000000E+000     0.1000000000000E+001  0.0000000000000E+000
! 3 Dipole moments X (MCH) in a.u.
-0.1230000000000E+003  0.0000000000000E+000    -0.1230000000000E+003  0.0000000000000E+000    -0.1230000000000E+003  0.0000000000000E+000
-0.1230000000000E+003  0.0000000000000E+000    -0.1230000000000E+003  0.0000000000000E+000    -0.1230000000000E+003  0.0000000000000E+000
-0.1230000000000E+003  0.0000000000000E+000    -0.1230000000000E+003  0.0000000000000E+000    -0.1230000000000E+003  0.0000000000000E+000
! 3 Dipole moments Y (MCH) in a.u.
-0.1230000000000E+003  0.0000000000000E+000    -0.1230000000000E+003  0.0000000000000E+000    -0.1230000000000E+003  0.0000000000000E+000
-0.1230000000000E+003  0.0000000000000E+000    -0.1230000000000E+003  0.0000000000000E+000    -0.1230000000000E+003  0.0000000000000E+000
-0.1230000000000E+003  0.0000000000000E+000    -0.1230000000000E+003  0.0000000000000E+000    -0.1230000000000E+003  0.0000000000000E+000
! 3 Dipole moments Z (MCH) in a.u.
-0.1230000000000E+003  0.0000000000000E+000    -0.1230000000000E+003  0.0000000000000E+000    -0.1230000000000E+003  0.0000000000000E+000
-0.1230000000000E+003  0.0000000000000E+000    -0.1230000000000E+003  0.0000000000000E+000    -0.1230000000000E+003  0.0000000000000E+000
-0.1230000000000E+003  0.0000000000000E+000    -0.1230000000000E+003  0.0000000000000E+000    -0.1230000000000E+003  0.0000000000000E+000
! 5 Coefficients (diag)
 0.0000000000000E+000  0.0000000000000E+000
 0.1000000000000E+001  0.0000000000000E+000
 0.0000000000000E+000  0.0000000000000E+000
! 6 Hopping Probabilities (diag)
 0.0000000000000E+000
 0.0000000000000E+000
 0.0000000000000E+000
! 7 Ekin (a.u.)
 0.5133026117901E-003
! 8 states (diag, MCH)
           2            2
! 9 Random number
 0.0000000000000E+000
! 10 Runtime (sec)
           3
! 11 Geometry in a.u.
-0.1347808000000E-001 -0.1120911300000E+000 -0.3632297000000E-001
 0.2556280140000E+001  0.1255951100000E+000  0.3916310000000E-001
-0.1180003360000E+001  0.1677652950000E+001 -0.3634283000000E-001
 0.3275390000000E+001  0.1735747060000E+001  0.1943445000000E-001
 0.3667065260000E+001 -0.1630499390000E+001 -0.3238502800000E+000
-0.7242361700000E+000 -0.1943690130000E+001  0.3069418800000E+000
! 12 Velocities in a.u.
 0.1500000000000E-003  0.0000000000000E+000  0.0000000000000E+000
-0.1500000000000E-003  0.0000000000000E+000  0.0000000000000E+000
 0.0000000000000E+000  0.7500000000000E-004  0.0000000000000E+000
 0.0000000000000E+000 -0.7500000000000E-004  0.0000000000000E+000
 0.0000000000000E+000  0.0000000000000E+000  0.7500000000000E-004
 0.0000000000000E+000  0.0000000000000E+000 -0.7500000000000E-004
! 0 Step
           1
! 1 Hamiltonian (MCH) in a.u.
-0.7798396301270E+002  0.0000000000000E+000     0.0000000000000E+000  0.0000000000000E+000     0.0000000000000E+000  0.0000000000000E+000
 0.0000000000000E+000  0.0000000000000E+000    -0.7765895080566E+002  0.0000000000000E+000     0.0000000000000E+000  0.0000000000000E+000
 0.0000000000000E+000  0.0000000000000E+000     0.0000000000000E+000  0.0000000000000E+000    -0.7756009674072E+002  0.0000000000000E+000
! 2 U matrix
 0.1000000000000E+001  0.0000000000000E+000     0.0000000000000E+000  0.0000000000000E+000     0.0000000000000E+000  0.0000000000000E+000
 0.0000000000000E+000  0.0000000000000E+000     0.1000000000000E+001  0.0000000000000E+000     0.0000000000000E+000  0.0000000000000E+000
 0.0000000000000E+000  0.0000000000000E+000     0.0000000000000E+000  0.0000000000000E+000     0.1000000000000E+001  0.0000000000000E+000
! 3 Dipole moments X (MCH) in a.u.
-0.1230000000000E+003  0.0000000000000E+000    -0.1230000000000E+003  0.0000000000000E+000    -0.1230000000000E+003  0.0000000000000E+000
-0.1230000000000E+003  0.0000000000000E+000    -0.1230000000000E+003  0.0000000000000E+000    -0.1230000000000E+003  0.0000000000000E+000
-0.1230000000000E+003  0.0000000000000E+000    -0.1230000000000E+003  0.0000000000000E+000    -0.1230000000000E+003  0.0000000000000E+000
! 3 Dipole moments Y (MCH) in a.u.
-0.1230000000000E+003  0.0000000000000E+000    -0.1230000000000E+003  0.0000000000000E+000    -0.1230000000000E+003  0.0000000000000E+000
-0.1230000000000E+003  0.0000000000000E+000    -0.1230000000000E+003  0.0000000000000E+000    -0.1230000000000E+003  0.0000000000000E+000
-0.1230000000000E+003  0.0000000000000E+000    -0.1230000000000E+003  0.0000000000000E+000    -0.1230000000000E+003  0.0000000000000E+000
! 3 Dipole moments Z (MCH) in a.u.
-0.1230000000000E+003  0.0000000000000E+000    -0.1230000000000E+003  0.0000000000000E+000    -0.1230000000000E+003  0.0000000000000E+000
-0.1230000000000E+003  0.0000000000000E+000    -0.1230000000000E+003  0.0000000000000E+000    -0.1230000000000E+003  0.0000000000000E+000
-0.1230000000000E+003  0.0000000000000E+000    -0.1230000000000E+003  0.0000000000000E+000    -0.1230000000000E+003  0.0000000000000E+000
! 5 Coefficients (diag)
 0.0000000000000E+000  0.0000000000000E+000
-0.9955550005927E+000  0.9418195578149E-001
 0.0000000000000E+000  0.0000000000000E+000
! 6 Hopping Probabilities (diag)
 0.0000000000000E+000
 0.0000000000000E+000
 0.0000000000000E+000
! 7 Ekin (a.u.)
 0.9420084874315E-003
! 8 states (diag, MCH)
           2            2
! 9 Random number
 0.5393910569012E+000
! 10 Runtime (sec)
           3
! 11 Geometry in a.u.
-0.1050789208549E-001 -0.1119307262325E+000 -0.3617137641498E-001
 0.2553101826624E+001  0.1251555297567E+000  0.3895074482499E-001
-0.1179969644597E+001  0.1677922206812E+001 -0.3889808002145E-001
 0.3278641432140E+001  0.1739561042142E+001  0.2245729593847E-001
 0.3667526964848E+001 -0.1630213986861E+001 -0.3238243769920E+000
-0.7255030668965E+000 -0.1944732195617E+001  0.3071723965180E+000
! 12 Velocities in a.u.
 0.1362356792131E-003  0.1531764892650E-004  0.1457449707246E-004
-0.1563127202397E-003 -0.4209124274066E-004 -0.2028308234217E-004
 0.3189998465081E-005 -0.4925912706217E-004 -0.2470775598169E-003
 0.3131796353554E-003  0.4390001386566E-003  0.2915099422243E-003
 0.4507817828519E-004  0.2819522161427E-004 -0.7364853392983E-004
-0.1222163126149E-003 -0.9891071361732E-004  0.9723780651763E-004
! 0 Step
           2
! 1 Hamiltonian (MCH) in a.u.
-0.7798473358154E+002  0.0000000000000E+000     0.0000000000000E+000  0.0000000000000E+000     0.0000000000000E+000  0.0000000000000E+000
 0.0000000000000E+000  0.0000000000000E+000    -0.7766049194336E+002  0.0000000000000E+000     0.0000000000000E+000  0.0000000000000E+000
 0.0000000000000E+000  0.0000000000000E+000     0.0000000000000E+000  0.0000000000000E+000    -0.7756034088135E+002  0.0000000000000E+000
! 2 U matrix
 0.1000000000000E+001  0.0000000000000E+000     0.0000000000000E+000  0.0000000000000E+000     0.0000000000000E+000  0.0000000000000E+000
 0.0000000000000E+000  0.0000000000000E+000     0.1000000000000E+001  0.0000000000000E+000     0.0000000000000E+000  0.0000000000000E+000
 0.0000000000000E+000  0.0000000000000E+000     0.0000000000000E+000  0.0000000000000E+000     0.1000000000000E+001  0.0000000000000E+000
! 3 Dipole moments X (MCH) in a.u.
-0.1230000000000E+003  0.0000000000000E+000    -0.1230000000000E+003  0.0000000000000E+000    -0.1230000000000E+003  0.0000000000000E+000
-0.1230000000000E+003  0.0000000000000E+000    -0.1230000000000E+003  0.0000000000000E+000    -0.1230000000000E+003  0.0000000000000E+000
-0.1230000000000E+003  0.0000000000000E+000    -0.1230000000000E+003  0.0000000000000E+000    -0.1230000000000E+003  0.0000000000000E+000
! 3 Dipole moments Y (MCH) in a.u.
-0.1230000000000E+003  0.0000000000000E+000    -0.1230000000000E+003  0.0000000000000E+000    -0.1230000000000E+003  0.0000000000000E+000
-0.1230000000000E+003  0.0000000000000E+000    -0.1230000000000E+003  0.0000000000000E+000    -0.1230000000000E+003  0.0000000000000E+000
-0.1230000000000E+003  0.0000000000000E+000    -0.1230000000000E+003  0.0000000000000E+000    -0.1230000000000E+003  0.0000000000000E+000
! 3 Dipole moments Z (MCH) in a.u.
-0.1230000000000E+003  0.0000000000000E+000    -0.1230000000000E+003  0.0000000000000E+000    -0.1230000000000E+003  0.0000000000000E+000
-0.1230000000000E+003  0.0000000000000E+000    -0.1230000000000E+003  0.0000000000000E+000    -0.1230000000000E+003  0.0000000000000E+000
-0.1230000000000E+003  0.0000000000000E+000    -0.1230000000000E+003  0.0000000000000E+000    -0.1230000000000E+003  0.0000000000000E+000
! 5 Coefficients (diag)
 0.0000000000000E+000  0.0000000000000E+000
 0.9859606976155E+000 -0.1669775516578E+000
 0.0000000000000E+000  0.0000000000000E+000
! 6 Hopping Probabilities (diag)
 0.0000000000000E+000
 0.0000000000000E+000
 0.0000000000000E+000
! 7 Ekin (a.u.)
 0.2472539206199E-002
! 8 states (diag, MCH)
           2            2
! 9 Random number
 0.9600772615284E+000
! 10 Runtime (sec)
           2
! 11 Geometry in a.u.
-0.7845909924081E-002 -0.1114578773571E+000 -0.3572044027535E-001
 0.2549817957476E+001  0.1238550002197E+000  0.3832456952050E-001
-0.1179871481083E+001  0.1675616510038E+001 -0.4655735564313E-001
 0.3288337276226E+001  0.1753895928626E+001  0.3148587135241E-001
 0.3668928853798E+001 -0.1629333760817E+001 -0.3268950115368E+000
-0.7292887602075E+000 -0.1947779234739E+001  0.3109618244615E+000
! 12 Velocities in a.u.
 0.1203558791722E-003  0.2995484712448E-004  0.2887118546659E-004
-0.1599437817957E-003 -0.8258116002870E-004 -0.3972160945563E-004
 0.5119866398295E-005 -0.1726816181903E-003 -0.4942737709636E-003
 0.6183125837219E-003  0.9321103932011E-003  0.5802140869459E-003
 0.9089395138434E-004  0.5883333398310E-004 -0.2264274856669E-003
-0.2426098003012E-003 -0.1911838937295E-003  0.2697772964830E-003
! 0 Step
           3
! 1 Hamiltonian (MCH) in a.u.
-0.7798569488525E+002  0.0000000000000E+000     0.0000000000000E+000  0.0000000000000E+000     0.0000000000000E+000  0.0000000000000E+000
 0.0000000000000E+000  0.0000000000000E+000    -0.7766297912598E+002  0.0000000000000E+000     0.0000000000000E+000  0.0000000000000E+000
 0.0000000000000E+000  0.0000000000000E+000     0.0000000000000E+000  0.0000000000000E+000    -0.7756189727783E+002  0.0000000000000E+000
! 2 U matrix
 0.1000000000000E+001  0.0000000000000E+000     0.0000000000000E+000  0.0000000000000E+000     0.0000000000000E+000  0.0000000000000E+000
 0.0000000000000E+000  0.0000000000000E+000     0.1000000000000E+001  0.0000000000000E+000     0.0000000000000E+000  0.0000000000000E+000
 0.0000000000000E+000  0.0000000000000E+000     0.0000000000000E+000  0.0000000000000E+000     0.1000000000000E+001  0.0000000000000E+000
! 3 Dipole moments X (MCH) in a.u.
-0.1230000000000E+003  0.0000000000000E+000    -0.1230000000000E+003  0.0000000000000E+000    -0.1230000000000E+003  0.0000000000000E+000
-0.1230000000000E+003  0.0000000000000E+000    -0.1230000000000E+003  0.0000000000000E+000    -0.1230000000000E+003  0.0000000000000E+000
-0.1230000000000E+003  0.0000000000000E+000    -0.1230000000000E+003  0.0000000000000E+000    -0.1230000000000E+003  0.0000000000000E+000
! 3 Dipole moments Y (MCH) in a.u.
-0.1230000000000E+003  0.0000000000000E+000    -0.1230000000000E+003  0.0000000000000E+000    -0.1230000000000E+003  0.0000000000000E+000
-0.1230000000000E+003  0.0000000000000E+000    -0.1230000000000E+003  0.0000000000000E+000    -0.1230000000000E+003  0.0000000000000E+000
-0.1230000000000E+003  0.0000000000000E+000    -0.1230000000000E+003  0.0000000000000E+000    -0.1230000000000E+003  0.0000000000000E+000
! 3 Dipole moments Z (MCH) in a.u.
-0.1230000000000E+003  0.0000000000000E+000    -0.1230000000000E+003  0.0000000000000E+000    -0.1230000000000E+003  0.0000000000000E+000
-0.1230000000000E+003  0.0000000000000E+000    -0.1230000000000E+003  0.0000000000000E+000    -0.1230000000000E+003  0.0000000000000E+000
-0.1230000000000E+003  0.0000000000000E+000    -0.1230000000000E+003  0.0000000000000E+000    -0.1230000000000E+003  0.0000000000000E+000
! 5 Coefficients (diag)
 0.0000000000000E+000  0.0000000000000E+000
-0.9802291902107E+000  0.1978654458435E+000
 0.0000000000000E+000  0.0000000000000E+000
! 6 Hopping Probabilities (diag)
 0.0000000000000E+000
 0.0000000000000E+000
 0.0000000000000E+000
! 7 Ekin (a.u.)
 0.4944016381055E-002
! 8 states (diag, MCH)
           2            2
! 9 Random number
 0.8927614899845E+000
! 10 Runtime (sec)
           3
! 11 Geometry in a.u.
-0.5532214751554E-002 -0.1106923517143E+000 -0.3497780195798E-001
 0.2546489531028E+001  0.1217415111895E+000  0.3730859893901E-001
-0.1179757982288E+001  0.1670783311566E+001 -0.5933203651664E-001
 0.3304203323501E+001  0.1778095765897E+001  0.4644414312123E-001
 0.3671284645626E+001 -0.1627781736037E+001 -0.3331852002103E+000
-0.7355328892255E+000 -0.1952636000343E+001  0.3183253604493E+000
! 12 Velocities in a.u.
 0.1027178450166E-003  0.4340137678592E-004  0.4275393555803E-004
-0.1603282218001E-003 -0.1199501093737E-003 -0.5783309793145E-004
 0.3674831814352E-005 -0.2927155216276E-003 -0.7432340680825E-003
 0.9047222788842E-003  0.1381999965198E-002  0.8657460975286E-003
 0.1372959275343E-003  0.9436918466723E-004 -0.3870927277010E-003
-0.3592264616206E-003 -0.2715235709647E-003  0.4442590694311E-003
! 0 Step
           4
! 1 Hamiltonian (MCH) in a.u.
-0.7798657226562E+002  0.0000000000000E+000     0.0000000000000E+000  0.0000000000000E+000     0.0000000000000E+000  0.0000000000000E+000
 0.0000000000000E+000  0.0000000000000E+000    -0.7766616058350E+002  0.0000000000000E+000     0.0000000000000E+000  0.0000000000000E+000
 0.0000000000000E+000  0.0000000000000E+000     0.0000000000000E+000  0.0000000000000E+000    -0.7756475830078E+002  0.0000000000000E+000
! 2 U matrix
 0.1000000000000E+001  0.0000000000000E+000     0.0000000000000E+000  0.0000000000000E+000     0.0000000000000E+000  0.0000000000000E+000
 0.0000000000000E+000  0.0000000000000E+000     0.1000000000000E+001  0.0000000000000E+000     0.0000000000000E+000  0.0000000000000E+000
 0.0000000000000E+000  0.0000000000000E+000     0.0000000000000E+000  0.0000000000000E+000     0.1000000000000E+001  0.0000000000000E+000
! 3 Dipole moments X (MCH) in a.u.
-0.1230000000000E+003  0.0000000000000E+000    -0.1230000000000E+003  0.0000000000000E+000    -0.1230000000000E+003  0.0000000000000E+000
-0.1230000000000E+003  0.0000000000000E+000    -0.1230000000000E+003  0.0000000000000E+000    -0.1230000000000E+003  0.0000000000000E+000
-0.1230000000000E+003  0.0000000000000E+000    -0.1230000000000E+003  0.0000000000000E+000    -0.1230000000000E+003  0.0000000000000E+000
! 3 Dipole moments Y (MCH) in a.u.
-0.1230000000000E+003  0.0000000000000E+000    -0.1230000000000E+003  0.0000000000000E+000    -0.1230000000000E+003  0.0000000000000E+000
-0.1230000000000E+003  0.0000000000000E+000    -0.1230000000000E+003  0.0000000000000E+000    -0.1230000000000E+003  0.0000000000000E+000
-0.1230000000000E+003  0.0000000000000E+000    -0.1230000000000E+003  0.0000000000000E+000    -0.1230000000000E+003  0.0000000000000E+000
! 3 Dipole moments Z (MCH) in a.u.
-0.1230000000000E+003  0.0000000000000E+000    -0.1230000000000E+003  0.0000000000000E+000    -0.1230000000000E+003  0.0000000000000E+000
-0.1230000000000E+003  0.0000000000000E+000    -0.1230000000000E+003  0.0000000000000E+000    -0.1230000000000E+003  0.0000000000000E+000
-0.1230000000000E+003  0.0000000000000E+000    -0.1230000000000E+003  0.0000000000000E+000    -0.1230000000000E+003  0.0000000000000E+000
! 5 Coefficients (diag)
 0.0000000000000E+000  0.0000000000000E+000
 0.9852919876710E+000 -0.1708791942609E+000
 0.0000000000000E+000  0.0000000000000E+000
! 6 Hopping Probabilities (diag)
 0.0000000000000E+000
 0.0000000000000E+000
 0.0000000000000E+000
! 7 Ekin (a.u.)
 0.8107139887474E-002
! 8 states (diag, MCH)
           2            2
! 9 Random number
 0.6081040550923E+000
! 10 Runtime (sec)
           3
! 11 Geometry in a.u.
-0.3599413145066E-002 -0.1096636048361E+000 -0.3395293386390E-001
 0.2543189768602E+001  0.1188960979665E+000  0.3593366982779E-001
-0.1179719558489E+001  0.1663515248377E+001 -0.7728367272716E-001
 0.3325739737722E+001  0.1811029705137E+001  0.6727700398382E-001
 0.3674604855995E+001 -0.1625432409122E+001 -0.3428979565080E+000
-0.7441396754692E+000 -0.1959004392055E+001  0.3293281045084E+000
! 12 Velocities in a.u.
 0.8369641713419E-004  0.5521793348737E-004  0.5619318453304E-004
-0.1568253399576E-003 -0.1524443971434E-003 -0.7443967234851E-004
-0.3051350669999E-005 -0.4073342359893E-003 -0.9967975758180E-003
 0.1160832059876E-002  0.1764529705174E-002  0.1149900191620E-002
 0.1842016087011E-003  0.1367185984505E-003 -0.5591377637863E-003
-0.4706018038993E-003 -0.3353948679193E-003  0.6234543227749E-003
! 0 Step
           5
! 1 Hamiltonian (MCH) in a.u.
-0.7798701477051E+002  0.0000000000000E+000     0.0000000000000E+000  0.0000000000000E+000     0.0000000000000E+000  0.0000000000000E+000
 0.0000000000000E+000  0.0000000000000E+000    -0.7766973114014E+002  0.0000000000000E+000     0.0000000000000E+000  0.0000000000000E+000
 0.0000000000000E+000  0.0000000000000E+000     0.0000000000000E+000  0.0000000000000E+000    -0.7756887817383E+002  0.0000000000000E+000
! 2 U matrix
 0.1000000000000E+001  0.0000000000000E+000     0.0000000000000E+000  0.0000000000000E+000     0.0000000000000E+000  0.0000000000000E+000
 0.0000000000000E+000  0.0000000000000E+000     0.1000000000000E+001  0.0000000000000E+000     0.0000000000000E+000  0.0000000000000E+000
 0.0000000000000E+000  0.0000000000000E+000     0.0000000000000E+000  0.0000000000000E+000     0.1000000000000E+001  0.0000000000000E+000
! 3 Dipole moments X (MCH) in a.u.
-0.1230000000000E+003  0.0000000000000E+000    -0.1230000000000E+003  0.0000000000000E+000    -0.1230000000000E+003  0.0000000000000E+000
-0.1230000000000E+003  0.0000000000000E+000    -0.1230000000000E+003  0.0000000000000E+000    -0.1230000000000E+003  0.0000000000000E+000
-0.1230000000000E+003  0.0000000000000E+000    -0.1230000000000E+003  0.0000000000000E+000    -0.1230000000000E+003  0.0000000000000E+000
! 3 Dipole moments Y (MCH) in a.u.
-0.1230000000000E+003  0.0000000000000E+000    -0.1230000000000E+003  0.0000000000000E+000    -0.1230000000000E+003  0.0000000000000E+000
-0.1230000000000E+003  0.0000000000000E+000    -0.1230000000000E+003  0.0000000000000E+000    -0.1230000000000E+003  0.0000000000000E+000
-0.1230000000000E+003  0.0000000000000E+000    -0.1230000000000E+003  0.0000000000000E+000    -0.1230000000000E+003  0.0000000000000E+000
! 3 Dipole moments Z (MCH) in a.u.
-0.1230000000000E+003  0.0000000000000E+000    -0.1230000000000E+003  0.0000000000000E+000    -0.1230000000000E+003  0.0000000000000E+000
-0.1230000000000E+003  0.0000000000000E+000    -0.1230000000000E+003  0.0000000000000E+000    -0.1230000000000E+003  0.0000000000000E+000
-0.1230000000000E+003  0.0000000000000E+000    -0.1230000000000E+003  0.0000000000000E+000    -0.1230000000000E+003  0.0000000000000E+000
! 5 Coefficients (diag)
 0.0000000000000E+000  0.0000000000000E+000
-0.9972396317631E+000  0.7425036593152E-001
 0.0000000000000E+000  0.0000000000000E+000
! 6 Hopping Probabilities (diag)
 0.0000000000000E+000
 0.0000000000000E+000
 0.0000000000000E+000
! 7 Ekin (a.u.)
 0.1166667035316E-001
! 8 states (diag, MCH)
           2            2
! 9 Random number
 0.6433215172389E+000
! 10 Runtime (sec)
           2
! 11 Geometry in a.u.
-0.2072089923993E-002 -0.1084095665113E+000 -0.3265469853731E-001
 0.2540006156100E+001  0.1154392504544E+000  0.3423116065350E-001
-0.1179884129316E+001  0.1653943554844E+001 -0.1005410172381E+000
 0.3352193715068E+001  0.1851043847199E+001  0.9398259624119E-001
 0.3678899793100E+001 -0.1622129601416E+001 -0.3563007232488E+000
-0.7549882140927E+000 -0.1966501684792E+001  0.3440998183646E+000
! 12 Velocities in a.u.
 0.6379213359432E-004  0.6502210204307E-004  0.6926276095232E-004
-0.1488677503883E-003 -0.1781631403488E-003 -0.8961267780650E-004
-0.1673317107156E-004 -0.5150755054282E-003 -0.1258964944616E-002
 0.1374712391960E-002  0.2055163911530E-002  0.1436017569718E-002
 0.2316448432541E-003  0.1869985374753E-003 -0.7458507025339E-003
-0.5758906472598E-003 -0.3789348666023E-003  0.8112810124832E-003
! 0 Step
           6
! 1 Hamiltonian (MCH) in a.u.
-0.7798667144775E+002  0.0000000000000E+000     0.0000000000000E+000  0.0000000000000E+000     0.0000000000000E+000  0.0000000000000E+000
 0.0000000000000E+000  0.0000000000000E+000    -0.7767345428467E+002  0.0000000000000E+000     0.0000000000000E+000  0.0000000000000E+000
 0.0000000000000E+000  0.0000000000000E+000     0.0000000000000E+000  0.0000000000000E+000    -0.7757421112061E+002  0.0000000000000E+000
! 2 U matrix
 0.1000000000000E+001  0.0000000000000E+000     0.0000000000000E+000  0.0000000000000E+000     0.0000000000000E+000  0.0000000000000E+000
 0.0000000000000E+000  0.0000000000000E+000     0.1000000000000E+001  0.0000000000000E+000     0.0000000000000E+000  0.0000000000000E+000
 0.0000000000000E+000  0.0000000000000E+000     0.0000000000000E+000  0.0000000000000E+000     0.1000000000000E+001  0.0000000000000E+000
! 3 Dipole moments X (MCH) in a.u.
-0.1230000000000E+003  0.0000000000000E+000    -0.1230000000000E+003  0.0000000000000E+000    -0.1230000000000E+003  0.0000000000000E+000
-0.1230000000000E+003  0.0000000000000E+000    -0.1230000000000E+003  0.0000000000000E+000    -0.1230000000000E+003  0.0000000000000E+000
-0.1230000000000E+003  0.0000000000000E+000    -0.1230000000000E+003  0.0000000000000E+000    -0.1230000000000E+003  0.0000000000000E+000
! 3 Dipole moments Y (MCH) in a.u.
-0.1230000000000E+003  0.0000000000000E+000    -0.1230000000000E+003  0.0000000000000E+000    -0.1230000000000E+003  0.0000000000000E+000
-0.1230000000000E+003  0.0000000000000E+000    -0.1230000000000E+003  0.0000000000000E+000    -0.1230000000000E+003  0.0000000000000E+000
-0.1230000000000E+003  0.0000000000000E+000    -0.1230000000000E+003  0.0000000000000E+000    -0.1230000000000E+003  0.0000000000000E+000
! 3 Dipole moments Z (MCH) in a.u.
-0.1230000000000E+003  0.0000000000000E+000    -0.1230000000000E+003  0.0000000000000E+000    -0.1230000000000E+003  0.0000000000000E+000
-0.1230000000000E+003  0.0000000000000E+000    -0.1230000000000E+003  0.0000000000000E+000    -0.1230000000000E+003  0.0000000000000E+000
-0.1230000000000E+003  0.0000000000000E+000    -0.1230000000000E+003  0.0000000000000E+000    -0.1230000000000E+003  0.0000000000000E+000
! 5 Coefficients (diag)
 0.0000000000000E+000  0.0000000000000E+000
 0.9951498074614E+000  0.9837103592799E-001
 0.0000000000000E+000  0.0000000000000E+000
! 6 Hopping Probabilities (diag)
 0.0000000000000E+000
 0.0000000000000E+000
 0.0000000000000E+000
! 7 Ekin (a.u.)
 0.1538031747789E-001
! 8 states (diag, MCH)
           2            2
! 9 Random number
 0.9615587220278E+000
! 10 Runtime (sec)
           3
! 11 Geometry in a.u.
-0.9621587342950E-003 -0.1069755018405E+000 -0.3108951620515E-001
 0.2537035371356E+001  0.1115305890668E+000  0.3222895865903E-001
-0.1180411330761E+001  0.1642221319612E+001 -0.1293310125184E+000
 0.3382572235947E+001  0.1895993003668E+001  0.1266439424494E+000
 0.3684181371941E+001 -0.1617701632771E+001 -0.3737324488538E+000
-0.7679477857178E+000 -0.1974670079845E+001  0.3628675757252E+000
! 12 Velocities in a.u.
 0.4378990699514E-004  0.7247277255637E-004  0.8210510618557E-004
-0.1363853236748E-003 -0.1956053723548E-003 -0.1035768167487E-003
-0.3877747631058E-004 -0.6151550001264E-003 -0.1535080460869E-002
 0.1537309780539E-002  0.2235535080749E-002  0.1728668911544E-002
 0.2798003812913E-003  0.2455831083373E-003 -0.9509091484635E-003
-0.6749957814273E-003 -0.3987549203901E-003  0.1013170519740E-002
! 0 Step
           7
! 1 Hamiltonian (MCH) in a.u.
-0.7798531341553E+002  0.0000000000000E+000     0.0000000000000E+000  0.0000000000000E+000     0.0000000000000E+000  0.0000000000000E+000
 0.0000000000000E+000  0.0000000000000E+000    -0.7767724609375E+002  0.0000000000000E+000     0.0000000000000E+000  0.0000000000000E+000
 0.0000000000000E+000  0.0000000000000E+000     0.0000000000000E+000  0.0000000000000E+000    -0.7758076477051E+002  0.0000000000000E+000
! 2 U matrix
 0.1000000000000E+001  0.0000000000000E+000     0.0000000000000E+000  0.0000000000000E+000     0.0000000000000E+000  0.0000000000000E+000
 0.0000000000000E+000  0.0000000000000E+000     0.1000000000000E+001  0.0000000000000E+000     0.0000000000000E+000  0.0000000000000E+000
 0.0000000000000E+000  0.0000000000000E+000     0.0000000000000E+000  0.0000000000000E+000     0.1000000000000E+001  0.0000000000000E+000
! 3 Dipole moments X (MCH) in a.u.
-0.1230000000000E+003  0.0000000000000E+000    -0.1230000000000E+003  0.0000000000000E+000    -0.1230000000000E+003  0.0000000000000E+000
-0.1230000000000E+003  0.0000000000000E+000    -0.1230000000000E+003  0.0000000000000E+000    -0.1230000000000E+003  0.0000000000000E+000
-0.1230000000000E+003  0.0000000000000E+000    -0.1230000000000E+003  0.0000000000000E+000    -0.1230000000000E+003  0.0000000000000E+000
! 3 Dipole moments Y (MCH) in a.u.
-0.1230000000000E+003  0.0000000000000E+000    -0.1230000000000E+003  0.0000000000000E+000    -0.1230000000000E+003  0.0000000000000E+000
-0.1230000000000E+003  0.0000000000000E+000    -0.1230000000000E+003  0.0000000000000E+000    -0.1230000000000E+003  0.0000000000000E+000
-0.1230000000000E+003  0.0000000000000E+000    -0.1230000000000E+003  0.0000000000000E+000    -0.1230000000000E+003  0.0000000000000E+000
! 3 Dipole moments Z (MCH) in a.u.
-0.1230000000000E+003  0.0000000000000E+000    -0.1230000000000E+003  0.0000000000000E+000    -0.1230000000000E+003  0.0000000000000E+000
-0.1230000000000E+003  0.0000000000000E+000    -0.1230000000000E+003  0.0000000000000E+000    -0.1230000000000E+003  0.0000000000000E+000
-0.1230000000000E+003  0.0000000000000E+000    -0.1230000000000E+003  0.0000000000000E+000    -0.1230000000000E+003  0.0000000000000E+000
! 5 Coefficients (diag)
 0.0000000000000E+000  0.0000000000000E+000
-0.9396886217120E+000 -0.3420311304909E+000
 0.0000000000000E+000  0.0000000000000E+000
! 6 Hopping Probabilities (diag)
 0.0000000000000E+000
 0.0000000000000E+000
 0.0000000000000E+000
! 7 Ekin (a.u.)
 0.1917897239816E-001
! 8 states (diag, MCH)
           2            2
! 9 Random number
 0.5218666058741E+000
! 10 Runtime (sec)
           2
! 11 Geometry in a.u.
-0.2617550305937E-003 -0.1054134425644E+000 -0.2926036068976E-001
 0.2534367799517E+001  0.1073526557295E+000  0.2994915280342E-001
-0.1181487243441E+001  0.1628512202324E+001 -0.1640033516705E+000
 0.3415748212637E+001  0.1943463937576E+001  0.1654481430862E+000
 0.3690467125122E+001 -0.1611976858450E+001 -0.3956126133633E+000
-0.7828934666924E+000 -0.1982986760825E+001  0.3859856790733E+000
! 12 Velocities in a.u.
 0.2471379109465E-004  0.7721711672489E-004  0.9486043840152E-004
-0.1200992981723E-003 -0.2042862693905E-003 -0.1166466019915E-003
-0.7053629763697E-004 -0.7071812283181E-003 -0.1830818539307E-002
 0.1646562055020E-002  0.2300904722021E-002  0.2032835697584E-002
 0.3291848930410E-003  0.3122862458449E-003 -0.1177844154677E-002
-0.7686279514410E-003 -0.3918947846795E-003  0.1235423696390E-002
! 0 Step
           8
! 1 Hamiltonian (MCH) in a.u.
-0.7798289489746E+002  0.0000000000000E+000     0.0000000000000E+000  0.0000000000000E+000     0.0000000000000E+000  0.0000000000000E+000
 0.0000000000000E+000  0.0000000000000E+000    -0.7768124389648E+002  0.0000000000000E+000     0.0000000000000E+000  0.0000000000000E+000
 0.0000000000000E+000  0.0000000000000E+000     0.0000000000000E+000  0.0000000000000E+000    -0.7758861541748E+002  0.0000000000000E+000
! 2 U matrix
 0.1000000000000E+001  0.0000000000000E+000     0.0000000000000E+000  0.0000000000000E+000     0.0000000000000E+000  0.0000000000000E+000
 0.0000000000000E+000  0.0000000000000E+000     0.1000000000000E+001  0.0000000000000E+000     0.0000000000000E+000  0.0000000000000E+000
 0.0000000000000E+000  0.0000000000000E+000     0.0000000000000E+000  0.0000000000000E+000     0.1000000000000E+001  0.0000000000000E+000
! 3 Dipole moments X (MCH) in a.u.
-0.1230000000000E+003  0.0000000000000E+000    -0.1230000000000E+003  0.0000000000000E+000    -0.1230000000000E+003  0.0000000000000E+000
-0.1230000000000E+003  0.0000000000000E+000    -0.1230000000000E+003  0.0000000000000E+000    -0.1230000000000E+003  0.0000000000000E+000
-0.1230000000000E+003  0.0000000000000E+000    -0.1230000000000E+003  0.0000000000000E+000    -0.1230000000000E+003  0.0000000000000E+000
! 3 Dipole moments Y (MCH) in a.u.
-0.1230000000000E+003  0.0000000000000E+000    -0.1230000000000E+003  0.0000000000000E+000    -0.1230000000000E+003  0.0000000000000E+000
-0.1230000000000E+003  0.0000000000000E+000    -0.1230000000000E+003  0.0000000000000E+000    -0.1230000000000E+003  0.0000000000000E+000
-0.1230000000000E+003  0.0000000000000E+000    -0.1230000000000E+003  0.0000000000000E+000    -0.1230000000000E+003  0.0000000000000E+000
! 3 Dipole moments Z (MCH) in a.u.
-0.1230000000000E+003  0.0000000000000E+000    -0.1230000000000E+003  0.0000000000000E+000    -0.1230000000000E+003  0.0000000000000E+000
-0.1230000000000E+003  0.0000000000000E+000    -0.1230000000000E+003  0.0000000000000E+000    -0.1230000000000E+003  0.0000000000000E+000
-0.1230000000000E+003  0.0000000000000E+000    -0.1230000000000E+003  0.0000000000000E+000    -0.1230000000000E+003  0.0000000000000E+000
! 5 Coefficients (diag)
 0.0000000000000E+000  0.0000000000000E+000
 0.7774355139577E+000  0.6289626552009E+000
 0.0000000000000E+000  0.0000000000000E+000
! 6 Hopping Probabilities (diag)
 0.0000000000000E+000
 0.0000000000000E+000
 0.0000000000000E+000
! 7 Ekin (a.u.)
 0.2320373512492E-001
! 8 states (diag, MCH)
           2            2
! 9 Random number
 0.9033374075329E+000
! 10 Runtime (sec)
           3
! 11 Geometry in a.u.
 0.5954332987648E-004 -0.1037832401902E+000 -0.2716785540645E-001
 0.2532070301433E+001  0.1030851141366E+000  0.2740662793781E-001
-0.1183327398175E+001  0.1612985476436E+001 -0.2050195652609E+000
 0.3450643372583E+001  0.1991115564790E+001  0.2106841619523E+000
 0.3697790327501E+001 -0.1604791290494E+001 -0.4224261437829E+000
-0.7997239208142E+000 -0.1990871548447E+001  0.4139416879848E+000
! 12 Velocities in a.u.
 0.7788488703902E-005  0.7888735968509E-004  0.1076390142122E-003
-0.1015887730391E-003 -0.2048441592965E-003 -0.1292671168740E-003
-0.1133990041455E-003 -0.7909901866255E-003 -0.2149774875744E-002
 0.1708631225548E-002  0.2261339679746E-002  0.2352278268743E-002
 0.3807121194670E-003  0.3866182107404E-003 -0.1427635660676E-002
-0.8582506441886E-003 -0.3561071888756E-003  0.1482845538887E-002
! 0 Step
           9
! 1 Hamiltonian (MCH) in a.u.
-0.7797944641113E+002  0.0000000000000E+000     0.0000000000000E+000  0.0000000000000E+000     0.0000000000000E+000  0.0000000000000E+000
 0.0000000000000E+000  0.0000000000000E+000    -0.7768575286865E+002  0.0000000000000E+000     0.0000000000000E+000  0.0000000000000E+000
 0.0000000000000E+000  0.0000000000000E+000     0.0000000000000E+000  0.0000000000000E+000    -0.7759781646729E+002  0.0000000000000E+000
! 2 U matrix
 0.1000000000000E+001  0.0000000000000E+000     0.0000000000000E+000  0.0000000000000E+000     0.0000000000000E+000  0.0000000000000E+000
 0.0000000000000E+000  0.0000000000000E+000     0.1000000000000E+001  0.0000000000000E+000     0.0000000000000E+000  0.0000000000000E+000
 0.0000000000000E+000  0.0000000000000E+000     0.0000000000000E+000  0.0000000000000E+000     0.1000000000000E+001  0.0000000000000E+000
! 3 Dipole moments X (MCH) in a.u.
-0.1230000000000E+003  0.0000000000000E+000    -0.1230000000000E+003  0.0000000000000E+000    -0.1230000000000E+003  0.0000000000000E+000
-0.1230000000000E+003  0.0000000000000E+000    -0.1230000000000E+003  0.0000000000000E+000    -0.1230000000000E+003  0.0000000000000E+000
-0.1230000000000E+003  0.0000000000000E+000    -0.1230000000000E+003  0.0000000000000E+000    -0.1230000000000E+003  0.0000000000000E+000
! 3 Dipole moments Y (MCH) in a.u.
-0.1230000000000E+003  0.0000000000000E+000    -0.1230000000000E+003  0.0000000000000E+000    -0.1230000000000E+003  0.0000000000000E+000
-0.1230000000000E+003  0.0000000000000E+000    -0.1230000000000E+003  0.0000000000000E+000    -0.1230000000000E+003  0.0000000000000E+000
-0.1230000000000E+003  0.0000000000000E+000    -0.1230000000000E+003  0.0000000000000E+000    -0.1230000000000E+003  0.0000000000000E+000
! 3 Dipole moments Z (MCH) in a.u.
-0.1230000000000E+003  0.0000000000000E+000    -0.1230000000000E+003  0.0000000000000E+000    -0.1230000000000E+003  0.0000000000000E+000
-0.1230000000000E+003  0.0000000000000E+000    -0.1230000000000E+003  0.0000000000000E+000    -0.1230000000000E+003  0.0000000000000E+000
-0.1230000000000E+003  0.0000000000000E+000    -0.1230000000000E+003  0.0000000000000E+000    -0.1230000000000E+003  0.0000000000000E+000
! 5 Coefficients (diag)
 0.0000000000000E+000  0.0000000000000E+000
-0.4540500711874E+000 -0.8909761685111E+000
 0.0000000000000E+000  0.0000000000000E+000
! 6 Hopping Probabilities (diag)
 0.0000000000000E+000
 0.0000000000000E+000
 0.0000000000000E+000
! 7 Ekin (a.u.)
 0.2772994064236E-001
! 8 states (diag, MCH)
           2            2
! 9 Random number
 0.5800066373227E+000
! 10 Runtime (sec)
           2
! 11 Geometry in a.u.
 0.6023178863117E-004 -0.1021521307762E+000 -0.2481041601779E-001
 0.2530167980124E+001  0.9888411686449E-001  0.2460507266477E-001
-0.1186175314007E+001  0.1595811581715E+001 -0.2528779973952E+000
 0.3486385374024E+001  0.2036950825514E+001  0.2626945571826E+000
 0.3706206286986E+001 -0.1595993530661E+001 -0.4546330321979E+000
-0.8183747269890E+000 -0.1997708721068E+001  0.4472885500949E+000
! 12 Velocities in a.u.
-0.5588449096014E-005  0.7717938766538E-004  0.1205174230448E-003
-0.8309739196544E-004 -0.1986634538689E-003 -0.1420313810208E-003
-0.1686006815328E-003 -0.8667353831532E-003 -0.2491643669294E-002
 0.1735609098268E-002  0.2136736173092E-002  0.2688225140366E-002
 0.4355394820295E-003  0.4679501116867E-003 -0.1696899133344E-002
-0.9457962419456E-003 -0.2903860207754E-003  0.1756670806833E-002
! 0 Step
          10
! 1 Hamiltonian (MCH) in a.u.
-0.7797494506836E+002  0.0000000000000E+000     0.0000000000000E+000  0.0000000000000E+000     0.0000000000000E+000  0.0000000000000E+000
 0.0000000000000E+000  0.0000000000000E+000    -0.7769104003906E+002  0.0000000000000E+000     0.0000000000000E+000  0.0000000000000E+000
 0.0000000000000E+000  0.0000000000000E+000     0.0000000000000E+000  0.0000000000000E+000    -0.7760842895508E+002  0.0000000000000E+000
! 2 U matrix
 0.1000000000000E+001  0.0000000000000E+000     0.0000000000000E+000  0.0000000000000E+000     0.0000000000000E+000  0.0000000000000E+000
 0.0000000000000E+000  0.0000000000000E+000     0.1000000000000E+001  0.0000000000000E+000     0.0000000000000E+000  0.0000000000000E+000
 0.0000000000000E+000  0.0000000000000E+000     0.0000000000000E+000  0.0000000000000E+000     0.1000000000000E+001  0.0000000000000E+000
! 3 Dipole moments X (MCH) in a.u.
-0.1230000000000E+003  0.0000000000000E+000    -0.1230000000000E+003  0.0000000000000E+000    -0.1230000000000E+003  0.0000000000000E+000
-0.1230000000000E+003  0.0000000000000E+000    -0.1230000000000E+003  0.0000000000000E+000    -0.1230000000000E+003  0.0000000000000E+000
-0.1230000000000E+003  0.0000000000000E+000    -0.1230000000000E+003  0.0000000000000E+000    -0.1230000000000E+003  0.0000000000000E+000
! 3 Dipole moments Y (MCH) in a.u.
-0.1230000000000E+003  0.0000000000000E+000    -0.1230000000000E+003  0.0000000000000E+000    -0.1230000000000E+003  0.0000000000000E+000
-0.1230000000000E+003  0.0000000000000E+000    -0.1230000000000E+003  0.0000000000000E+000    -0.1230000000000E+003  0.0000000000000E+000
-0.1230000000000E+003  0.0000000000000E+000    -0.1230000000000E+003  0.0000000000000E+000    -0.1230000000000E+003  0.0000000000000E+000
! 3 Dipole moments Z (MCH) in a.u.
-0.1230000000000E+003  0.0000000000000E+000    -0.1230000000000E+003  0.0000000000000E+000    -0.1230000000000E+003  0.0000000000000E+000
-0.1230000000000E+003  0.0000000000000E+000    -0.1230000000000E+003  0.0000000000000E+000    -0.1230000000000E+003  0.0000000000000E+000
-0.1230000000000E+003  0.0000000000000E+000    -0.1230000000000E+003  0.0000000000000E+000    -0.1230000000000E+003  0.0000000000000E+000
! 5 Coefficients (diag)
 0.0000000000000E+000  0.0000000000000E+000
-0.4951459717099E-001  0.9987734000598E+000
 0.0000000000000E+000  0.0000000000000E+000
! 6 Hopping Probabilities (diag)
 0.0000000000000E+000
 0.0000000000000E+000
 0.0000000000000E+000
! 7 Ekin (a.u.)
 0.3302525622474E-001
! 8 states (diag, MCH)
           2            2
! 9 Random number
 0.3818383464095E+000
! 10 Runtime (sec)
           3
! 11 Geometry in a.u.
-0.1714908305665E-003 -0.1005925383109E+000 -0.2218549962696E-001
 0.2528634941128E+001  0.9487209412220E-001  0.2153485558972E-001
-0.1190297581895E+001  0.1577153445378E+001 -0.3080275364114E+000
 0.3522395836278E+001  0.2079451172641E+001  0.3218190810892E+000
 0.3715796127830E+001 -0.1585445590225E+001 -0.4925782843667E+000
-0.8388244363515E+000 -0.2002876505343E+001  0.4865648716371E+000
! 12 Velocities in a.u.
-0.1414127819375E-004  0.7192674752452E-004  0.1334599433309E-003
-0.6701414463654E-004 -0.1874415821046E-003 -0.1555132014147E-003
-0.2367744328654E-003 -0.9352425185305E-003 -0.2850780888352E-002
 0.1742129046467E-002  0.1950752282596E-002  0.3037751381682E-002
 0.4946796135160E-003  0.5558907083647E-003 -0.1977290152050E-002
-0.1033012578333E-002 -0.1949630171653E-003  0.2053098969788E-002
! 0 Step
          11
! 1 Hamiltonian (MCH) in a.u.
-0.7796924591064E+002  0.0000000000000E+000     0.0000000000000E+000  0.0000000000000E+000     0.0000000000000E+000  0.0000000000000E+000
 0.0000000000000E+000  0.0000000000000E+000    -0.7769724273682E+002  0.0000000000000E+000     0.0000000000000E+000  0.0000000000000E+000
 0.0000000000000E+000  0.0000000000000E+000     0.0000000000000E+000  0.0000000000000E+000    -0.7762047576904E+002  0.0000000000000E+000
! 2 U matrix
 0.1000000000000E+001  0.0000000000000E+000     0.0000000000000E+000  0.0000000000000E+000     0.0000000000000E+000  0.0000000000000E+000
 0.0000000000000E+000  0.0000000000000E+000     0.1000000000000E+001  0.0000000000000E+000     0.0000000000000E+000  0.0000000000000E+000
 0.0000000000000E+000  0.0000000000000E+000     0.0000000000000E+000  0.0000000000000E+000     0.1000000000000E+001  0.0000000000000E+000
! 3 Dipole moments X (MCH) in a.u.
-0.1230000000000E+003  0.0000000000000E+000    -0.1230000000000E+003  0.0000000000000E+000    -0.1230000000000E+003  0.0000000000000E+000
-0.1230000000000E+003  0.0000000000000E+000    -0.1230000000000E+003  0.0000000000000E+000    -0.1230000000000E+003  0.0000000000000E+000
-0.1230000000000E+003  0.0000000000000E+000    -0.1230000000000E+003  0.0000000000000E+000    -0.1230000000000E+003  0.0000000000000E+000
! 3 Dipole moments Y (MCH) in a.u.
-0.1230000000000E+003  0.0000000000000E+000    -0.1230000000000E+003  0.0000000000000E+000    -0.1230000000000E+003  0.0000000000000E+000
-0.1230000000000E+003  0.0000000000000E+000    -0.1230000000000E+003  0.0000000000000E+000    -0.1230000000000E+003  0.0000000000000E+000
-0.1230000000000E+003  0.0000000000000E+000    -0.1230000000000E+003  0.0000000000000E+000    -0.1230000000000E+003  0.0000000000000E+000
! 3 Dipole moments Z (MCH) in a.u.
-0.1230000000000E+003  0.0000000000000E+000    -0.1230000000000E+003  0.0000000000000E+000    -0.1230000000000E+003  0.0000000000000E+000
-0.1230000000000E+003  0.0000000000000E+000    -0.1230000000000E+003  0.0000000000000E+000    -0.1230000000000E+003  0.0000000000000E+000
-0.1230000000000E+003  0.0000000000000E+000    -0.1230000000000E+003  0.0000000000000E+000    -0.1230000000000E+003  0.0000000000000E+000
! 5 Coefficients (diag)
 0.0000000000000E+000  0.0000000000000E+000
 0.6361558664908E+000 -0.7715605702272E+000
 0.0000000000000E+000  0.0000000000000E+000
! 6 Hopping Probabilities (diag)
 0.0000000000000E+000
 0.0000000000000E+000
 0.0000000000000E+000
! 7 Ekin (a.u.)
 0.3921397273239E-001
! 8 states (diag, MCH)
           2            2
! 9 Random number
 0.4075631499893E+000
! 10 Runtime (sec)
           3
! 11 Geometry in a.u.
-0.5243880726133E-003 -0.9917858025400E-001 -0.1929299867525E-001
 0.2527397523352E+001  0.9113502444017E-001  0.1817594334653E-001
-0.1195963894232E+001  0.1557147371597E+001 -0.3707331943973E+000
 0.3558407381333E+001  0.2117597603914E+001  0.3882793711521E+000
 0.3726657021570E+001 -0.1573012245353E+001 -0.5363769225658E+000
-0.8610808856498E+000 -0.2005768759947E+001  0.5321664810990E+000
! 12 Velocities in a.u.
-0.1727617761826E-004  0.6311994662170E-004  0.1462646691198E-003
-0.5504770453533E-004 -0.1727088623207E-003 -0.1700423011367E-003
-0.3175099995612E-003 -0.9987371197760E-003 -0.3216602603792E-002
 0.1741595133116E-002  0.1723935602927E-002  0.3393236800919E-002
 0.5585857174800E-003  0.6511167979133E-003 -0.2256797545753E-002
-0.1120882958568E-002 -0.7048916000752E-004  0.2363489790758E-002
! 0 Step
          12
! 1 Hamiltonian (MCH) in a.u.
-0.7796224212646E+002  0.0000000000000E+000     0.0000000000000E+000  0.0000000000000E+000     0.0000000000000E+000  0.0000000000000E+000
 0.0000000000000E+000  0.0000000000000E+000    -0.7770420837402E+002  0.0000000000000E+000     0.0000000000000E+000  0.0000000000000E+000
 0.0000000000000E+000  0.0000000000000E+000     0.0000000000000E+000  0.0000000000000E+000    -0.7763393402100E+002  0.0000000000000E+000
! 2 U matrix
 0.1000000000000E+001  0.0000000000000E+000     0.0000000000000E+000  0.0000000000000E+000     0.0000000000000E+000  0.0000000000000E+000
 0.0000000000000E+000  0.0000000000000E+000     0.1000000000000E+001  0.0000000000000E+000     0.0000000000000E+000  0.0000000000000E+000
 0.0000000000000E+000  0.0000000000000E+000     0.0000000000000E+000  0.0000000000000E+000     0.1000000000000E+001  0.0000000000000E+000
! 3 Dipole moments X (MCH) in a.u.
-0.1230000000000E+003  0.0000000000000E+000    -0.1230000000000E+003  0.0000000000000E+000    -0.1230000000000E+003  0.0000000000000E+000
-0.1230000000000E+003  0.0000000000000E+000    -0.1230000000000E+003  0.0000000000000E+000    -0.1230000000000E+003  0.0000000000000E+000
-0.1230000000000E+003  0.0000000000000E+000    -0.1230000000000E+003  0.0000000000000E+000    -0.1230000000000E+003  0.0000000000000E+000
! 3 Dipole moments Y (MCH) in a.u.
-0.1230000000000E+003  0.0000000000000E+000    -0.1230000000000E+003  0.0000000000000E+000    -0.1230000000000E+003  0.0000000000000E+000
-0.1230000000000E+003  0.0000000000000E+000    -0.1230000000000E+003  0.0000000000000E+000    -0.1230000000000E+003  0.0000000000000E+000
-0.1230000000000E+003  0.0000000000000E+000    -0.1230000000000E+003  0.0000000000000E+000    -0.1230000000000E+003  0.0000000000000E+000
! 3 Dipole moments Z (MCH) in a.u.
-0.1230000000000E+003  0.0000000000000E+000    -0.1230000000000E+003  0.0000000000000E+000    -0.1230000000000E+003  0.0000000000000E+000
-0.1230000000000E+003  0.0000000000000E+000    -0.1230000000000E+003  0.0000000000000E+000    -0.1230000000000E+003  0.0000000000000E+000
-0.1230000000000E+003  0.0000000000000E+000    -0.1230000000000E+003  0.0000000000000E+000    -0.1230000000000E+003  0.0000000000000E+000
! 5 Coefficients (diag)
 0.0000000000000E+000  0.0000000000000E+000
-0.9945025008178E+000  0.1047128257051E+000
 0.0000000000000E+000  0.0000000000000E+000
! 6 Hopping Probabilities (diag)
 0.0000000000000E+000
 0.0000000000000E+000
 0.0000000000000E+000
! 7 Ekin (a.u.)
 0.4613120369491E-001
! 8 states (diag, MCH)
           2            2
! 9 Random number
 0.2147309228291E+000
! 10 Runtime (sec)
           2
! 11 Geometry in a.u.
-0.8857117392877E-003 -0.9798307303271E-001 -0.1613871733514E-001
 0.2526359193424E+001  0.8773207256670E-001  0.1450507333566E-001
-0.1203423881325E+001  0.1535864281246E+001 -0.4410063055257E+000
 0.3594395770875E+001  0.2150721038007E+001  0.4621001504907E+000
 0.3738888828516E+001 -0.1558527527598E+001 -0.5858773942476E+000
-0.8851632772067E+000 -0.2005790624023E+001  0.5842747854508E+000
! 12 Velocities in a.u.
-0.1594472399838E-004  0.5097588872163E-004  0.1586662037626E-003
-0.4706386079575E-004 -0.1553395958847E-003 -0.1855772056405E-003
-0.4085950083983E-003 -0.1061484086681E-002 -0.3572902196407E-002
 0.1741843453709E-002  0.1467321158279E-002  0.3740045146247E-002
 0.6264266819532E-003  0.7556093625075E-003 -0.2518982023391E-002
-0.1208885285369E-002  0.8211779706658E-004  0.2672501710405E-002
! 0 Step
          13
! 1 Hamiltonian (MCH) in a.u.
-0.7795398712158E+002  0.0000000000000E+000     0.0000000000000E+000  0.0000000000000E+000     0.0000000000000E+000  0.0000000000000E+000
 0.0000000000000E+000  0.0000000000000E+000    -0.7771147155762E+002  0.0000000000000E+000     0.0000000000000E+000  0.0000000000000E+000
 0.0000000000000E+000  0.0000000000000E+000     0.0000000000000E+000  0.0000000000000E+000    -0.7764859008789E+002  0.0000000000000E+000
! 2 U matrix
 0.1000000000000E+001  0.0000000000000E+000     0.0000000000000E+000  0.0000000000000E+000     0.0000000000000E+000  0.0000000000000E+000
 0.0000000000000E+000  0.0000000000000E+000     0.1000000000000E+001  0.0000000000000E+000     0.0000000000000E+000  0.0000000000000E+000
 0.0000000000000E+000  0.0000000000000E+000     0.0000000000000E+000  0.0000000000000E+000     0.1000000000000E+001  0.0000000000000E+000
! 3 Dipole moments X (MCH) in a.u.
-0.1230000000000E+003  0.0000000000000E+000    -0.1230000000000E+003  0.0000000000000E+000    -0.1230000000000E+003  0.0000000000000E+000
-0.1230000000000E+003  0.0000000000000E+000    -0.1230000000000E+003  0.0000000000000E+000    -0.1230000000000E+003  0.0000000000000E+000
-0.1230000000000E+003  0.0000000000000E+000    -0.1230000000000E+003  0.0000000000000E+000    -0.1230000000000E+003  0.0000000000000E+000
! 3 Dipole moments Y (MCH) in a.u.
-0.1230000000000E+003  0.0000000000000E+000    -0.1230000000000E+003  0.0000000000000E+000    -0.1230000000000E+003  0.0000000000000E+000
-0.1230000000000E+003  0.0000000000000E+000    -0.1230000000000E+003  0.0000000000000E+000    -0.1230000000000E+003  0.0000000000000E+000
-0.1230000000000E+003  0.0000000000000E+000    -0.1230000000000E+003  0.0000000000000E+000    -0.1230000000000E+003  0.0000000000000E+000
! 3 Dipole moments Z (MCH) in a.u.
-0.1230000000000E+003  0.0000000000000E+000    -0.1230000000000E+003  0.0000000000000E+000    -0.1230000000000E+003  0.0000000000000E+000
-0.1230000000000E+003  0.0000000000000E+000    -0.1230000000000E+003  0.0000000000000E+000    -0.1230000000000E+003  0.0000000000000E+000
-0.1230000000000E+003  0.0000000000000E+000    -0.1230000000000E+003  0.0000000000000E+000    -0.1230000000000E+003  0.0000000000000E+000
! 5 Coefficients (diag)
 0.0000000000000E+000  0.0000000000000E+000
 0.6831980447502E+000  0.7302331351353E+000
 0.0000000000000E+000  0.0000000000000E+000
! 6 Hopping Probabilities (diag)
 0.0000000000000E+000
 0.0000000000000E+000
 0.0000000000000E+000
! 7 Ekin (a.u.)
 0.5336799147006E-001
! 8 states (diag, MCH)
           2            2
! 9 Random number
 0.5081202118624E+000
! 10 Runtime (sec)
           3
! 11 Geometry in a.u.
-0.1183564860157E-002 -0.9707116700726E-001 -0.1273351990983E-001
 0.2525451838712E+001  0.8471307221296E-001  0.1050392680565E-001
-0.1212855773017E+001  0.1513264161680E+001 -0.5184418779891E+000
 0.3630417581844E+001  0.2178258675721E+001  0.5428979738336E+000
 0.3752554360896E+001 -0.1541774316602E+001 -0.6405150988194E+000
-0.9110578635516E+000 -0.2002373897441E+001  0.6426513720477E+000
! 12 Velocities in a.u.
-0.1173848107102E-004  0.3596368395618E-004  0.1704385461536E-003
-0.4179506749741E-004 -0.1354275449898E-003 -0.2017586347470E-003
-0.5065652491429E-003 -0.1128938040899E-002 -0.3902766901326E-002
 0.1743309975430E-002  0.1180313879491E-002  0.4060425602475E-002
 0.6963496498627E-003  0.8721339682055E-003 -0.2747409500943E-002
-0.1295205990181E-002  0.2616694496701E-003  0.2962950621624E-002
! 0 Step
          14
! 1 Hamiltonian (MCH) in a.u.
-0.7794414520264E+002  0.0000000000000E+000     0.0000000000000E+000  0.0000000000000E+000     0.0000000000000E+000  0.0000000000000E+000
 0.0000000000000E+000  0.0000000000000E+000    -0.7771859741211E+002  0.0000000000000E+000     0.0000000000000E+000  0.0000000000000E+000
 0.0000000000000E+000  0.0000000000000E+000     0.0000000000000E+000  0.0000000000000E+000    -0.7766410827637E+002  0.0000000000000E+000
! 2 U matrix
 0.1000000000000E+001  0.0000000000000E+000     0.0000000000000E+000  0.0000000000000E+000     0.0000000000000E+000  0.0000000000000E+000
 0.0000000000000E+000  0.0000000000000E+000     0.1000000000000E+001  0.0000000000000E+000     0.0000000000000E+000  0.0000000000000E+000
 0.0000000000000E+000  0.0000000000000E+000     0.0000000000000E+000  0.0000000000000E+000     0.1000000000000E+001  0.0000000000000E+000
! 3 Dipole moments X (MCH) in a.u.
-0.1230000000000E+003  0.0000000000000E+000    -0.1230000000000E+003  0.0000000000000E+000    -0.1230000000000E+003  0.0000000000000E+000
-0.1230000000000E+003  0.0000000000000E+000    -0.1230000000000E+003  0.0000000000000E+000    -0.1230000000000E+003  0.0000000000000E+000
-0.1230000000000E+003  0.0000000000000E+000    -0.1230000000000E+003  0.0000000000000E+000    -0.1230000000000E+003  0.0000000000000E+000
! 3 Dipole moments Y (MCH) in a.u.
-0.1230000000000E+003  0.0000000000000E+000    -0.1230000000000E+003  0.0000000000000E+000    -0.1230000000000E+003  0.0000000000000E+000
-0.1230000000000E+003  0.0000000000000E+000    -0.1230000000000E+003  0.0000000000000E+000    -0.1230000000000E+003  0.0000000000000E+000
-0.1230000000000E+003  0.0000000000000E+000    -0.1230000000000E+003  0.0000000000000E+000    -0.1230000000000E+003  0.0000000000000E+000
! 3 Dipole moments Z (MCH) in a.u.
-0.1230000000000E+003  0.0000000000000E+000    -0.1230000000000E+003  0.0000000000000E+000    -0.1230000000000E+003  0.0000000000000E+000
-0.1230000000000E+003  0.0000000000000E+000    -0.1230000000000E+003  0.0000000000000E+000    -0.1230000000000E+003  0.0000000000000E+000
-0.1230000000000E+003  0.0000000000000E+000    -0.1230000000000E+003  0.0000000000000E+000    -0.1230000000000E+003  0.0000000000000E+000
! 5 Coefficients (diag)
 0.0000000000000E+000  0.0000000000000E+000
 0.3146557322359E+000 -0.9492058629039E+000
 0.0000000000000E+000  0.0000000000000E+000
! 6 Hopping Probabilities (diag)
 0.0000000000000E+000
 0.0000000000000E+000
 0.0000000000000E+000
! 7 Ekin (a.u.)
 0.6045998400853E-001
! 8 states (diag, MCH)
           2            2
! 9 Random number
 0.1236171438851E+000
! 10 Runtime (sec)
           2
! 11 Geometry in a.u.
-0.1370996667633E-002 -0.9649628494777E-001 -0.9092553767895E-002
 0.2524631327935E+001  0.8213331186941E-001  0.6164094292986E-002
-0.1224365984408E+001  0.1489192432225E+001 -0.6023520490336E+000
 0.3666466599408E+001  0.2199516834752E+001  0.6299637212223E+000
 0.3767676879363E+001 -0.1522472311620E+001 -0.6994590761307E+000
-0.9387088715927E+000 -0.1994972849613E+001  0.7067672332730E+000
! 12 Velocities in a.u.
-0.5533156781133E-005  0.1878017899617E-004  0.1813182740152E-003
-0.3820428184053E-004 -0.1125394443881E-003 -0.2178927598344E-003
-0.6075862382154E-003 -0.1206313855059E-002 -0.4193768816796E-002
 0.1740206285454E-002  0.8539206558010E-003  0.4338492270439E-002
 0.7661741057375E-003  0.1003272808448E-002 -0.2931315887849E-002
-0.1377633035045E-002  0.4663255287717E-003  0.3222401917421E-002
! 0 Step
          15
! 1 Hamiltonian (MCH) in a.u.
-0.7793254089355E+002  0.0000000000000E+000     0.0000000000000E+000  0.0000000000000E+000     0.0000000000000E+000  0.0000000000000E+000
 0.0000000000000E+000  0.0000000000000E+000    -0.7772514343262E+002  0.0000000000000E+000     0.0000000000000E+000  0.0000000000000E+000
 0.0000000000000E+000  0.0000000000000E+000     0.0000000000000E+000  0.0000000000000E+000    -0.7767991638184E+002  0.0000000000000E+000
! 2 U matrix
 0.1000000000000E+001  0.0000000000000E+000     0.0000000000000E+000  0.0000000000000E+000     0.0000000000000E+000  0.0000000000000E+000
 0.0000000000000E+000  0.0000000000000E+000     0.1000000000000E+001  0.0000000000000E+000     0.0000000000000E+000  0.0000000000000E+000
 0.0000000000000E+000  0.0000000000000E+000     0.0000000000000E+000  0.0000000000000E+000     0.1000000000000E+001  0.0000000000000E+000
! 3 Dipole moments X (MCH) in a.u.
-0.1230000000000E+003  0.0000000000000E+000    -0.1230000000000E+003  0.0000000000000E+000    -0.1230000000000E+003  0.0000000000000E+000
-0.1230000000000E+003  0.0000000000000E+000    -0.1230000000000E+003  0.0000000000000E+000    -0.1230000000000E+003  0.0000000000000E+000
-0.1230000000000E+003  0.0000000000000E+000    -0.1230000000000E+003  0.0000000000000E+000    -0.1230000000000E+003  0.0000000000000E+000
! 3 Dipole moments Y (MCH) in a.u.
-0.1230000000000E+003  0.0000000000000E+000    -0.1230000000000E+003  0.0000000000000E+000    -0.1230000000000E+003  0.0000000000000E+000
-0.1230000000000E+003  0.0000000000000E+000    -0.1230000000000E+003  0.0000000000000E+000    -0.1230000000000E+003  0.0000000000000E+000
-0.1230000000000E+003  0.0000000000000E+000    -0.1230000000000E+003  0.0000000000000E+000    -0.1230000000000E+003  0.0000000000000E+000
! 3 Dipole moments Z (MCH) in a.u.
-0.1230000000000E+003  0.0000000000000E+000    -0.1230000000000E+003  0.0000000000000E+000    -0.1230000000000E+003  0.0000000000000E+000
-0.1230000000000E+003  0.0000000000000E+000    -0.1230000000000E+003  0.0000000000000E+000    -0.1230000000000E+003  0.0000000000000E+000
-0.1230000000000E+003  0.0000000000000E+000    -0.1230000000000E+003  0.0000000000000E+000    -0.1230000000000E+003  0.0000000000000E+000
! 5 Coefficients (diag)
 0.0000000000000E+000  0.0000000000000E+000
-0.9993002738953E+000  0.3740270836102E-001
 0.0000000000000E+000  0.0000000000000E+000
! 6 Hopping Probabilities (diag)
 0.0000000000000E+000
 0.0000000000000E+000
 0.0000000000000E+000
! 7 Ekin (a.u.)
 0.6697428430549E-001
! 8 states (diag, MCH)
           2            2
! 9 Random number
 0.9763245262110E+000
! 10 Runtime (sec)
           3
! 11 Geometry in a.u.
-0.1412313160368E-002 -0.9629476861608E-001 -0.5237573451276E-002
 0.2523872421233E+001  0.8006053702758E-001  0.1495940874302E-002
-0.1237974222525E+001  0.1463393490239E+001 -0.6918180403257E+000
 0.3702360099571E+001  0.2213560928351E+001  0.7222572024976E+000
 0.3784229050641E+001 -0.1500297640871E+001 -0.7616997233023E+000
-0.9680111051723E+000 -0.1983095359661E+001  0.7758698927518E+000
! 12 Velocities in a.u.
 0.2118501958531E-005  0.3570475984332E-006  0.1909853756588E-003
-0.3526730169249E-004 -0.8606501859949E-004 -0.2329322263984E-003
-0.7068820788581E-003 -0.1299164704755E-002 -0.4436956488363E-002
 0.1722776655876E-002  0.4758839509549E-003  0.4559321295867E-002
 0.8331253057210E-003  0.1151200340415E-002 -0.3064926740806E-002
-0.1454029546178E-002  0.6933489498706E-003  0.3442386773996E-002
! 0 Step
          16
! 1 Hamiltonian (MCH) in a.u.
-0.7791947937012E+002  0.0000000000000E+000     0.0000000000000E+000  0.0000000000000E+000     0.0000000000000E+000  0.0000000000000E+000
 0.0000000000000E+000  0.0000000000000E+000    -0.7773084259033E+002  0.0000000000000E+000     0.0000000000000E+000  0.0000000000000E+000
 0.0000000000000E+000  0.0000000000000E+000     0.0000000000000E+000  0.0000000000000E+000    -0.7769522094727E+002  0.0000000000000E+000
! 2 U matrix
 0.1000000000000E+001  0.0000000000000E+000     0.0000000000000E+000  0.0000000000000E+000     0.0000000000000E+000  0.0000000000000E+000
 0.0000000000000E+000  0.0000000000000E+000     0.1000000000000E+001  0.0000000000000E+000     0.0000000000000E+000  0.0000000000000E+000
 0.0000000000000E+000  0.0000000000000E+000     0.0000000000000E+000  0.0000000000000E+000     0.1000000000000E+001  0.0000000000000E+000
! 3 Dipole moments X (MCH) in a.u.
-0.1230000000000E+003  0.0000000000000E+000    -0.1230000000000E+003  0.0000000000000E+000    -0.1230000000000E+003  0.0000000000000E+000
-0.1230000000000E+003  0.0000000000000E+000    -0.1230000000000E+003  0.0000000000000E+000    -0.1230000000000E+003  0.0000000000000E+000
-0.1230000000000E+003  0.0000000000000E+000    -0.1230000000000E+003  0.0000000000000E+000    -0.1230000000000E+003  0.0000000000000E+000
! 3 Dipole moments Y (MCH) in a.u.
-0.1230000000000E+003  0.0000000000000E+000    -0.1230000000000E+003  0.0000000000000E+000    -0.1230000000000E+003  0.0000000000000E+000
-0.1230000000000E+003  0.0000000000000E+000    -0.1230000000000E+003  0.0000000000000E+000    -0.1230000000000E+003  0.0000000000000E+000
-0.1230000000000E+003  0.0000000000000E+000    -0.1230000000000E+003  0.0000000000000E+000    -0.1230000000000E+003  0.0000000000000E+000
! 3 Dipole moments Z (MCH) in a.u.
-0.1230000000000E+003  0.0000000000000E+000    -0.1230000000000E+003  0.0000000000000E+000    -0.1230000000000E+003  0.0000000000000E+000
-0.1230000000000E+003  0.0000000000000E+000    -0.1230000000000E+003  0.0000000000000E+000    -0.1230000000000E+003  0.0000000000000E+000
-0.1230000000000E+003  0.0000000000000E+000    -0.1230000000000E+003  0.0000000000000E+000    -0.1230000000000E+003  0.0000000000000E+000
! 5 Coefficients (diag)
 0.5339646086712E-005 -0.2035565617554E-004
 0.2654183311125E+000  0.9640061431551E+000
 0.7972664882197E-002  0.1347967508532E-001
! 6 Hopping Probabilities (diag)
 0.2286413218532E-008
 0.0000000000000E+000
 0.3343910228665E-003
! 7 Ekin (a.u.)
 0.7270320352533E-001
! 8 states (diag, MCH)
           2            2
! 9 Random number
 0.3099185511354E+000
! 10 Runtime (sec)
           3
! 11 Geometry in a.u.
-0.1283414887254E-002 -0.9648152410971E-001 -0.1196956051225E-002
 0.2523173329249E+001  0.7857526580439E-001 -0.3465643840345E-002
-0.1253589460334E+001  0.1435483179142E+001 -0.7857819236910E+000
 0.3737688552312E+001  0.2219190530833E+001  0.8184523250698E+000
 0.3802119423661E+001 -0.1474880108563E+001 -0.8261673567673E+000
-0.9988204499017E+000 -0.1966308851825E+001  0.8490802300609E+000
! 12 Velocities in a.u.
 0.9837797092459E-005 -0.1836905988635E-004  0.1992134235390E-003
-0.3092489254173E-004 -0.5542736082107E-004 -0.2456677639047E-003
-0.7985365669328E-003 -0.1416387058850E-002 -0.4629858893381E-002
 0.1679412783699E-002  0.3230101407202E-004  0.4712674011910E-002
 0.8929764336935E-003  0.1320265242739E-002 -0.3149863986826E-002
-0.1522585658624E-002  0.9431551969220E-003  0.3620583496512E-002
! 0 Step
          17
! 1 Hamiltonian (MCH) in a.u.
-0.7790527343750E+002  0.0000000000000E+000     0.0000000000000E+000  0.0000000000000E+000     0.0000000000000E+000  0.0000000000000E+000
 0.0000000000000E+000  0.0000000000000E+000    -0.7773599243164E+002  0.0000000000000E+000     0.0000000000000E+000  0.0000000000000E+000
 0.0000000000000E+000  0.0000000000000E+000     0.0000000000000E+000  0.0000000000000E+000    -0.7770888519287E+002  0.0000000000000E+000
! 2 U matrix
 0.1000000000000E+001  0.0000000000000E+000     0.0000000000000E+000  0.0000000000000E+000     0.0000000000000E+000  0.0000000000000E+000
 0.0000000000000E+000  0.0000000000000E+000     0.1000000000000E+001  0.0000000000000E+000     0.0000000000000E+000  0.0000000000000E+000
 0.0000000000000E+000  0.0000000000000E+000     0.0000000000000E+000  0.0000000000000E+000     0.1000000000000E+001  0.0000000000000E+000
! 3 Dipole moments X (MCH) in a.u.
-0.1230000000000E+003  0.0000000000000E+000    -0.1230000000000E+003  0.0000000000000E+000    -0.1230000000000E+003  0.0000000000000E+000
-0.1230000000000E+003  0.0000000000000E+000    -0.1230000000000E+003  0.0000000000000E+000    -0.1230000000000E+003  0.0000000000000E+000
-0.1230000000000E+003  0.0000000000000E+000    -0.1230000000000E+003  0.0000000000000E+000    -0.1230000000000E+003  0.0000000000000E+000
! 3 Dipole moments Y (MCH) in a.u.
-0.1230000000000E+003  0.0000000000000E+000    -0.1230000000000E+003  0.0000000000000E+000    -0.1230000000000E+003  0.0000000000000E+000
-0.1230000000000E+003  0.0000000000000E+000    -0.1230000000000E+003  0.0000000000000E+000    -0.1230000000000E+003  0.0000000000000E+000
-0.1230000000000E+003  0.0000000000000E+000    -0.1230000000000E+003  0.0000000000000E+000    -0.1230000000000E+003  0.0000000000000E+000
! 3 Dipole moments Z (MCH) in a.u.
-0.1230000000000E+003  0.0000000000000E+000    -0.1230000000000E+003  0.0000000000000E+000    -0.1230000000000E+003  0.0000000000000E+000
-0.1230000000000E+003  0.0000000000000E+000    -0.1230000000000E+003  0.0000000000000E+000    -0.1230000000000E+003  0.0000000000000E+000
-0.1230000000000E+003  0.0000000000000E+000    -0.1230000000000E+003  0.0000000000000E+000    -0.1230000000000E+003  0.0000000000000E+000
! 5 Coefficients (diag)
-0.6184000901146E-003 -0.1361328361682E-003
 0.9221236965740E+000 -0.3749979963729E+000
 0.7154416878483E-001 -0.6281259344311E-001
! 6 Hopping Probabilities (diag)
 0.1742758604037E-005
 0.0000000000000E+000
 0.1134212723509E-001
! 7 Ekin (a.u.)
 0.7789973113878E-001
! 8 states (diag, MCH)
           2            2
! 9 Random number
 0.4799634465667E+000
! 10 Runtime (sec)
           2
! 11 Geometry in a.u.
-0.1005605117973E-002 -0.9705417077866E-001  0.2998183064629E-002
 0.2522593943705E+001  0.7776909381090E-001 -0.8660301869701E-002
-0.1270986820860E+001  0.1404838104052E+001 -0.8832227653262E+000
 0.3771789330446E+001  0.2214896296633E+001  0.9170856182310E+000
 0.3821145922766E+001 -0.1445716062570E+001 -0.8919194263368E+000
-0.1030956887320E+001 -0.1944104028552E+001  0.9255497867723E+000
! 12 Velocities in a.u.
 0.1517030936604E-004 -0.3673674710506E-004  0.2059869170169E-003
-0.2186370526423E-004 -0.2032699968359E-004 -0.2550961455525E-003
-0.8740948548754E-003 -0.1573600013407E-002 -0.4779400402983E-002
 0.1597827872542E-002 -0.4905444476512E-003  0.4798875489160E-002
 0.9368269583605E-003  0.1519465298897E-002 -0.3197726805746E-002
-0.1580803636165E-002  0.1224632433194E-002  0.3763421137871E-002
! 0 Step
          18
! 1 Hamiltonian (MCH) in a.u.
-0.7788964080811E+002  0.0000000000000E+000     0.0000000000000E+000  0.0000000000000E+000     0.0000000000000E+000  0.0000000000000E+000
 0.0000000000000E+000  0.0000000000000E+000    -0.7774151611328E+002  0.0000000000000E+000     0.0000000000000E+000  0.0000000000000E+000
 0.0000000000000E+000  0.0000000000000E+000     0.0000000000000E+000  0.0000000000000E+000    -0.7772039794922E+002  0.0000000000000E+000
! 2 U matrix
 0.1000000000000E+001  0.0000000000000E+000     0.0000000000000E+000  0.0000000000000E+000     0.0000000000000E+000  0.0000000000000E+000
 0.0000000000000E+000  0.0000000000000E+000     0.1000000000000E+001  0.0000000000000E+000     0.0000000000000E+000  0.0000000000000E+000
 0.0000000000000E+000  0.0000000000000E+000     0.0000000000000E+000  0.0000000000000E+000     0.1000000000000E+001  0.0000000000000E+000
! 3 Dipole moments X (MCH) in a.u.
-0.1230000000000E+003  0.0000000000000E+000    -0.1230000000000E+003  0.0000000000000E+000    -0.1230000000000E+003  0.0000000000000E+000
-0.1230000000000E+003  0.0000000000000E+000    -0.1230000000000E+003  0.0000000000000E+000    -0.1230000000000E+003  0.0000000000000E+000
-0.1230000000000E+003  0.0000000000000E+000    -0.1230000000000E+003  0.0000000000000E+000    -0.1230000000000E+003  0.0000000000000E+000
! 3 Dipole moments Y (MCH) in a.u.
-0.1230000000000E+003  0.0000000000000E+000    -0.1230000000000E+003  0.0000000000000E+000    -0.1230000000000E+003  0.0000000000000E+000
-0.1230000000000E+003  0.0000000000000E+000    -0.1230000000000E+003  0.0000000000000E+000    -0.1230000000000E+003  0.0000000000000E+000
-0.1230000000000E+003  0.0000000000000E+000    -0.1230000000000E+003  0.0000000000000E+000    -0.1230000000000E+003  0.0000000000000E+000
! 3 Dipole moments Z (MCH) in a.u.
-0.1230000000000E+003  0.0000000000000E+000    -0.1230000000000E+003  0.0000000000000E+000    -0.1230000000000E+003  0.0000000000000E+000
-0.1230000000000E+003  0.0000000000000E+000    -0.1230000000000E+003  0.0000000000000E+000    -0.1230000000000E+003  0.0000000000000E+000
-0.1230000000000E+003  0.0000000000000E+000    -0.1230000000000E+003  0.0000000000000E+000    -0.1230000000000E+003  0.0000000000000E+000
! 5 Coefficients (diag)
-0.1143947145314E-002  0.1610539484499E-002
-0.3619472933684E+000 -0.9009736118824E+000
-0.1754128500192E+000 -0.1626872370855E+000
! 6 Hopping Probabilities (diag)
 0.1292301301427E-004
 0.0000000000000E+000
 0.6131909869488E-001
! 7 Ekin (a.u.)
 0.8361858698722E-001
! 8 states (diag, MCH)
           2            2
! 9 Random number
 0.2093493762828E+000
! 10 Runtime (sec)
           2
! 11 Geometry in a.u.
-0.6562534641425E-003 -0.9800027168690E-001  0.7318825987332E-002
 0.2522269453647E+001  0.7773491972169E-001 -0.1401166883000E-001
-0.1289725742060E+001  0.1370428393507E+001 -0.9833689000690E+000
 0.3803744950916E+001  0.2198910749685E+001  0.1016844428256E+001
 0.3840849136697E+001 -0.1412063326372E+001 -0.9583657744676E+000
-0.1064173043194E+001 -0.1915680865206E+001  0.1004665228339E+001
! 12 Velocities in a.u.
 0.1538131089924E-004 -0.5468902062807E-004  0.2114855148662E-003
-0.4087474791052E-005  0.1911004092733E-004 -0.2610828292156E-003
-0.9185027304138E-003 -0.1801795416291E-002 -0.4904560656775E-002
 0.1464696418104E-002 -0.1107861365988E-002  0.4838737667237E-002
 0.9434410209039E-003  0.1768218205015E-002 -0.3233540254706E-002
-0.1624208398524E-002  0.1565386312844E-002  0.3890348536901E-002
! 0 Step
          19
! 1 Hamiltonian (MCH) in a.u.
-0.7787282562256E+002  0.0000000000000E+000     0.0000000000000E+000  0.0000000000000E+000     0.0000000000000E+000  0.0000000000000E+000
 0.0000000000000E+000  0.0000000000000E+000    -0.7774870300293E+002  0.0000000000000E+000     0.0000000000000E+000  0.0000000000000E+000
 0.0000000000000E+000  0.0000000000000E+000     0.0000000000000E+000  0.0000000000000E+000    -0.7772993469238E+002  0.0000000000000E+000
! 2 U matrix
 0.1000000000000E+001  0.0000000000000E+000     0.0000000000000E+000  0.0000000000000E+000     0.0000000000000E+000  0.0000000000000E+000
 0.0000000000000E+000  0.0000000000000E+000     0.1000000000000E+001  0.0000000000000E+000     0.0000000000000E+000  0.0000000000000E+000
 0.0000000000000E+000  0.0000000000000E+000     0.0000000000000E+000  0.0000000000000E+000     0.1000000000000E+001  0.0000000000000E+000
! 3 Dipole moments X (MCH) in a.u.
-0.1230000000000E+003  0.0000000000000E+000    -0.1230000000000E+003  0.0000000000000E+000    -0.1230000000000E+003  0.0000000000000E+000
-0.1230000000000E+003  0.0000000000000E+000    -0.1230000000000E+003  0.0000000000000E+000    -0.1230000000000E+003  0.0000000000000E+000
-0.1230000000000E+003  0.0000000000000E+000    -0.1230000000000E+003  0.0000000000000E+000    -0.1230000000000E+003  0.0000000000000E+000
! 3 Dipole moments Y (MCH) in a.u.
-0.1230000000000E+003  0.0000000000000E+000    -0.1230000000000E+003  0.0000000000000E+000    -0.1230000000000E+003  0.0000000000000E+000
-0.1230000000000E+003  0.0000000000000E+000    -0.1230000000000E+003  0.0000000000000E+000    -0.1230000000000E+003  0.0000000000000E+000
-0.1230000000000E+003  0.0000000000000E+000    -0.1230000000000E+003  0.0000000000000E+000    -0.1230000000000E+003  0.0000000000000E+000
! 3 Dipole moments Z (MCH) in a.u.
-0.1230000000000E+003  0.0000000000000E+000    -0.1230000000000E+003  0.0000000000000E+000    -0.1230000000000E+003  0.0000000000000E+000
-0.1230000000000E+003  0.0000000000000E+000    -0.1230000000000E+003  0.0000000000000E+000    -0.1230000000000E+003  0.0000000000000E+000
-0.1230000000000E+003  0.0000000000000E+000    -0.1230000000000E+003  0.0000000000000E+000    -0.1230000000000E+003  0.0000000000000E+000
! 5 Coefficients (diag)
 0.3417017459085E-002  0.1654501051095E-002
-0.8973474935152E+000  0.1982803539076E+000
-0.2769860873556E+000  0.2805649143524E+000
! 6 Hopping Probabilities (diag)
 0.3494032378612E-004
 0.0000000000000E+000
 0.1375620592788E+000
! 7 Ekin (a.u.)
 0.9058586061034E-001
! 8 states (diag, MCH)
           2            2
! 9 Random number
 0.2526281596020E+000
! 10 Runtime (sec)
           3
! 11 Geometry in a.u.
-0.3697206017027E-003 -0.9931508999778E-001  0.1174128468970E-001
 0.2522424961884E+001  0.7855912914732E-001 -0.1945382458371E-001
-0.1308958985148E+001  0.1330349407073E+001 -0.1085984038483E+001
 0.3832341891889E+001  0.2169095786298E+001  0.1117125678603E+001
 0.3860149070231E+001 -0.1372615493618E+001 -0.1025598421201E+001
-0.1098103893098E+001 -0.1879388808578E+001  0.1086382138040E+001
! 12 Velocities in a.u.
 0.1268288786465E-004 -0.7203894077531E-004  0.2145787803382E-003
 0.2073854661562E-004  0.6123075987494E-004 -0.2637255822396E-003
-0.9198230885686E-003 -0.2114173461072E-002 -0.4999292947252E-002
 0.1278566961023E-002 -0.1803577991361E-002  0.4843599903136E-002
 0.8965889842821E-003  0.2071122006581E-002 -0.3265679024831E-002
-0.1653571818440E-002  0.1975416350882E-002  0.4006989195648E-002
! 0 Step
          20
! 1 Hamiltonian (MCH) in a.u.
-0.7785828399658E+002  0.0000000000000E+000     0.0000000000000E+000  0.0000000000000E+000     0.0000000000000E+000  0.0000000000000E+000
 0.0000000000000E+000  0.0000000000000E+000    -0.7775626373291E+002  0.0000000000000E+000     0.0000000000000E+000  0.0000000000000E+000
 0.0000000000000E+000  0.0000000000000E+000     0.0000000000000E+000  0.0000000000000E+000    -0.7773692321777E+002  0.0000000000000E+000
! 2 U matrix
 0.1000000000000E+001  0.0000000000000E+000     0.0000000000000E+000  0.0000000000000E+000     0.0000000000000E+000  0.0000000000000E+000
 0.0000000000000E+000  0.0000000000000E+000     0.1000000000000E+001  0.0000000000000E+000     0.0000000000000E+000  0.0000000000000E+000
 0.0000000000000E+000  0.0000000000000E+000     0.0000000000000E+000  0.0000000000000E+000     0.1000000000000E+001  0.0000000000000E+000
! 3 Dipole moments X (MCH) in a.u.
-0.1230000000000E+003  0.0000000000000E+000    -0.1230000000000E+003  0.0000000000000E+000    -0.1230000000000E+003  0.0000000000000E+000
-0.1230000000000E+003  0.0000000000000E+000    -0.1230000000000E+003  0.0000000000000E+000    -0.1230000000000E+003  0.0000000000000E+000
-0.1230000000000E+003  0.0000000000000E+000    -0.1230000000000E+003  0.0000000000000E+000    -0.1230000000000E+003  0.0000000000000E+000
! 3 Dipole moments Y (MCH) in a.u.
-0.1230000000000E+003  0.0000000000000E+000    -0.1230000000000E+003  0.0000000000000E+000    -0.1230000000000E+003  0.0000000000000E+000
-0.1230000000000E+003  0.0000000000000E+000    -0.1230000000000E+003  0.0000000000000E+000    -0.1230000000000E+003  0.0000000000000E+000
-0.1230000000000E+003  0.0000000000000E+000    -0.1230000000000E+003  0.0000000000000E+000    -0.1230000000000E+003  0.0000000000000E+000
! 3 Dipole moments Z (MCH) in a.u.
-0.1230000000000E+003  0.0000000000000E+000    -0.1230000000000E+003  0.0000000000000E+000    -0.1230000000000E+003  0.0000000000000E+000
-0.1230000000000E+003  0.0000000000000E+000    -0.1230000000000E+003  0.0000000000000E+000    -0.1230000000000E+003  0.0000000000000E+000
-0.1230000000000E+003  0.0000000000000E+000    -0.1230000000000E+003  0.0000000000000E+000    -0.1230000000000E+003  0.0000000000000E+000
! 5 Coefficients (diag)
 0.2719090831829E-001 -0.3709910617609E-001
-0.1098203454061E+000  0.8654530434896E+000
 0.3039399173430E+000  0.3800465217847E+000
! 6 Hopping Probabilities (diag)
 0.8299264786131E-002
 0.0000000000000E+000
 0.1564388038356E+000
! 7 Ekin (a.u.)
 0.9782210730381E-001
! 8 states (diag, MCH)
           2            2
! 9 Random number
 0.7379043323277E+000
! 10 Runtime (sec)
           3
! 11 Geometry in a.u.
-0.1319254619616E-003 -0.1009784604322E+000  0.1618980745510E-001
 0.2523126813645E+001  0.8026628342528E-001 -0.2491444658340E-001
-0.1327752491767E+001  0.1283025559158E+001 -0.1190046536213E+001
 0.3856602664986E+001  0.2124348358605E+001  0.1217085500138E+001
 0.3877915356625E+001 -0.1326440298275E+001 -0.1093373430226E+001
-0.1132533973077E+001 -0.1834014440352E+001  0.1170319664626E+001
! 12 Velocities in a.u.
 0.1269648788003E-004 -0.8801210910209E-004  0.2130408071557E-003
 0.4741027500561E-004  0.1039369337607E-003 -0.2617303113839E-003
-0.8821027811202E-003 -0.2470682100044E-002 -0.5021488208152E-002
 0.1039463001071E-002 -0.2525797164499E-002  0.4784853149264E-002
 0.8003071362473E-003  0.2391974511755E-002 -0.3271728318830E-002
-0.1673880016371E-002  0.2414749757643E-002  0.4088531504953E-002
! 0 Step
          21
! 1 Hamiltonian (MCH) in a.u.
-0.7785017395020E+002  0.0000000000000E+000     0.0000000000000E+000  0.0000000000000E+000     0.0000000000000E+000  0.0000000000000E+000
 0.0000000000000E+000  0.0000000000000E+000    -0.7776203155518E+002  0.0000000000000E+000     0.0000000000000E+000  0.0000000000000E+000
 0.0000000000000E+000  0.0000000000000E+000     0.0000000000000E+000  0.0000000000000E+000    -0.7773913574219E+002  0.0000000000000E+000
! 2 U matrix
 0.1000000000000E+001  0.0000000000000E+000     0.0000000000000E+000  0.0000000000000E+000     0.0000000000000E+000  0.0000000000000E+000
 0.0000000000000E+000  0.0000000000000E+000     0.1000000000000E+001  0.0000000000000E+000     0.0000000000000E+000  0.0000000000000E+000
 0.0000000000000E+000  0.0000000000000E+000     0.0000000000000E+000  0.0000000000000E+000     0.1000000000000E+001  0.0000000000000E+000
! 3 Dipole moments X (MCH) in a.u.
-0.1230000000000E+003  0.0000000000000E+000    -0.1230000000000E+003  0.0000000000000E+000    -0.1230000000000E+003  0.0000000000000E+000
-0.1230000000000E+003  0.0000000000000E+000    -0.1230000000000E+003  0.0000000000000E+000    -0.1230000000000E+003  0.0000000000000E+000
-0.1230000000000E+003  0.0000000000000E+000    -0.1230000000000E+003  0.0000000000000E+000    -0.1230000000000E+003  0.0000000000000E+000
! 3 Dipole moments Y (MCH) in a.u.
-0.1230000000000E+003  0.0000000000000E+000    -0.1230000000000E+003  0.0000000000000E+000    -0.1230000000000E+003  0.0000000000000E+000
-0.1230000000000E+003  0.0000000000000E+000    -0.1230000000000E+003  0.0000000000000E+000    -0.1230000000000E+003  0.0000000000000E+000
-0.1230000000000E+003  0.0000000000000E+000    -0.1230000000000E+003  0.0000000000000E+000    -0.1230000000000E+003  0.0000000000000E+000
! 3 Dipole moments Z (MCH) in a.u.
-0.1230000000000E+003  0.0000000000000E+000    -0.1230000000000E+003  0.0000000000000E+000    -0.1230000000000E+003  0.0000000000000E+000
-0.1230000000000E+003  0.0000000000000E+000    -0.1230000000000E+003  0.0000000000000E+000    -0.1230000000000E+003  0.0000000000000E+000
-0.1230000000000E+003  0.0000000000000E+000    -0.1230000000000E+003  0.0000000000000E+000    -0.1230000000000E+003  0.0000000000000E+000
! 5 Coefficients (diag)
-0.1914925908237E-001 -0.9526382555110E-001
 0.5897259570356E+000  0.4185696927174E+000
 0.5970731994600E+000 -0.3332932820227E+000
! 6 Hopping Probabilities (diag)
 0.4071421566173E-001
 0.0000000000000E+000
 0.1104023555346E+000
! 7 Ekin (a.u.)
 0.8069411658116E-001
! 8 states (diag, MCH)
           3            3
! 9 Random number
 0.6540338140905E-001
! 10 Runtime (sec)
           3
! 11 Geometry in a.u.
 0.1551696437913E-003 -0.1029536314582E+000  0.2054868423395E-001
 0.2524384967763E+001  0.8285602472924E-001 -0.3027411509977E-001
-0.1345426325542E+001  0.1228208015983E+001 -0.1293579257194E+001
 0.3875314719885E+001  0.2064675862751E+001  0.1314938079001E+001
 0.3893234866333E+001 -0.1273727982319E+001 -0.1160856163081E+001
-0.1167304391773E+001 -0.1779559737337E+001  0.1255407645379E+001
! 12 Velocities in a.u.
 0.1568964162536E-004 -0.9017102725321E-004  0.1818477109788E-003
 0.6593008161219E-004  0.1292424877074E-003 -0.2226520533915E-003
-0.7328534138123E-003 -0.2471932048009E-002 -0.4363691545678E-002
 0.6541240053919E-003 -0.2844768596121E-002  0.4078139997262E-002
 0.5976278073726E-003  0.2360056184385E-002 -0.2854520652167E-002
-0.1491452492964E-002  0.2491081652617E-002  0.3626283367762E-002
! 0 Step
          22
! 1 Hamiltonian (MCH) in a.u.
-0.7784785461426E+002  0.0000000000000E+000     0.0000000000000E+000  0.0000000000000E+000     0.0000000000000E+000  0.0000000000000E+000
 0.0000000000000E+000  0.0000000000000E+000    -0.7776535797119E+002  0.0000000000000E+000     0.0000000000000E+000  0.0000000000000E+000
 0.0000000000000E+000  0.0000000000000E+000     0.0000000000000E+000  0.0000000000000E+000    -0.7773881530762E+002  0.0000000000000E+000
! 2 U matrix
 0.1000000000000E+001  0.0000000000000E+000     0.0000000000000E+000  0.0000000000000E+000     0.0000000000000E+000  0.0000000000000E+000
 0.0000000000000E+000  0.0000000000000E+000     0.1000000000000E+001  0.0000000000000E+000     0.0000000000000E+000  0.0000000000000E+000
 0.0000000000000E+000  0.0000000000000E+000     0.0000000000000E+000  0.0000000000000E+000     0.1000000000000E+001  0.0000000000000E+000
! 3 Dipole moments X (MCH) in a.u.
-0.1230000000000E+003  0.0000000000000E+000    -0.1230000000000E+003  0.0000000000000E+000    -0.1230000000000E+003  0.0000000000000E+000
-0.1230000000000E+003  0.0000000000000E+000    -0.1230000000000E+003  0.0000000000000E+000    -0.1230000000000E+003  0.0000000000000E+000
-0.1230000000000E+003  0.0000000000000E+000    -0.1230000000000E+003  0.0000000000000E+000    -0.1230000000000E+003  0.0000000000000E+000
! 3 Dipole moments Y (MCH) in a.u.
-0.1230000000000E+003  0.0000000000000E+000    -0.1230000000000E+003  0.0000000000000E+000    -0.1230000000000E+003  0.0000000000000E+000
-0.1230000000000E+003  0.0000000000000E+000    -0.1230000000000E+003  0.0000000000000E+000    -0.1230000000000E+003  0.0000000000000E+000
-0.1230000000000E+003  0.0000000000000E+000    -0.1230000000000E+003  0.0000000000000E+000    -0.1230000000000E+003  0.0000000000000E+000
! 3 Dipole moments Z (MCH) in a.u.
-0.1230000000000E+003  0.0000000000000E+000    -0.1230000000000E+003  0.0000000000000E+000    -0.1230000000000E+003  0.0000000000000E+000
-0.1230000000000E+003  0.0000000000000E+000    -0.1230000000000E+003  0.0000000000000E+000    -0.1230000000000E+003  0.0000000000000E+000
-0.1230000000000E+003  0.0000000000000E+000    -0.1230000000000E+003  0.0000000000000E+000    -0.1230000000000E+003  0.0000000000000E+000
! 5 Coefficients (diag)
-0.6765496124372E-001 -0.4669285544773E-001
 0.5656053195406E+000 -0.2306449636049E+000
-0.3449962076746E+000 -0.7078938645238E+000
! 6 Hopping Probabilities (diag)
 0.0000000000000E+000
 0.0000000000000E+000
 0.0000000000000E+000
! 7 Ekin (a.u.)
 0.8056704274794E-001
! 8 states (diag, MCH)
           3            3
! 9 Random number
 0.4650783185045E+000
! 10 Runtime (sec)
           3
! 11 Geometry in a.u.
-0.4678046530301E-004 -0.1049320402344E+000  0.2425355183192E-001
 0.2526026819535E+001  0.8567861018869E-001 -0.3480250874048E-001
-0.1358428561358E+001  0.1173283481063E+001 -0.1380835392005E+001
 0.3887986769575E+001  0.2000073344153E+001  0.1395967523874E+001
 0.3905246065718E+001 -0.1220555842521E+001 -0.1217237213372E+001
-0.1196142806021E+001 -0.1723263758784E+001  0.1327828251905E+001
! 12 Velocities in a.u.
-0.3417372354003E-004 -0.9945333620045E-004  0.1772118135819E-003
 0.9238914678343E-004  0.1450343818456E-003 -0.2121204677229E-003
-0.5383070356846E-003 -0.2792302310175E-002 -0.4073023917888E-002
 0.5516799494612E-003 -0.3391859558721E-002  0.3713842498284E-002
 0.5904266662992E-003  0.2740526399196E-002 -0.2592787374367E-002
-0.1297475683128E-002  0.2900506521726E-002  0.3367928850285E-002
! 0 Step
          23
! 1 Hamiltonian (MCH) in a.u.
-0.7784801483154E+002  0.0000000000000E+000     0.0000000000000E+000  0.0000000000000E+000     0.0000000000000E+000  0.0000000000000E+000
 0.0000000000000E+000  0.0000000000000E+000    -0.7776737976074E+002  0.0000000000000E+000     0.0000000000000E+000  0.0000000000000E+000
 0.0000000000000E+000  0.0000000000000E+000     0.0000000000000E+000  0.0000000000000E+000    -0.7773892974854E+002  0.0000000000000E+000
! 2 U matrix
 0.1000000000000E+001  0.0000000000000E+000     0.0000000000000E+000  0.0000000000000E+000     0.0000000000000E+000  0.0000000000000E+000
 0.0000000000000E+000  0.0000000000000E+000     0.1000000000000E+001  0.0000000000000E+000     0.0000000000000E+000  0.0000000000000E+000
 0.0000000000000E+000  0.0000000000000E+000     0.0000000000000E+000  0.0000000000000E+000     0.1000000000000E+001  0.0000000000000E+000
! 3 Dipole moments X (MCH) in a.u.
-0.1230000000000E+003  0.0000000000000E+000    -0.1230000000000E+003  0.0000000000000E+000    -0.1230000000000E+003  0.0000000000000E+000
-0.1230000000000E+003  0.0000000000000E+000    -0.1230000000000E+003  0.0000000000000E+000    -0.1230000000000E+003  0.0000000000000E+000
-0.1230000000000E+003  0.0000000000000E+000    -0.1230000000000E+003  0.0000000000000E+000    -0.1230000000000E+003  0.0000000000000E+000
! 3 Dipole moments Y (MCH) in a.u.
-0.1230000000000E+003  0.0000000000000E+000    -0.1230000000000E+003  0.0000000000000E+000    -0.1230000000000E+003  0.0000000000000E+000
-0.1230000000000E+003  0.0000000000000E+000    -0.1230000000000E+003  0.0000000000000E+000    -0.1230000000000E+003  0.0000000000000E+000
-0.1230000000000E+003  0.0000000000000E+000    -0.1230000000000E+003  0.0000000000000E+000    -0.1230000000000E+003  0.0000000000000E+000
! 3 Dipole moments Z (MCH) in a.u.
-0.1230000000000E+003  0.0000000000000E+000    -0.1230000000000E+003  0.0000000000000E+000    -0.1230000000000E+003  0.0000000000000E+000
-0.1230000000000E+003  0.0000000000000E+000    -0.1230000000000E+003  0.0000000000000E+000    -0.1230000000000E+003  0.0000000000000E+000
-0.1230000000000E+003  0.0000000000000E+000    -0.1230000000000E+003  0.0000000000000E+000    -0.1230000000000E+003  0.0000000000000E+000
! 5 Coefficients (diag)
-0.2851243223883E-001 -0.2129416336161E-001
 0.8767809036619E-001 -0.5265820115315E+000
-0.7559145891185E+000  0.3772938793217E+000
! 6 Hopping Probabilities (diag)
 0.0000000000000E+000
 0.0000000000000E+000
 0.0000000000000E+000
! 7 Ekin (a.u.)
 0.8075003323771E-001
! 8 states (diag, MCH)
           3            3
! 9 Random number
 0.8327393262881E+000
! 10 Runtime (sec)
           2
! 11 Geometry in a.u.
-0.1257619019330E-002 -0.1070651689595E+000  0.2787486397865E-001
 0.2528204461972E+001  0.8885194525556E-001 -0.3904346654793E-001
-0.1367680677673E+001  0.1112770403713E+001 -0.1461963659587E+001
 0.3898121926637E+001  0.1924451730434E+001  0.1468473428231E+001
 0.3917643915572E+001 -0.1160430857315E+001 -0.1268045553903E+001
-0.1220943818382E+001 -0.1659648814361E+001  0.1394642449345E+001
! 12 Velocities in a.u.
-0.8204846994997E-004 -0.1063435519056E-003  0.1733713892077E-003
 0.1178023332829E-003  0.1627123307456E-003 -0.1964821643709E-003
-0.3603457561722E-003 -0.3048254947564E-002 -0.3774736234527E-002
 0.4192463429512E-003 -0.3919694054803E-002  0.3280964645844E-002
 0.6177122977817E-003  0.3059773355434E-002 -0.2324057429322E-002
-0.1102644353224E-002  0.3236503577885E-002  0.3093209407058E-002
! 0 Step
          24
! 1 Hamiltonian (MCH) in a.u.
-0.7784967803955E+002  0.0000000000000E+000     0.0000000000000E+000  0.0000000000000E+000     0.0000000000000E+000  0.0000000000000E+000
 0.0000000000000E+000  0.0000000000000E+000    -0.7776812744141E+002  0.0000000000000E+000     0.0000000000000E+000  0.0000000000000E+000
 0.0000000000000E+000  0.0000000000000E+000     0.0000000000000E+000  0.0000000000000E+000    -0.7774034118652E+002  0.0000000000000E+000
! 2 U matrix
 0.1000000000000E+001  0.0000000000000E+000     0.0000000000000E+000  0.0000000000000E+000     0.0000000000000E+000  0.0000000000000E+000
 0.0000000000000E+000  0.0000000000000E+000     0.1000000000000E+001  0.0000000000000E+000     0.0000000000000E+000  0.0000000000000E+000
 0.0000000000000E+000  0.0000000000000E+000     0.0000000000000E+000  0.0000000000000E+000     0.1000000000000E+001  0.0000000000000E+000
! 3 Dipole moments X (MCH) in a.u.
-0.1230000000000E+003  0.0000000000000E+000    -0.1230000000000E+003  0.0000000000000E+000    -0.1230000000000E+003  0.0000000000000E+000
-0.1230000000000E+003  0.0000000000000E+000    -0.1230000000000E+003  0.0000000000000E+000    -0.1230000000000E+003  0.0000000000000E+000
-0.1230000000000E+003  0.0000000000000E+000    -0.1230000000000E+003  0.0000000000000E+000    -0.1230000000000E+003  0.0000000000000E+000
! 3 Dipole moments Y (MCH) in a.u.
-0.1230000000000E+003  0.0000000000000E+000    -0.1230000000000E+003  0.0000000000000E+000    -0.1230000000000E+003  0.0000000000000E+000
-0.1230000000000E+003  0.0000000000000E+000    -0.1230000000000E+003  0.0000000000000E+000    -0.1230000000000E+003  0.0000000000000E+000
-0.1230000000000E+003  0.0000000000000E+000    -0.1230000000000E+003  0.0000000000000E+000    -0.1230000000000E+003  0.0000000000000E+000
! 3 Dipole moments Z (MCH) in a.u.
-0.1230000000000E+003  0.0000000000000E+000    -0.1230000000000E+003  0.0000000000000E+000    -0.1230000000000E+003  0.0000000000000E+000
-0.1230000000000E+003  0.0000000000000E+000    -0.1230000000000E+003  0.0000000000000E+000    -0.1230000000000E+003  0.0000000000000E+000
-0.1230000000000E+003  0.0000000000000E+000    -0.1230000000000E+003  0.0000000000000E+000    -0.1230000000000E+003  0.0000000000000E+000
! 5 Coefficients (diag)
-0.2146485146253E-002 -0.9822970215741E-002
-0.3427027006398E+000 -0.3213562190670E+000
 0.3882030855747E+000  0.7927687592540E+000
! 6 Hopping Probabilities (diag)
 0.0000000000000E+000
 0.0000000000000E+000
 0.0000000000000E+000
! 7 Ekin (a.u.)
 0.8212121484389E-001
! 8 states (diag, MCH)
           3            3
! 9 Random number
 0.3280000409331E+000
! 10 Runtime (sec)
           3
! 11 Geometry in a.u.
-0.3438776893085E-002 -0.1093284287155E+000  0.3142096315880E-001
 0.2530896929775E+001  0.9240536140028E-001 -0.4292535125144E-001
-0.1373325749794E+001  0.1047264435255E+001 -0.1536888171918E+001
 0.3905318989159E+001  0.1838027808873E+001  0.1531607108198E+001
 0.3930783140435E+001 -0.1094060609913E+001 -0.1313316939210E+001
-0.1241727637884E+001 -0.1589462256070E+001  0.1455705776806E+001
! 12 Velocities in a.u.
-0.1278876030839E-003 -0.1128029972545E-003  0.1686679021271E-003
 0.1416126714568E-003  0.1802218500809E-003 -0.1789268375118E-003
-0.1786439057390E-003 -0.3295043354352E-002 -0.3453956973631E-002
 0.2800879090834E-003 -0.4428078784848E-002  0.2820699950110E-002
 0.6407417272963E-003  0.3361932822895E-002 -0.2046418838593E-002
-0.9057292440419E-003  0.3557848163913E-002  0.2801917940435E-002
! 0 Step
          25
! 1 Hamiltonian (MCH) in a.u.
-0.7785330963135E+002  0.0000000000000E+000     0.0000000000000E+000  0.0000000000000E+000     0.0000000000000E+000  0.0000000000000E+000
 0.0000000000000E+000  0.0000000000000E+000    -0.7776741027832E+002  0.0000000000000E+000     0.0000000000000E+000  0.0000000000000E+000
 0.0000000000000E+000  0.0000000000000E+000     0.0000000000000E+000  0.0000000000000E+000    -0.7774259948730E+002  0.0000000000000E+000
! 2 U matrix
 0.1000000000000E+001  0.0000000000000E+000     0.0000000000000E+000  0.0000000000000E+000     0.0000000000000E+000  0.0000000000000E+000
 0.0000000000000E+000  0.0000000000000E+000     0.1000000000000E+001  0.0000000000000E+000     0.0000000000000E+000  0.0000000000000E+000
 0.0000000000000E+000  0.0000000000000E+000     0.0000000000000E+000  0.0000000000000E+000     0.1000000000000E+001  0.0000000000000E+000
! 3 Dipole moments X (MCH) in a.u.
-0.1230000000000E+003  0.0000000000000E+000    -0.1230000000000E+003  0.0000000000000E+000    -0.1230000000000E+003  0.0000000000000E+000
-0.1230000000000E+003  0.0000000000000E+000    -0.1230000000000E+003  0.0000000000000E+000    -0.1230000000000E+003  0.0000000000000E+000
-0.1230000000000E+003  0.0000000000000E+000    -0.1230000000000E+003  0.0000000000000E+000    -0.1230000000000E+003  0.0000000000000E+000
! 3 Dipole moments Y (MCH) in a.u.
-0.1230000000000E+003  0.0000000000000E+000    -0.1230000000000E+003  0.0000000000000E+000    -0.1230000000000E+003  0.0000000000000E+000
-0.1230000000000E+003  0.0000000000000E+000    -0.1230000000000E+003  0.0000000000000E+000    -0.1230000000000E+003  0.0000000000000E+000
-0.1230000000000E+003  0.0000000000000E+000    -0.1230000000000E+003  0.0000000000000E+000    -0.1230000000000E+003  0.0000000000000E+000
! 3 Dipole moments Z (MCH) in a.u.
-0.1230000000000E+003  0.0000000000000E+000    -0.1230000000000E+003  0.0000000000000E+000    -0.1230000000000E+003  0.0000000000000E+000
-0.1230000000000E+003  0.0000000000000E+000    -0.1230000000000E+003  0.0000000000000E+000    -0.1230000000000E+003  0.0000000000000E+000
-0.1230000000000E+003  0.0000000000000E+000    -0.1230000000000E+003  0.0000000000000E+000    -0.1230000000000E+003  0.0000000000000E+000
! 5 Coefficients (diag)
 0.6943064609854E-002  0.1951080378828E-002
-0.4063844972195E+000  0.9455671742480E-001
 0.8336134911249E+000 -0.3618662766317E+000
! 6 Hopping Probabilities (diag)
 0.0000000000000E+000
 0.0000000000000E+000
 0.0000000000000E+000
! 7 Ekin (a.u.)
 0.8423014353398E-001
! 8 states (diag, MCH)
           3            3
! 9 Random number
 0.1509362660953E+000
! 10 Runtime (sec)
           3
! 11 Geometry in a.u.
-0.6544668163362E-002 -0.1117285997823E+000  0.3484782669014E-001
 0.2534058924292E+001  0.9630256404291E-001 -0.4644054773719E-001
-0.1375066062074E+001  0.9765487862454E+000 -0.1604754984317E+001
 0.3909701145453E+001  0.1741388872232E+001  0.1585085037935E+001
 0.3944133058531E+001 -0.1021443937356E+001 -0.1352647319110E+001
-0.1258387909201E+001 -0.1512562485147E+001  0.1510477584975E+001
! 12 Velocities in a.u.
-0.1715614343135E-003 -0.1200725408548E-003  0.1604248002704E-003
 0.1631819377667E-003  0.1943068371633E-003 -0.1617216351302E-003
 0.2287208817910E-004 -0.3548021232649E-002 -0.3062200717653E-002
 0.1541435716816E-003 -0.4883800428547E-002  0.2345872393500E-002
 0.6194486146280E-003  0.3660486599543E-002 -0.1729947275783E-002
-0.6966169667265E-003  0.3886783312929E-002  0.2461728160115E-002
! 0 Step
          26
! 1 Hamiltonian (MCH) in a.u.
-0.7786048126221E+002  0.0000000000000E+000     0.0000000000000E+000  0.0000000000000E+000     0.0000000000000E+000  0.0000000000000E+000
 0.0000000000000E+000  0.0000000000000E+000    -0.7776493835449E+002  0.0000000000000E+000     0.0000000000000E+000  0.0000000000000E+000
 0.0000000000000E+000  0.0000000000000E+000     0.0000000000000E+000  0.0000000000000E+000    -0.7774413299561E+002  0.0000000000000E+000
! 2 U matrix
 0.1000000000000E+001  0.0000000000000E+000     0.0000000000000E+000  0.0000000000000E+000     0.0000000000000E+000  0.0000000000000E+000
 0.0000000000000E+000  0.0000000000000E+000     0.1000000000000E+001  0.0000000000000E+000     0.0000000000000E+000  0.0000000000000E+000
 0.0000000000000E+000  0.0000000000000E+000     0.0000000000000E+000  0.0000000000000E+000     0.1000000000000E+001  0.0000000000000E+000
! 3 Dipole moments X (MCH) in a.u.
-0.1230000000000E+003  0.0000000000000E+000    -0.1230000000000E+003  0.0000000000000E+000    -0.1230000000000E+003  0.0000000000000E+000
-0.1230000000000E+003  0.0000000000000E+000    -0.1230000000000E+003  0.0000000000000E+000    -0.1230000000000E+003  0.0000000000000E+000
-0.1230000000000E+003  0.0000000000000E+000    -0.1230000000000E+003  0.0000000000000E+000    -0.1230000000000E+003  0.0000000000000E+000
! 3 Dipole moments Y (MCH) in a.u.
-0.1230000000000E+003  0.0000000000000E+000    -0.1230000000000E+003  0.0000000000000E+000    -0.1230000000000E+003  0.0000000000000E+000
-0.1230000000000E+003  0.0000000000000E+000    -0.1230000000000E+003  0.0000000000000E+000    -0.1230000000000E+003  0.0000000000000E+000
-0.1230000000000E+003  0.0000000000000E+000    -0.1230000000000E+003  0.0000000000000E+000    -0.1230000000000E+003  0.0000000000000E+000
! 3 Dipole moments Z (MCH) in a.u.
-0.1230000000000E+003  0.0000000000000E+000    -0.1230000000000E+003  0.0000000000000E+000    -0.1230000000000E+003  0.0000000000000E+000
-0.1230000000000E+003  0.0000000000000E+000    -0.1230000000000E+003  0.0000000000000E+000    -0.1230000000000E+003  0.0000000000000E+000
-0.1230000000000E+003  0.0000000000000E+000    -0.1230000000000E+003  0.0000000000000E+000    -0.1230000000000E+003  0.0000000000000E+000
! 5 Coefficients (diag)
-0.9171090001494E-003  0.2493129495129E-001
-0.1163156083764E+000  0.3829027750444E+000
-0.2977358837239E+000 -0.8663642866010E+000
! 6 Hopping Probabilities (diag)
 0.4457572177877E-002
 0.2341750942599E-001
 0.0000000000000E+000
! 7 Ekin (a.u.)
 0.8559222121793E-001
! 8 states (diag, MCH)
           3            3
! 9 Random number
 0.7736737541613E+000
! 10 Runtime (sec)
           2
! 11 Geometry in a.u.
-0.1053136219896E-001 -0.1142923924543E+000  0.3805314471900E-001
 0.2537643095186E+001  0.1004382728970E+000 -0.4961114574574E-001
-0.1372380186257E+001  0.9005843648752E+000 -0.1663483755014E+001
 0.3911691496103E+001  0.1636124792062E+001  0.1628588694614E+001
 0.3956391996874E+001 -0.9427310668124E+000 -0.1384835335388E+001
-0.1270526739977E+001 -0.1428777296057E+001  0.1557476999723E+001
! 12 Velocities in a.u.
-0.2137404761271E-003 -0.1288271963305E-003  0.1463516299605E-003
 0.1838185429142E-003  0.2030884176821E-003 -0.1446726608660E-003
 0.2456411492868E-003 -0.3775818281373E-002 -0.2545144770308E-002
 0.4356906039914E-004 -0.5232780727068E-002  0.1841927454783E-002
 0.5304931876246E-003  0.3921380726943E-002 -0.1344285046403E-002
-0.4631634293148E-003  0.4202345697483E-002  0.2027496163356E-002
! 0 Step
          27
! 1 Hamiltonian (MCH) in a.u.
-0.7787215423584E+002  0.0000000000000E+000     0.0000000000000E+000  0.0000000000000E+000     0.0000000000000E+000  0.0000000000000E+000
 0.0000000000000E+000  0.0000000000000E+000    -0.7776067352295E+002  0.0000000000000E+000     0.0000000000000E+000  0.0000000000000E+000
 0.0000000000000E+000  0.0000000000000E+000     0.0000000000000E+000  0.0000000000000E+000    -0.7774343872070E+002  0.0000000000000E+000
! 2 U matrix
 0.1000000000000E+001  0.0000000000000E+000     0.0000000000000E+000  0.0000000000000E+000     0.0000000000000E+000  0.0000000000000E+000
 0.0000000000000E+000  0.0000000000000E+000     0.1000000000000E+001  0.0000000000000E+000     0.0000000000000E+000  0.0000000000000E+000
 0.0000000000000E+000  0.0000000000000E+000     0.0000000000000E+000  0.0000000000000E+000     0.1000000000000E+001  0.0000000000000E+000
! 3 Dipole moments X (MCH) in a.u.
-0.1230000000000E+003  0.0000000000000E+000    -0.1230000000000E+003  0.0000000000000E+000    -0.1230000000000E+003  0.0000000000000E+000
-0.1230000000000E+003  0.0000000000000E+000    -0.1230000000000E+003  0.0000000000000E+000    -0.1230000000000E+003  0.0000000000000E+000
-0.1230000000000E+003  0.0000000000000E+000    -0.1230000000000E+003  0.0000000000000E+000    -0.1230000000000E+003  0.0000000000000E+000
! 3 Dipole moments Y (MCH) in a.u.
-0.1230000000000E+003  0.0000000000000E+000    -0.1230000000000E+003  0.0000000000000E+000    -0.1230000000000E+003  0.0000000000000E+000
-0.1230000000000E+003  0.0000000000000E+000    -0.1230000000000E+003  0.0000000000000E+000    -0.1230000000000E+003  0.0000000000000E+000
-0.1230000000000E+003  0.0000000000000E+000    -0.1230000000000E+003  0.0000000000000E+000    -0.1230000000000E+003  0.0000000000000E+000
! 3 Dipole moments Z (MCH) in a.u.
-0.1230000000000E+003  0.0000000000000E+000    -0.1230000000000E+003  0.0000000000000E+000    -0.1230000000000E+003  0.0000000000000E+000
-0.1230000000000E+003  0.0000000000000E+000    -0.1230000000000E+003  0.0000000000000E+000    -0.1230000000000E+003  0.0000000000000E+000
-0.1230000000000E+003  0.0000000000000E+000    -0.1230000000000E+003  0.0000000000000E+000    -0.1230000000000E+003  0.0000000000000E+000
! 5 Coefficients (diag)
 0.1748534602565E-001  0.2284530523663E-001
 0.3585547480031E+000  0.2533196705871E+000
-0.8623622655316E+000  0.2505420421174E+000
! 6 Hopping Probabilities (diag)
 0.8138213736529E-002
 0.7410033600752E-001
 0.0000000000000E+000
! 7 Ekin (a.u.)
 0.8486404041628E-001
! 8 states (diag, MCH)
           3            3
! 9 Random number
 0.6384683047961E+000
! 10 Runtime (sec)
           3
! 11 Geometry in a.u.
-0.1538099298377E-001 -0.1170544930015E+000  0.4089820406255E-001
 0.2541658235300E+001  0.1046985181384E+000 -0.5242151422144E-001
-0.1364910919615E+001  0.8204512730293E+000 -0.1709974764459E+001
 0.3911502350245E+001  0.1525058530613E+001  0.1661232848499E+001
 0.3966064375453E+001 -0.8593286727341E+000 -0.1408221909082E+001
-0.1277535721447E+001 -0.1338831742784E+001  0.1594297060800E+001
! 12 Velocities in a.u.
-0.2553020897060E-003 -0.1386801693570E-003  0.1259301763287E-003
 0.2065224506343E-003  0.2085753684555E-003 -0.1242093554868E-003
 0.4700680287782E-003 -0.3922016699390E-002 -0.1889364956793E-002
-0.7229060543512E-004 -0.5433542009474E-002  0.1284988945167E-002
 0.3940319473138E-003  0.4073238902452E-002 -0.9025172600915E-003
-0.2105671525533E-003  0.4449471304540E-002  0.1486388370867E-002
! 0 Step
          28
! 1 Hamiltonian (MCH) in a.u.
-0.7788655090332E+002  0.0000000000000E+000     0.0000000000000E+000  0.0000000000000E+000     0.0000000000000E+000  0.0000000000000E+000
 0.0000000000000E+000  0.0000000000000E+000    -0.7775536346436E+002  0.0000000000000E+000     0.0000000000000E+000  0.0000000000000E+000
 0.0000000000000E+000  0.0000000000000E+000     0.0000000000000E+000  0.0000000000000E+000    -0.7774044799805E+002  0.0000000000000E+000
! 2 U matrix
 0.1000000000000E+001  0.0000000000000E+000     0.0000000000000E+000  0.0000000000000E+000     0.0000000000000E+000  0.0000000000000E+000
 0.0000000000000E+000  0.0000000000000E+000     0.1000000000000E+001  0.0000000000000E+000     0.0000000000000E+000  0.0000000000000E+000
 0.0000000000000E+000  0.0000000000000E+000     0.0000000000000E+000  0.0000000000000E+000     0.1000000000000E+001  0.0000000000000E+000
! 3 Dipole moments X (MCH) in a.u.
-0.1230000000000E+003  0.0000000000000E+000    -0.1230000000000E+003  0.0000000000000E+000    -0.1230000000000E+003  0.0000000000000E+000
-0.1230000000000E+003  0.0000000000000E+000    -0.1230000000000E+003  0.0000000000000E+000    -0.1230000000000E+003  0.0000000000000E+000
-0.1230000000000E+003  0.0000000000000E+000    -0.1230000000000E+003  0.0000000000000E+000    -0.1230000000000E+003  0.0000000000000E+000
! 3 Dipole moments Y (MCH) in a.u.
-0.1230000000000E+003  0.0000000000000E+000    -0.1230000000000E+003  0.0000000000000E+000    -0.1230000000000E+003  0.0000000000000E+000
-0.1230000000000E+003  0.0000000000000E+000    -0.1230000000000E+003  0.0000000000000E+000    -0.1230000000000E+003  0.0000000000000E+000
-0.1230000000000E+003  0.0000000000000E+000    -0.1230000000000E+003  0.0000000000000E+000    -0.1230000000000E+003  0.0000000000000E+000
! 3 Dipole moments Z (MCH) in a.u.
-0.1230000000000E+003  0.0000000000000E+000    -0.1230000000000E+003  0.0000000000000E+000    -0.1230000000000E+003  0.0000000000000E+000
-0.1230000000000E+003  0.0000000000000E+000    -0.1230000000000E+003  0.0000000000000E+000    -0.1230000000000E+003  0.0000000000000E+000
-0.1230000000000E+003  0.0000000000000E+000    -0.1230000000000E+003  0.0000000000000E+000    -0.1230000000000E+003  0.0000000000000E+000
! 5 Coefficients (diag)
 0.1110602545819E-001 -0.5873385883548E-002
 0.3310303957899E+000 -0.3642815891675E+000
 0.2685880817539E+000  0.8279012034859E+000
! 6 Hopping Probabilities (diag)
 0.2514951563392E-002
 0.1034434662837E+000
 0.0000000000000E+000
! 7 Ekin (a.u.)
 0.8202417223196E-001
! 8 states (diag, MCH)
           3            3
! 9 Random number
 0.9686820464072E+000
! 10 Runtime (sec)
           2
! 11 Geometry in a.u.
-0.2108590120275E-001 -0.1200256211099E+000  0.4325927115277E-001
 0.2546181016920E+001  0.1090610650729E+000 -0.5474613108264E-001
-0.1352946928387E+001  0.7384428082790E+000 -0.1741592697059E+001
 0.3908702903195E+001  0.1411494703316E+001  0.1681711902328E+001
 0.3972681818714E+001 -0.7743377766628E+000 -0.1422146638379E+001
-0.1279231875243E+001 -0.1244830041712E+001  0.1618926336284E+001
! 12 Velocities in a.u.
-0.2957664188609E-003 -0.1477920603002E-003  0.1004299451587E-003
 0.2327254595023E-003  0.2150183294968E-003 -0.9593513135334E-004
 0.6694722804697E-003 -0.3953712520265E-002 -0.1146326723647E-002
-0.2184239511858E-003 -0.5487135246944E-002  0.6767138134499E-003
 0.2674651278419E-003  0.4062103341555E-002 -0.4728148210715E-003
 0.3266198673635E-004  0.4577698027306E-002  0.8888688224366E-003
! 0 Step
          29
! 1 Hamiltonian (MCH) in a.u.
-0.7790053558350E+002  0.0000000000000E+000     0.0000000000000E+000  0.0000000000000E+000     0.0000000000000E+000  0.0000000000000E+000
 0.0000000000000E+000  0.0000000000000E+000    -0.7774977111816E+002  0.0000000000000E+000     0.0000000000000E+000  0.0000000000000E+000
 0.0000000000000E+000  0.0000000000000E+000     0.0000000000000E+000  0.0000000000000E+000    -0.7773611450195E+002  0.0000000000000E+000
! 2 U matrix
 0.1000000000000E+001  0.0000000000000E+000     0.0000000000000E+000  0.0000000000000E+000     0.0000000000000E+000  0.0000000000000E+000
 0.0000000000000E+000  0.0000000000000E+000     0.1000000000000E+001  0.0000000000000E+000     0.0000000000000E+000  0.0000000000000E+000
 0.0000000000000E+000  0.0000000000000E+000     0.0000000000000E+000  0.0000000000000E+000     0.1000000000000E+001  0.0000000000000E+000
! 3 Dipole moments X (MCH) in a.u.
-0.1230000000000E+003  0.0000000000000E+000    -0.1230000000000E+003  0.0000000000000E+000    -0.1230000000000E+003  0.0000000000000E+000
-0.1230000000000E+003  0.0000000000000E+000    -0.1230000000000E+003  0.0000000000000E+000    -0.1230000000000E+003  0.0000000000000E+000
-0.1230000000000E+003  0.0000000000000E+000    -0.1230000000000E+003  0.0000000000000E+000    -0.1230000000000E+003  0.0000000000000E+000
! 3 Dipole moments Y (MCH) in a.u.
-0.1230000000000E+003  0.0000000000000E+000    -0.1230000000000E+003  0.0000000000000E+000    -0.1230000000000E+003  0.0000000000000E+000
-0.1230000000000E+003  0.0000000000000E+000    -0.1230000000000E+003  0.0000000000000E+000    -0.1230000000000E+003  0.0000000000000E+000
-0.1230000000000E+003  0.0000000000000E+000    -0.1230000000000E+003  0.0000000000000E+000    -0.1230000000000E+003  0.0000000000000E+000
! 3 Dipole moments Z (MCH) in a.u.
-0.1230000000000E+003  0.0000000000000E+000    -0.1230000000000E+003  0.0000000000000E+000    -0.1230000000000E+003  0.0000000000000E+000
-0.1230000000000E+003  0.0000000000000E+000    -0.1230000000000E+003  0.0000000000000E+000    -0.1230000000000E+003  0.0000000000000E+000
-0.1230000000000E+003  0.0000000000000E+000    -0.1230000000000E+003  0.0000000000000E+000    -0.1230000000000E+003  0.0000000000000E+000
! 5 Coefficients (diag)
 0.1672035997092E-002 -0.4220009618826E-002
-0.3667607594444E+000 -0.3648611820398E+000
 0.7805094806465E+000 -0.3509233671441E+000
! 6 Hopping Probabilities (diag)
 0.4142492513046E-003
 0.7936989100241E-001
 0.0000000000000E+000
! 7 Ekin (a.u.)
 0.7767226771581E-001
! 8 states (diag, MCH)
           3            3
! 9 Random number
 0.6962607898980E+000
! 10 Runtime (sec)
           3
! 11 Geometry in a.u.
-0.2760838292591E-001 -0.1231644197424E+000  0.4505011591939E-001
 0.2551279425406E+001  0.1135876711720E+000 -0.5638760430268E-001
-0.1337234016131E+001  0.6569993676691E+000 -0.1757365485505E+001
 0.3902472404133E+001  0.1298212823828E+001  0.1689209126902E+001
 0.3977121751157E+001 -0.6913957419648E+000 -0.1427768723118E+001
-0.1276185430060E+001 -0.1149583419621E+001  0.1631044118635E+001
! 12 Velocities in a.u.
-0.3325347197092E-003 -0.1537888859714E-003  0.7095734316449E-004
 0.2607325469375E-003  0.2243781440569E-003 -0.5841728513478E-004
 0.8286209489683E-003 -0.3873412276917E-002 -0.3906556493518E-003
-0.4016752832188E-003 -0.5414267178191E-002  0.5188210134471E-004
 0.1949174903639E-003  0.3882786754785E-002 -0.1255804310340E-003
 0.2337080375723E-003  0.4563774018717E-002  0.3149304950667E-003
! 0 Step
          30
! 1 Hamiltonian (MCH) in a.u.
-0.7791204071045E+002  0.0000000000000E+000     0.0000000000000E+000  0.0000000000000E+000     0.0000000000000E+000  0.0000000000000E+000
 0.0000000000000E+000  0.0000000000000E+000    -0.7774420166016E+002  0.0000000000000E+000     0.0000000000000E+000  0.0000000000000E+000
 0.0000000000000E+000  0.0000000000000E+000     0.0000000000000E+000  0.0000000000000E+000    -0.7773027801514E+002  0.0000000000000E+000
! 2 U matrix
 0.1000000000000E+001  0.0000000000000E+000     0.0000000000000E+000  0.0000000000000E+000     0.0000000000000E+000  0.0000000000000E+000
 0.0000000000000E+000  0.0000000000000E+000     0.1000000000000E+001  0.0000000000000E+000     0.0000000000000E+000  0.0000000000000E+000
 0.0000000000000E+000  0.0000000000000E+000     0.0000000000000E+000  0.0000000000000E+000     0.1000000000000E+001  0.0000000000000E+000
! 3 Dipole moments X (MCH) in a.u.
-0.1230000000000E+003  0.0000000000000E+000    -0.1230000000000E+003  0.0000000000000E+000    -0.1230000000000E+003  0.0000000000000E+000
-0.1230000000000E+003  0.0000000000000E+000    -0.1230000000000E+003  0.0000000000000E+000    -0.1230000000000E+003  0.0000000000000E+000
-0.1230000000000E+003  0.0000000000000E+000    -0.1230000000000E+003  0.0000000000000E+000    -0.1230000000000E+003  0.0000000000000E+000
! 3 Dipole moments Y (MCH) in a.u.
-0.1230000000000E+003  0.0000000000000E+000    -0.1230000000000E+003  0.0000000000000E+000    -0.1230000000000E+003  0.0000000000000E+000
-0.1230000000000E+003  0.0000000000000E+000    -0.1230000000000E+003  0.0000000000000E+000    -0.1230000000000E+003  0.0000000000000E+000
-0.1230000000000E+003  0.0000000000000E+000    -0.1230000000000E+003  0.0000000000000E+000    -0.1230000000000E+003  0.0000000000000E+000
! 3 Dipole moments Z (MCH) in a.u.
-0.1230000000000E+003  0.0000000000000E+000    -0.1230000000000E+003  0.0000000000000E+000    -0.1230000000000E+003  0.0000000000000E+000
-0.1230000000000E+003  0.0000000000000E+000    -0.1230000000000E+003  0.0000000000000E+000    -0.1230000000000E+003  0.0000000000000E+000
-0.1230000000000E+003  0.0000000000000E+000    -0.1230000000000E+003  0.0000000000000E+000    -0.1230000000000E+003  0.0000000000000E+000
! 5 Coefficients (diag)
 0.1593112860202E-002  0.1320846161563E-002
-0.3371312566714E+000  0.3996135090094E+000
-0.5147060278698E+000 -0.6795034815390E+000
! 6 Hopping Probabilities (diag)
 0.0000000000000E+000
 0.5552950649576E-001
 0.0000000000000E+000
! 7 Ekin (a.u.)
 0.7185518635191E-001
! 8 states (diag, MCH)
           3            3
! 9 Random number
 0.9059210225478E+000
! 10 Runtime (sec)
           2
! 11 Geometry in a.u.
-0.3483334319716E-001 -0.1263834648596E+000  0.4619274516740E-001
 0.2556960058483E+001  0.1183371656946E+000 -0.5716118187663E-001
-0.1318690600382E+001  0.5783106252579E+000 -0.1757742938105E+001
 0.3892097095352E+001  0.1187661462566E+001  0.1683856779649E+001
 0.3980739975453E+001 -0.6138180398523E+000 -0.1427338305862E+001
-0.1269570064010E+001 -0.1056157356187E+001  0.1631945995455E+001
! 12 Velocities in a.u.
-0.3625284801045E-003 -0.1551114149006E-003  0.3758501191006E-004
 0.2884522404758E-003  0.2357396004854E-003 -0.1313936934451E-004
 0.9419440274763E-003 -0.3687304067067E-002  0.3268460935853E-003
-0.6146680090628E-003 -0.5220896899286E-002 -0.5528246898452E-003
 0.1836098247966E-003  0.3550815409909E-002  0.1111131520327E-003
 0.3717823702158E-003  0.4396646276153E-002 -0.1764211634215E-003
! 0 Step
          31
! 1 Hamiltonian (MCH) in a.u.
-0.7792084503174E+002  0.0000000000000E+000     0.0000000000000E+000  0.0000000000000E+000     0.0000000000000E+000  0.0000000000000E+000
 0.0000000000000E+000  0.0000000000000E+000    -0.7773831939697E+002  0.0000000000000E+000     0.0000000000000E+000  0.0000000000000E+000
 0.0000000000000E+000  0.0000000000000E+000     0.0000000000000E+000  0.0000000000000E+000    -0.7772300720215E+002  0.0000000000000E+000
! 2 U matrix
 0.1000000000000E+001  0.0000000000000E+000     0.0000000000000E+000  0.0000000000000E+000     0.0000000000000E+000  0.0000000000000E+000
 0.0000000000000E+000  0.0000000000000E+000     0.1000000000000E+001  0.0000000000000E+000     0.0000000000000E+000  0.0000000000000E+000
 0.0000000000000E+000  0.0000000000000E+000     0.0000000000000E+000  0.0000000000000E+000     0.1000000000000E+001  0.0000000000000E+000
! 3 Dipole moments X (MCH) in a.u.
-0.1230000000000E+003  0.0000000000000E+000    -0.1230000000000E+003  0.0000000000000E+000    -0.1230000000000E+003  0.0000000000000E+000
-0.1230000000000E+003  0.0000000000000E+000    -0.1230000000000E+003  0.0000000000000E+000    -0.1230000000000E+003  0.0000000000000E+000
-0.1230000000000E+003  0.0000000000000E+000    -0.1230000000000E+003  0.0000000000000E+000    -0.1230000000000E+003  0.0000000000000E+000
! 3 Dipole moments Y (MCH) in a.u.
-0.1230000000000E+003  0.0000000000000E+000    -0.1230000000000E+003  0.0000000000000E+000    -0.1230000000000E+003  0.0000000000000E+000
-0.1230000000000E+003  0.0000000000000E+000    -0.1230000000000E+003  0.0000000000000E+000    -0.1230000000000E+003  0.0000000000000E+000
-0.1230000000000E+003  0.0000000000000E+000    -0.1230000000000E+003  0.0000000000000E+000    -0.1230000000000E+003  0.0000000000000E+000
! 3 Dipole moments Z (MCH) in a.u.
-0.1230000000000E+003  0.0000000000000E+000    -0.1230000000000E+003  0.0000000000000E+000    -0.1230000000000E+003  0.0000000000000E+000
-0.1230000000000E+003  0.0000000000000E+000    -0.1230000000000E+003  0.0000000000000E+000    -0.1230000000000E+003  0.0000000000000E+000
-0.1230000000000E+003  0.0000000000000E+000    -0.1230000000000E+003  0.0000000000000E+000    -0.1230000000000E+003  0.0000000000000E+000
! 5 Coefficients (diag)
-0.8696384055342E-003  0.3221631056745E-003
 0.4448752445151E+000  0.2484777410795E+000
-0.4616104920092E+000  0.7261265197007E+000
! 6 Hopping Probabilities (diag)
 0.0000000000000E+000
 0.2842967265168E-001
 0.0000000000000E+000
! 7 Ekin (a.u.)
 0.6462341920459E-001
! 8 states (diag, MCH)
           3            3
! 9 Random number
 0.1178973446408E+000
! 10 Runtime (sec)
           3
! 11 Geometry in a.u.
-0.4259580816655E-001 -0.1295769386543E+000  0.4660393192857E-001
 0.2563204437169E+001  0.1233334700055E+000 -0.5693080387614E-001
-0.1298292756430E+001  0.5045611536321E+000 -0.1743853219127E+001
 0.3877061184494E+001  0.1082373775970E+001  0.1666354595010E+001
 0.3984712433472E+001 -0.5446001564594E+000 -0.1423175152818E+001
-0.1260815436293E+001 -0.9678200244958E+000  0.1623750625453E+001
! 12 Velocities in a.u.
-0.3840291045899E-003 -0.1517033199151E-003  0.1250838860471E-005
 0.3149688020116E-003  0.2472724469365E-003  0.3664503855492E-004
 0.1003407213184E-002 -0.3400064776473E-002  0.9691193521308E-003
-0.8444713077183E-003 -0.4910725507319E-002 -0.1109603279470E-002
 0.2244311993446E-003  0.3091911647548E-002  0.2420267485713E-003
 0.4395328217970E-003  0.4080107933336E-002 -0.5530980349725E-003
! 0 Step
          32
! 1 Hamiltonian (MCH) in a.u.
-0.7792756652832E+002  0.0000000000000E+000     0.0000000000000E+000  0.0000000000000E+000     0.0000000000000E+000  0.0000000000000E+000
 0.0000000000000E+000  0.0000000000000E+000    -0.7773200988770E+002  0.0000000000000E+000     0.0000000000000E+000  0.0000000000000E+000
 0.0000000000000E+000  0.0000000000000E+000     0.0000000000000E+000  0.0000000000000E+000    -0.7771467590332E+002  0.0000000000000E+000
! 2 U matrix
 0.1000000000000E+001  0.0000000000000E+000     0.0000000000000E+000  0.0000000000000E+000     0.0000000000000E+000  0.0000000000000E+000
 0.0000000000000E+000  0.0000000000000E+000     0.1000000000000E+001  0.0000000000000E+000     0.0000000000000E+000  0.0000000000000E+000
 0.0000000000000E+000  0.0000000000000E+000     0.0000000000000E+000  0.0000000000000E+000     0.1000000000000E+001  0.0000000000000E+000
! 3 Dipole moments X (MCH) in a.u.
-0.1230000000000E+003  0.0000000000000E+000    -0.1230000000000E+003  0.0000000000000E+000    -0.1230000000000E+003  0.0000000000000E+000
-0.1230000000000E+003  0.0000000000000E+000    -0.1230000000000E+003  0.0000000000000E+000    -0.1230000000000E+003  0.0000000000000E+000
-0.1230000000000E+003  0.0000000000000E+000    -0.1230000000000E+003  0.0000000000000E+000    -0.1230000000000E+003  0.0000000000000E+000
! 3 Dipole moments Y (MCH) in a.u.
-0.1230000000000E+003  0.0000000000000E+000    -0.1230000000000E+003  0.0000000000000E+000    -0.1230000000000E+003  0.0000000000000E+000
-0.1230000000000E+003  0.0000000000000E+000    -0.1230000000000E+003  0.0000000000000E+000    -0.1230000000000E+003  0.0000000000000E+000
-0.1230000000000E+003  0.0000000000000E+000    -0.1230000000000E+003  0.0000000000000E+000    -0.1230000000000E+003  0.0000000000000E+000
! 3 Dipole moments Z (MCH) in a.u.
-0.1230000000000E+003  0.0000000000000E+000    -0.1230000000000E+003  0.0000000000000E+000    -0.1230000000000E+003  0.0000000000000E+000
-0.1230000000000E+003  0.0000000000000E+000    -0.1230000000000E+003  0.0000000000000E+000    -0.1230000000000E+003  0.0000000000000E+000
-0.1230000000000E+003  0.0000000000000E+000    -0.1230000000000E+003  0.0000000000000E+000    -0.1230000000000E+003  0.0000000000000E+000
! 5 Coefficients (diag)
 0.1354870502942E-003 -0.3973625481108E-003
 0.1376122114096E+000 -0.4546612735517E+000
 0.8759735123635E+000  0.8376296906832E-001
! 6 Hopping Probabilities (diag)
 0.0000000000000E+000
 0.0000000000000E+000
 0.0000000000000E+000
! 7 Ekin (a.u.)
 0.5629790416548E-001
! 8 states (diag, MCH)
           3            3
! 9 Random number
 0.2356021667732E+000
! 10 Runtime (sec)
           3
! 11 Geometry in a.u.
-0.5070963378158E-001 -0.1326550884444E+000  0.4624445656371E-001
 0.2569981301316E+001  0.1285597482389E+000 -0.5564622565685E-001
-0.1277208368175E+001  0.4377472779699E+000 -0.1717678213162E+001
 0.3857185491748E+001  0.9846453260214E+000  0.1637984256218E+001
 0.3990018269453E+001 -0.4859941661116E+000 -0.1417332587692E+001
-0.1251399173531E+001 -0.8874800908668E+000  0.1609080163101E+001
! 12 Velocities in a.u.
-0.3968307947445E-003 -0.1448636337827E-003 -0.3513460717361E-004
 0.3397626074469E-003  0.2569000044424E-003  0.8628941248993E-004
 0.1002238775223E-002 -0.3018797381878E-002  0.1497824397997E-002
-0.1069642552745E-002 -0.4491235925210E-002 -0.1590192502754E-002
 0.3072341934359E-003  0.2540163811452E-002  0.2863527366848E-003
 0.4401753606564E-003  0.3634880473305E-002 -0.8035288961509E-003
! 0 Step
          33
! 1 Hamiltonian (MCH) in a.u.
-0.7793283843994E+002  0.0000000000000E+000     0.0000000000000E+000  0.0000000000000E+000     0.0000000000000E+000  0.0000000000000E+000
 0.0000000000000E+000  0.0000000000000E+000    -0.7772540283203E+002  0.0000000000000E+000     0.0000000000000E+000  0.0000000000000E+000
 0.0000000000000E+000  0.0000000000000E+000     0.0000000000000E+000  0.0000000000000E+000    -0.7770546722412E+002  0.0000000000000E+000
! 2 U matrix
 0.1000000000000E+001  0.0000000000000E+000     0.0000000000000E+000  0.0000000000000E+000     0.0000000000000E+000  0.0000000000000E+000
 0.0000000000000E+000  0.0000000000000E+000     0.1000000000000E+001  0.0000000000000E+000     0.0000000000000E+000  0.0000000000000E+000
 0.0000000000000E+000  0.0000000000000E+000     0.0000000000000E+000  0.0000000000000E+000     0.1000000000000E+001  0.0000000000000E+000
! 3 Dipole moments X (MCH) in a.u.
-0.1230000000000E+003  0.0000000000000E+000    -0.1230000000000E+003  0.0000000000000E+000    -0.1230000000000E+003  0.0000000000000E+000
-0.1230000000000E+003  0.0000000000000E+000    -0.1230000000000E+003  0.0000000000000E+000    -0.1230000000000E+003  0.0000000000000E+000
-0.1230000000000E+003  0.0000000000000E+000    -0.1230000000000E+003  0.0000000000000E+000    -0.1230000000000E+003  0.0000000000000E+000
! 3 Dipole moments Y (MCH) in a.u.
-0.1230000000000E+003  0.0000000000000E+000    -0.1230000000000E+003  0.0000000000000E+000    -0.1230000000000E+003  0.0000000000000E+000
-0.1230000000000E+003  0.0000000000000E+000    -0.1230000000000E+003  0.0000000000000E+000    -0.1230000000000E+003  0.0000000000000E+000
-0.1230000000000E+003  0.0000000000000E+000    -0.1230000000000E+003  0.0000000000000E+000    -0.1230000000000E+003  0.0000000000000E+000
! 3 Dipole moments Z (MCH) in a.u.
-0.1230000000000E+003  0.0000000000000E+000    -0.1230000000000E+003  0.0000000000000E+000    -0.1230000000000E+003  0.0000000000000E+000
-0.1230000000000E+003  0.0000000000000E+000    -0.1230000000000E+003  0.0000000000000E+000    -0.1230000000000E+003  0.0000000000000E+000
-0.1230000000000E+003  0.0000000000000E+000    -0.1230000000000E+003  0.0000000000000E+000    -0.1230000000000E+003  0.0000000000000E+000
! 5 Coefficients (diag)
 0.8344848331351E-004  0.1793687162459E-003
-0.4254718839042E+000  0.1748708911619E-001
-0.4683682130071E+000 -0.7741440793734E+000
! 6 Hopping Probabilities (diag)
 0.0000000000000E+000
 0.0000000000000E+000
 0.0000000000000E+000
! 7 Ekin (a.u.)
 0.4709968020536E-001
! 8 states (diag, MCH)
           3            3
! 9 Random number
 0.4412519152378E+000
! 10 Runtime (sec)
           2
! 11 Geometry in a.u.
-0.5900133820298E-001 -0.1355658002212E+000  0.4515141901642E-001
 0.2577250689969E+001  0.1339540689990E+000 -0.5336348105952E-001
-0.1256858829052E+001  0.3797599240446E+000 -0.1681931101499E+001
 0.3832840692385E+001  0.8966999148498E+000  0.1600613853079E+001
 0.3997413916964E+001 -0.4395862959977E+000 -0.1411336937425E+001
-0.1242617982376E+001 -0.8175490738202E+000  0.1590531637372E+001
! 12 Velocities in a.u.
-0.4016567687351E-003 -0.1363327962179E-003 -0.6791857842517E-004
 0.3616107415000E-003  0.2625525391756E-003  0.1302846718910E-003
 0.9261755852730E-003 -0.2547424113842E-002  0.1881779106396E-002
-0.1255957965010E-002 -0.3961831103659E-002 -0.1962972686522E-002
 0.4242183229006E-003  0.1922955077984E-002  0.2716243562218E-003
 0.3827393150241E-003  0.3082306635367E-002 -0.9335651119412E-003
! 0 Step
          34
! 1 Hamiltonian (MCH) in a.u.
-0.7793691253662E+002  0.0000000000000E+000     0.0000000000000E+000  0.0000000000000E+000     0.0000000000000E+000  0.0000000000000E+000
 0.0000000000000E+000  0.0000000000000E+000    -0.7771861267090E+002  0.0000000000000E+000     0.0000000000000E+000  0.0000000000000E+000
 0.0000000000000E+000  0.0000000000000E+000     0.0000000000000E+000  0.0000000000000E+000    -0.7769570922852E+002  0.0000000000000E+000
! 2 U matrix
 0.1000000000000E+001  0.0000000000000E+000     0.0000000000000E+000  0.0000000000000E+000     0.0000000000000E+000  0.0000000000000E+000
 0.0000000000000E+000  0.0000000000000E+000     0.1000000000000E+001  0.0000000000000E+000     0.0000000000000E+000  0.0000000000000E+000
 0.0000000000000E+000  0.0000000000000E+000     0.0000000000000E+000  0.0000000000000E+000     0.1000000000000E+001  0.0000000000000E+000
! 3 Dipole moments X (MCH) in a.u.
-0.1230000000000E+003  0.0000000000000E+000    -0.1230000000000E+003  0.0000000000000E+000    -0.1230000000000E+003  0.0000000000000E+000
-0.1230000000000E+003  0.0000000000000E+000    -0.1230000000000E+003  0.0000000000000E+000    -0.1230000000000E+003  0.0000000000000E+000
-0.1230000000000E+003  0.0000000000000E+000    -0.1230000000000E+003  0.0000000000000E+000    -0.1230000000000E+003  0.0000000000000E+000
! 3 Dipole moments Y (MCH) in a.u.
-0.1230000000000E+003  0.0000000000000E+000    -0.1230000000000E+003  0.0000000000000E+000    -0.1230000000000E+003  0.0000000000000E+000
-0.1230000000000E+003  0.0000000000000E+000    -0.1230000000000E+003  0.0000000000000E+000    -0.1230000000000E+003  0.0000000000000E+000
-0.1230000000000E+003  0.0000000000000E+000    -0.1230000000000E+003  0.0000000000000E+000    -0.1230000000000E+003  0.0000000000000E+000
! 3 Dipole moments Z (MCH) in a.u.
-0.1230000000000E+003  0.0000000000000E+000    -0.1230000000000E+003  0.0000000000000E+000    -0.1230000000000E+003  0.0000000000000E+000
-0.1230000000000E+003  0.0000000000000E+000    -0.1230000000000E+003  0.0000000000000E+000    -0.1230000000000E+003  0.0000000000000E+000
-0.1230000000000E+003  0.0000000000000E+000    -0.1230000000000E+003  0.0000000000000E+000    -0.1230000000000E+003  0.0000000000000E+000
! 5 Coefficients (diag)
-0.8959376145050E-004 -0.4521686556992E-004
 0.1787125902696E+000  0.3218667799560E+000
-0.1856663872216E+000  0.9110387305842E+000
! 6 Hopping Probabilities (diag)
 0.0000000000000E+000
 0.0000000000000E+000
 0.0000000000000E+000
! 7 Ekin (a.u.)
 0.3740786165115E-001
! 8 states (diag, MCH)
           3            3
! 9 Random number
 0.7811050648217E+000
! 10 Runtime (sec)
           3
! 11 Geometry in a.u.
-0.6731467621046E-001 -0.1382912734707E+000  0.4343660925664E-001
 0.2584930785982E+001  0.1394140307810E+000 -0.5026007839635E-001
-0.1238918997530E+001  0.3324332666365E+000 -0.1639882880590E+001
 0.3805262464624E+001  0.8208577872740E+000  0.1556832269538E+001
 0.4007556037515E+001 -0.4064965623259E+000 -0.1406103263775E+001
-0.1235576204619E+001 -0.7600533015206E+000  0.1570485299275E+001
! 12 Velocities in a.u.
-0.3998291970290E-003 -0.1274283892310E-003 -0.9425002034254E-004
 0.3788554818644E-003  0.2630059840277E-003  0.1635699918867E-003
 0.7677723509576E-003 -0.1993409110134E-002  0.2104446614537E-002
-0.1365429066071E-002 -0.3323918891771E-002 -0.2199598798103E-002
 0.5717433885091E-003  0.1260714094510E-002  0.2252322270845E-003
 0.2758291156455E-003  0.2441115267411E-002 -0.9560745461090E-003
! 0 Step
          35
! 1 Hamiltonian (MCH) in a.u.
-0.7793926239014E+002  0.0000000000000E+000     0.0000000000000E+000  0.0000000000000E+000     0.0000000000000E+000  0.0000000000000E+000
 0.0000000000000E+000  0.0000000000000E+000    -0.7771192932129E+002  0.0000000000000E+000     0.0000000000000E+000  0.0000000000000E+000
 0.0000000000000E+000  0.0000000000000E+000     0.0000000000000E+000  0.0000000000000E+000    -0.7768644714355E+002  0.0000000000000E+000
! 2 U matrix
 0.1000000000000E+001  0.0000000000000E+000     0.0000000000000E+000  0.0000000000000E+000     0.0000000000000E+000  0.0000000000000E+000
 0.0000000000000E+000  0.0000000000000E+000     0.1000000000000E+001  0.0000000000000E+000     0.0000000000000E+000  0.0000000000000E+000
 0.0000000000000E+000  0.0000000000000E+000     0.0000000000000E+000  0.0000000000000E+000     0.1000000000000E+001  0.0000000000000E+000
! 3 Dipole moments X (MCH) in a.u.
-0.1230000000000E+003  0.0000000000000E+000    -0.1230000000000E+003  0.0000000000000E+000    -0.1230000000000E+003  0.0000000000000E+000
-0.1230000000000E+003  0.0000000000000E+000    -0.1230000000000E+003  0.0000000000000E+000    -0.1230000000000E+003  0.0000000000000E+000
-0.1230000000000E+003  0.0000000000000E+000    -0.1230000000000E+003  0.0000000000000E+000    -0.1230000000000E+003  0.0000000000000E+000
! 3 Dipole moments Y (MCH) in a.u.
-0.1230000000000E+003  0.0000000000000E+000    -0.1230000000000E+003  0.0000000000000E+000    -0.1230000000000E+003  0.0000000000000E+000
-0.1230000000000E+003  0.0000000000000E+000    -0.1230000000000E+003  0.0000000000000E+000    -0.1230000000000E+003  0.0000000000000E+000
-0.1230000000000E+003  0.0000000000000E+000    -0.1230000000000E+003  0.0000000000000E+000    -0.1230000000000E+003  0.0000000000000E+000
! 3 Dipole moments Z (MCH) in a.u.
-0.1230000000000E+003  0.0000000000000E+000    -0.1230000000000E+003  0.0000000000000E+000    -0.1230000000000E+003  0.0000000000000E+000
-0.1230000000000E+003  0.0000000000000E+000    -0.1230000000000E+003  0.0000000000000E+000    -0.1230000000000E+003  0.0000000000000E+000
-0.1230000000000E+003  0.0000000000000E+000    -0.1230000000000E+003  0.0000000000000E+000    -0.1230000000000E+003  0.0000000000000E+000
! 5 Coefficients (diag)
 0.5590333893991E-004 -0.7586514041220E-005
 0.1705198071330E+000 -0.2858822656258E+000
 0.6545941294900E+000 -0.6787494736870E+000
! 6 Hopping Probabilities (diag)
 0.0000000000000E+000
 0.0000000000000E+000
 0.0000000000000E+000
! 7 Ekin (a.u.)
 0.2827713294233E-001
! 8 states (diag, MCH)
           3            3
! 9 Random number
 0.5790555314638E+000
! 10 Runtime (sec)
           2
! 11 Geometry in a.u.
-0.7553082630766E-001 -0.1408338648339E+000  0.4125499373859E-001
 0.2592913095885E+001  0.1448270975741E+000 -0.4660127295850E-001
-0.1225118065655E+001  0.2973496538128E+000 -0.1594930388343E+001
 0.3776391979602E+001  0.7592845430092E+000  0.1509679417979E+001
 0.4021050573840E+001 -0.3874666439476E+000 -0.1402025527838E+001
-0.1231214827929E+001 -0.7166300161959E+000  0.1551006202625E+001
! 12 Velocities in a.u.
-0.3924892528707E-003 -0.1186720697616E-003 -0.1131439551011E-003
 0.3903963845064E-003  0.2584115032558E-003  0.1840427035557E-003
 0.5328896543479E-003 -0.1379775338618E-002  0.2175907195721E-002
-0.1380496730732E-002 -0.2599868559299E-002 -0.2296335055849E-002
 0.7432890360764E-003  0.5766482020593E-003  0.1679379226452E-003
 0.1292557908573E-003  0.1737905933656E-002 -0.8923167523787E-003
! 0 Step
          36
! 1 Hamiltonian (MCH) in a.u.
-0.7793907165527E+002  0.0000000000000E+000     0.0000000000000E+000  0.0000000000000E+000     0.0000000000000E+000  0.0000000000000E+000
 0.0000000000000E+000  0.0000000000000E+000    -0.7770580291748E+002  0.0000000000000E+000     0.0000000000000E+000  0.0000000000000E+000
 0.0000000000000E+000  0.0000000000000E+000     0.0000000000000E+000  0.0000000000000E+000    -0.7767923736572E+002  0.0000000000000E+000
! 2 U matrix
 0.1000000000000E+001  0.0000000000000E+000     0.0000000000000E+000  0.0000000000000E+000     0.0000000000000E+000  0.0000000000000E+000
 0.0000000000000E+000  0.0000000000000E+000     0.1000000000000E+001  0.0000000000000E+000     0.0000000000000E+000  0.0000000000000E+000
 0.0000000000000E+000  0.0000000000000E+000     0.0000000000000E+000  0.0000000000000E+000     0.1000000000000E+001  0.0000000000000E+000
! 3 Dipole moments X (MCH) in a.u.
-0.1230000000000E+003  0.0000000000000E+000    -0.1230000000000E+003  0.0000000000000E+000    -0.1230000000000E+003  0.0000000000000E+000
-0.1230000000000E+003  0.0000000000000E+000    -0.1230000000000E+003  0.0000000000000E+000    -0.1230000000000E+003  0.0000000000000E+000
-0.1230000000000E+003  0.0000000000000E+000    -0.1230000000000E+003  0.0000000000000E+000    -0.1230000000000E+003  0.0000000000000E+000
! 3 Dipole moments Y (MCH) in a.u.
-0.1230000000000E+003  0.0000000000000E+000    -0.1230000000000E+003  0.0000000000000E+000    -0.1230000000000E+003  0.0000000000000E+000
-0.1230000000000E+003  0.0000000000000E+000    -0.1230000000000E+003  0.0000000000000E+000    -0.1230000000000E+003  0.0000000000000E+000
-0.1230000000000E+003  0.0000000000000E+000    -0.1230000000000E+003  0.0000000000000E+000    -0.1230000000000E+003  0.0000000000000E+000
! 3 Dipole moments Z (MCH) in a.u.
-0.1230000000000E+003  0.0000000000000E+000    -0.1230000000000E+003  0.0000000000000E+000    -0.1230000000000E+003  0.0000000000000E+000
-0.1230000000000E+003  0.0000000000000E+000    -0.1230000000000E+003  0.0000000000000E+000    -0.1230000000000E+003  0.0000000000000E+000
-0.1230000000000E+003  0.0000000000000E+000    -0.1230000000000E+003  0.0000000000000E+000    -0.1230000000000E+003  0.0000000000000E+000
! 5 Coefficients (diag)
-0.2664495590540E-004  0.2317652788674E-004
-0.3159145759696E+000  0.2969875471056E-001
-0.8724823058284E+000  0.3716054216879E+000
! 6 Hopping Probabilities (diag)
 0.0000000000000E+000
 0.0000000000000E+000
 0.0000000000000E+000
! 7 Ekin (a.u.)
 0.2113011701028E-001
! 8 states (diag, MCH)
           3            3
! 9 Random number
 0.1118543626775E-001
! 10 Runtime (sec)
           3
! 11 Geometry in a.u.
-0.8354072094344E-001 -0.1431973398112E+000  0.3875908276819E-001
 0.2601070308663E+001  0.1500971172112E+000 -0.4265150027904E-001
-0.1216888607383E+001  0.2753914592440E+000 -0.1549927888869E+001
 0.3748190833890E+001  0.7133756505416E+000  0.1461898624691E+001
 0.4038284627052E+001 -0.3826571337215E+000 -0.1399160479417E+001
-0.1230232592713E+001 -0.6882058834958E+000  0.1533595699282E+001
! 12 Velocities in a.u.
-0.3795472715690E-003 -0.1098729546628E-003 -0.1254889508901E-003
 0.3954597112484E-003  0.2496664017851E-003  0.1930907015407E-003
 0.2397457182985E-003 -0.7392720959917E-003  0.2133259891879E-002
-0.1311420816762E-002 -0.1826878015853E-002 -0.2279658568208E-002
 0.9264365154552E-003 -0.1044627117593E-003  0.1140083656230E-003
-0.4436905232669E-004  0.1004879421154E-002 -0.7731304332763E-003
! 0 Step
          37
! 1 Hamiltonian (MCH) in a.u.
-0.7793595886230E+002  0.0000000000000E+000     0.0000000000000E+000  0.0000000000000E+000     0.0000000000000E+000  0.0000000000000E+000
 0.0000000000000E+000  0.0000000000000E+000    -0.7770074462891E+002  0.0000000000000E+000     0.0000000000000E+000  0.0000000000000E+000
 0.0000000000000E+000  0.0000000000000E+000     0.0000000000000E+000  0.0000000000000E+000    -0.7767505645752E+002  0.0000000000000E+000
! 2 U matrix
 0.1000000000000E+001  0.0000000000000E+000     0.0000000000000E+000  0.0000000000000E+000     0.0000000000000E+000  0.0000000000000E+000
 0.0000000000000E+000  0.0000000000000E+000     0.1000000000000E+001  0.0000000000000E+000     0.0000000000000E+000  0.0000000000000E+000
 0.0000000000000E+000  0.0000000000000E+000     0.0000000000000E+000  0.0000000000000E+000     0.1000000000000E+001  0.0000000000000E+000
! 3 Dipole moments X (MCH) in a.u.
-0.1230000000000E+003  0.0000000000000E+000    -0.1230000000000E+003  0.0000000000000E+000    -0.1230000000000E+003  0.0000000000000E+000
-0.1230000000000E+003  0.0000000000000E+000    -0.1230000000000E+003  0.0000000000000E+000    -0.1230000000000E+003  0.0000000000000E+000
-0.1230000000000E+003  0.0000000000000E+000    -0.1230000000000E+003  0.0000000000000E+000    -0.1230000000000E+003  0.0000000000000E+000
! 3 Dipole moments Y (MCH) in a.u.
-0.1230000000000E+003  0.0000000000000E+000    -0.1230000000000E+003  0.0000000000000E+000    -0.1230000000000E+003  0.0000000000000E+000
-0.1230000000000E+003  0.0000000000000E+000    -0.1230000000000E+003  0.0000000000000E+000    -0.1230000000000E+003  0.0000000000000E+000
-0.1230000000000E+003  0.0000000000000E+000    -0.1230000000000E+003  0.0000000000000E+000    -0.1230000000000E+003  0.0000000000000E+000
! 3 Dipole moments Z (MCH) in a.u.
-0.1230000000000E+003  0.0000000000000E+000    -0.1230000000000E+003  0.0000000000000E+000    -0.1230000000000E+003  0.0000000000000E+000
-0.1230000000000E+003  0.0000000000000E+000    -0.1230000000000E+003  0.0000000000000E+000    -0.1230000000000E+003  0.0000000000000E+000
-0.1230000000000E+003  0.0000000000000E+000    -0.1230000000000E+003  0.0000000000000E+000    -0.1230000000000E+003  0.0000000000000E+000
! 5 Coefficients (diag)
 0.5641113205523E-005 -0.2319798891953E-004
 0.2274362798195E+000  0.2036820505468E+000
 0.9456025829071E+000 -0.1123481888437E+000
! 6 Hopping Probabilities (diag)
 0.0000000000000E+000
 0.0000000000000E+000
 0.0000000000000E+000
! 7 Ekin (a.u.)
 0.1698466102435E-001
! 8 states (diag, MCH)
           3            3
! 9 Random number
 0.3362749478892E+000
! 10 Runtime (sec)
           3
! 11 Geometry in a.u.
-0.9122183175994E-001 -0.1453761636721E+000  0.3606710817041E-001
 0.2609261943447E+001  0.1551486494995E+000 -0.3861863817856E-001
-0.1215206648409E+001  0.2667871300961E+000 -0.1506738494732E+001
 0.3722176042017E+001  0.6837588969180E+000  0.1415435202034E+001
 0.4059350731697E+001 -0.3917852759141E+000 -0.1397312265431E+001
-0.1233049105486E+001 -0.6750869208891E+000  0.1519043928746E+001
! 12 Velocities in a.u.
-0.3600402002286E-003 -0.1005921562789E-003 -0.1329546848319E-003
 0.3931737578828E-003  0.2373568048773E-003  0.1931356218943E-003
-0.9187680738350E-004 -0.9437069739162E-004  0.2020525339683E-002
-0.1178368976581E-002 -0.1030430235437E-002 -0.2182029734224E-002
 0.1107772018776E-002 -0.7685704342497E-003  0.7306205096253E-004
-0.2323351377034E-003  0.2637281684708E-003 -0.6286543977777E-003
! 0 Step
          38
! 1 Hamiltonian (MCH) in a.u.
-0.7793020629883E+002  0.0000000000000E+000     0.0000000000000E+000  0.0000000000000E+000     0.0000000000000E+000  0.0000000000000E+000
 0.0000000000000E+000  0.0000000000000E+000    -0.7769736480713E+002  0.0000000000000E+000     0.0000000000000E+000  0.0000000000000E+000
 0.0000000000000E+000  0.0000000000000E+000     0.0000000000000E+000  0.0000000000000E+000    -0.7767436981201E+002  0.0000000000000E+000
! 2 U matrix
 0.1000000000000E+001  0.0000000000000E+000     0.0000000000000E+000  0.0000000000000E+000     0.0000000000000E+000  0.0000000000000E+000
 0.0000000000000E+000  0.0000000000000E+000     0.1000000000000E+001  0.0000000000000E+000     0.0000000000000E+000  0.0000000000000E+000
 0.0000000000000E+000  0.0000000000000E+000     0.0000000000000E+000  0.0000000000000E+000     0.1000000000000E+001  0.0000000000000E+000
! 3 Dipole moments X (MCH) in a.u.
-0.1230000000000E+003  0.0000000000000E+000    -0.1230000000000E+003  0.0000000000000E+000    -0.1230000000000E+003  0.0000000000000E+000
-0.1230000000000E+003  0.0000000000000E+000    -0.1230000000000E+003  0.0000000000000E+000    -0.1230000000000E+003  0.0000000000000E+000
-0.1230000000000E+003  0.0000000000000E+000    -0.1230000000000E+003  0.0000000000000E+000    -0.1230000000000E+003  0.0000000000000E+000
! 3 Dipole moments Y (MCH) in a.u.
-0.1230000000000E+003  0.0000000000000E+000    -0.1230000000000E+003  0.0000000000000E+000    -0.1230000000000E+003  0.0000000000000E+000
-0.1230000000000E+003  0.0000000000000E+000    -0.1230000000000E+003  0.0000000000000E+000    -0.1230000000000E+003  0.0000000000000E+000
-0.1230000000000E+003  0.0000000000000E+000    -0.1230000000000E+003  0.0000000000000E+000    -0.1230000000000E+003  0.0000000000000E+000
! 3 Dipole moments Z (MCH) in a.u.
-0.1230000000000E+003  0.0000000000000E+000    -0.1230000000000E+003  0.0000000000000E+000    -0.1230000000000E+003  0.0000000000000E+000
-0.1230000000000E+003  0.0000000000000E+000    -0.1230000000000E+003  0.0000000000000E+000    -0.1230000000000E+003  0.0000000000000E+000
-0.1230000000000E+003  0.0000000000000E+000    -0.1230000000000E+003  0.0000000000000E+000    -0.1230000000000E+003  0.0000000000000E+000
! 5 Coefficients (diag)
 0.7471350442403E-005  0.1468887042054E-004
-0.3032462094831E-001 -0.2937441258645E+000
-0.9488409522890E+000 -0.1117839562376E+000
! 6 Hopping Probabilities (diag)
 0.0000000000000E+000
 0.0000000000000E+000
 0.0000000000000E+000
! 7 Ekin (a.u.)
 0.1630326237680E-001
! 8 states (diag, MCH)
           3            3
! 9 Random number
 0.2883307609196E+000
! 10 Runtime (sec)
           2
! 11 Geometry in a.u.
-0.9842527727676E-001 -0.1473559576985E+000  0.3326255350590E-001
 0.2617324651773E+001  0.1599097734953E+000 -0.3466700842998E-001
-0.1220686920778E+001  0.2714900450113E+000 -0.1466396596468E+001
 0.3699475442103E+001  0.6707762494826E+000  0.1371690518820E+001
 0.4084081443650E+001 -0.4144308909782E+000 -0.1396139993892E+001
-0.1239837646380E+001 -0.6773029988241E+000  0.1507606263125E+001
! 12 Velocities in a.u.
-0.3324666919357E-003 -0.9053239171088E-004 -0.1369158364484E-003
 0.3820770560258E-003  0.2213287603714E-003  0.1856223144413E-003
-0.4458278789590E-003  0.5448905460682E-003  0.1870650736772E-002
-0.9967597684774E-003 -0.2202085914402E-003 -0.2022277243083E-002
 0.1274341204311E-002 -0.1409375349847E-002  0.5139523047705E-004
-0.4228948206680E-003 -0.4738336431315E-003 -0.4801395286308E-003
! 0 Step
          39
! 1 Hamiltonian (MCH) in a.u.
-0.7792256164551E+002  0.0000000000000E+000     0.0000000000000E+000  0.0000000000000E+000     0.0000000000000E+000  0.0000000000000E+000
 0.0000000000000E+000  0.0000000000000E+000    -0.7769623565674E+002  0.0000000000000E+000     0.0000000000000E+000  0.0000000000000E+000
 0.0000000000000E+000  0.0000000000000E+000     0.0000000000000E+000  0.0000000000000E+000    -0.7767724609375E+002  0.0000000000000E+000
! 2 U matrix
 0.1000000000000E+001  0.0000000000000E+000     0.0000000000000E+000  0.0000000000000E+000     0.0000000000000E+000  0.0000000000000E+000
 0.0000000000000E+000  0.0000000000000E+000     0.1000000000000E+001  0.0000000000000E+000     0.0000000000000E+000  0.0000000000000E+000
 0.0000000000000E+000  0.0000000000000E+000     0.0000000000000E+000  0.0000000000000E+000     0.1000000000000E+001  0.0000000000000E+000
! 3 Dipole moments X (MCH) in a.u.
-0.1230000000000E+003  0.0000000000000E+000    -0.1230000000000E+003  0.0000000000000E+000    -0.1230000000000E+003  0.0000000000000E+000
-0.1230000000000E+003  0.0000000000000E+000    -0.1230000000000E+003  0.0000000000000E+000    -0.1230000000000E+003  0.0000000000000E+000
-0.1230000000000E+003  0.0000000000000E+000    -0.1230000000000E+003  0.0000000000000E+000    -0.1230000000000E+003  0.0000000000000E+000
! 3 Dipole moments Y (MCH) in a.u.
-0.1230000000000E+003  0.0000000000000E+000    -0.1230000000000E+003  0.0000000000000E+000    -0.1230000000000E+003  0.0000000000000E+000
-0.1230000000000E+003  0.0000000000000E+000    -0.1230000000000E+003  0.0000000000000E+000    -0.1230000000000E+003  0.0000000000000E+000
-0.1230000000000E+003  0.0000000000000E+000    -0.1230000000000E+003  0.0000000000000E+000    -0.1230000000000E+003  0.0000000000000E+000
! 3 Dipole moments Z (MCH) in a.u.
-0.1230000000000E+003  0.0000000000000E+000    -0.1230000000000E+003  0.0000000000000E+000    -0.1230000000000E+003  0.0000000000000E+000
-0.1230000000000E+003  0.0000000000000E+000    -0.1230000000000E+003  0.0000000000000E+000    -0.1230000000000E+003  0.0000000000000E+000
-0.1230000000000E+003  0.0000000000000E+000    -0.1230000000000E+003  0.0000000000000E+000    -0.1230000000000E+003  0.0000000000000E+000
! 5 Coefficients (diag)
-0.1061850746626E-004 -0.2733247167677E-005
-0.1589643103738E+000  0.2379167654431E+000
 0.8909331274183E+000  0.3526529782900E+000
! 6 Hopping Probabilities (diag)
 0.0000000000000E+000
 0.0000000000000E+000
 0.0000000000000E+000
! 7 Ekin (a.u.)
 0.1914791969084E-001
! 8 states (diag, MCH)
           3            3
! 9 Random number
 0.1143770027152E+000
! 10 Runtime (sec)
           3
! 11 Geometry in a.u.
-0.1049664613928E+000 -0.1491188970767E+000  0.3040681946029E-001
 0.2625057533663E+001  0.1642986844119E+000 -0.3094475677790E-001
-0.1233637785197E+001  0.2893136535880E+000 -0.1429403224244E+001
 0.3680968624303E+001  0.6746551713277E+000  0.1331831483540E+001
 0.4112033747181E+001 -0.4500507884215E+000 -0.1395187516021E+001
-0.1250532158148E+001 -0.6946758544286E+000  0.1499194301240E+001
! 12 Velocities in a.u.
-0.2947121286685E-003 -0.7958378198763E-004 -0.1382151341750E-003
 0.3600001586816E-003  0.2008867690578E-003  0.1709072549710E-003
-0.8072272157430E-003  0.1171383795870E-002  0.1703036639001E-002
-0.7770248183190E-003  0.5974663466957E-003 -0.1807702384260E-002
 0.1410878701019E-002 -0.2017903206277E-002  0.5490837390755E-004
-0.6045779802427E-003 -0.1196353839671E-002 -0.3397915326744E-003
! 0 Step
          40
! 1 Hamiltonian (MCH) in a.u.
-0.7791391754150E+002  0.0000000000000E+000     0.0000000000000E+000  0.0000000000000E+000     0.0000000000000E+000  0.0000000000000E+000
 0.0000000000000E+000  0.0000000000000E+000    -0.7769776916504E+002  0.0000000000000E+000     0.0000000000000E+000  0.0000000000000E+000
 0.0000000000000E+000  0.0000000000000E+000     0.0000000000000E+000  0.0000000000000E+000    -0.7768335723877E+002  0.0000000000000E+000
! 2 U matrix
 0.1000000000000E+001  0.0000000000000E+000     0.0000000000000E+000  0.0000000000000E+000     0.0000000000000E+000  0.0000000000000E+000
 0.0000000000000E+000  0.0000000000000E+000     0.1000000000000E+001  0.0000000000000E+000     0.0000000000000E+000  0.0000000000000E+000
 0.0000000000000E+000  0.0000000000000E+000     0.0000000000000E+000  0.0000000000000E+000     0.1000000000000E+001  0.0000000000000E+000
! 3 Dipole moments X (MCH) in a.u.
-0.1230000000000E+003  0.0000000000000E+000    -0.1230000000000E+003  0.0000000000000E+000    -0.1230000000000E+003  0.0000000000000E+000
-0.1230000000000E+003  0.0000000000000E+000    -0.1230000000000E+003  0.0000000000000E+000    -0.1230000000000E+003  0.0000000000000E+000
-0.1230000000000E+003  0.0000000000000E+000    -0.1230000000000E+003  0.0000000000000E+000    -0.1230000000000E+003  0.0000000000000E+000
! 3 Dipole moments Y (MCH) in a.u.
-0.1230000000000E+003  0.0000000000000E+000    -0.1230000000000E+003  0.0000000000000E+000    -0.1230000000000E+003  0.0000000000000E+000
-0.1230000000000E+003  0.0000000000000E+000    -0.1230000000000E+003  0.0000000000000E+000    -0.1230000000000E+003  0.0000000000000E+000
-0.1230000000000E+003  0.0000000000000E+000    -0.1230000000000E+003  0.0000000000000E+000    -0.1230000000000E+003  0.0000000000000E+000
! 3 Dipole moments Z (MCH) in a.u.
-0.1230000000000E+003  0.0000000000000E+000    -0.1230000000000E+003  0.0000000000000E+000    -0.1230000000000E+003  0.0000000000000E+000
-0.1230000000000E+003  0.0000000000000E+000    -0.1230000000000E+003  0.0000000000000E+000    -0.1230000000000E+003  0.0000000000000E+000
-0.1230000000000E+003  0.0000000000000E+000    -0.1230000000000E+003  0.0000000000000E+000    -0.1230000000000E+003  0.0000000000000E+000
! 5 Coefficients (diag)
 0.4893186398810E-005 -0.4698970599861E-005
 0.2837713803127E+000 -0.5856573079937E-001
-0.7078959851643E+000 -0.6441483781192E+000
! 6 Hopping Probabilities (diag)
 0.0000000000000E+000
 0.7924255894073E-002
 0.0000000000000E+000
! 7 Ekin (a.u.)
 0.2523087329959E-001
! 8 states (diag, MCH)
           3            3
! 9 Random number
 0.2648528474057E-001
! 10 Runtime (sec)
           3
! 11 Geometry in a.u.
-0.1106090814145E+000 -0.1506460605411E+000  0.2754855004340E-001
 0.2632207552734E+001  0.1682147084130E+000 -0.2760146779653E-001
-0.1254058802470E+001  0.3199166598351E+000 -0.1395990722972E+001
 0.3667352168998E+001  0.6954763287765E+000  0.1296957619674E+001
 0.4142409106760E+001 -0.4978537807832E+000 -0.1393870006307E+001
-0.1264831730371E+001 -0.7267619095509E+000  0.1493558814516E+001
! 12 Velocities in a.u.
-0.2443639711657E-003 -0.6773836148163E-004 -0.1372913848030E-003
 0.3246375459971E-003  0.1750936248955E-003  0.1488974115134E-003
-0.1160649799103E-002  0.1775550940905E-002  0.1526964100077E-002
-0.5288196884594E-003  0.1412025820454E-002 -0.1542390037548E-002
 0.1499300390861E-002 -0.2578336927388E-002  0.9019614247156E-004
-0.7663451238199E-003 -0.1888450158901E-002 -0.2130640388718E-003
! 0 Step
          41
! 1 Hamiltonian (MCH) in a.u.
-0.7790502166748E+002  0.0000000000000E+000     0.0000000000000E+000  0.0000000000000E+000     0.0000000000000E+000  0.0000000000000E+000
 0.0000000000000E+000  0.0000000000000E+000    -0.7770217895508E+002  0.0000000000000E+000     0.0000000000000E+000  0.0000000000000E+000
 0.0000000000000E+000  0.0000000000000E+000     0.0000000000000E+000  0.0000000000000E+000    -0.7769219970703E+002  0.0000000000000E+000
! 2 U matrix
 0.1000000000000E+001  0.0000000000000E+000     0.0000000000000E+000  0.0000000000000E+000     0.0000000000000E+000  0.0000000000000E+000
 0.0000000000000E+000  0.0000000000000E+000     0.1000000000000E+001  0.0000000000000E+000     0.0000000000000E+000  0.0000000000000E+000
 0.0000000000000E+000  0.0000000000000E+000     0.0000000000000E+000  0.0000000000000E+000     0.1000000000000E+001  0.0000000000000E+000
! 3 Dipole moments X (MCH) in a.u.
-0.1230000000000E+003  0.0000000000000E+000    -0.1230000000000E+003  0.0000000000000E+000    -0.1230000000000E+003  0.0000000000000E+000
-0.1230000000000E+003  0.0000000000000E+000    -0.1230000000000E+003  0.0000000000000E+000    -0.1230000000000E+003  0.0000000000000E+000
-0.1230000000000E+003  0.0000000000000E+000    -0.1230000000000E+003  0.0000000000000E+000    -0.1230000000000E+003  0.0000000000000E+000
! 3 Dipole moments Y (MCH) in a.u.
-0.1230000000000E+003  0.0000000000000E+000    -0.1230000000000E+003  0.0000000000000E+000    -0.1230000000000E+003  0.0000000000000E+000
-0.1230000000000E+003  0.0000000000000E+000    -0.1230000000000E+003  0.0000000000000E+000    -0.1230000000000E+003  0.0000000000000E+000
-0.1230000000000E+003  0.0000000000000E+000    -0.1230000000000E+003  0.0000000000000E+000    -0.1230000000000E+003  0.0000000000000E+000
! 3 Dipole moments Z (MCH) in a.u.
-0.1230000000000E+003  0.0000000000000E+000    -0.1230000000000E+003  0.0000000000000E+000    -0.1230000000000E+003  0.0000000000000E+000
-0.1230000000000E+003  0.0000000000000E+000    -0.1230000000000E+003  0.0000000000000E+000    -0.1230000000000E+003  0.0000000000000E+000
-0.1230000000000E+003  0.0000000000000E+000    -0.1230000000000E+003  0.0000000000000E+000    -0.1230000000000E+003  0.0000000000000E+000
! 5 Coefficients (diag)
 0.1485682194343E-005  0.3585410312962E-005
-0.2595419013469E+000 -0.2409875438671E+000
 0.2771499520833E+000  0.8931690261039E+000
! 6 Hopping Probabilities (diag)
 0.0000000000000E+000
 0.5264548374771E-001
 0.0000000000000E+000
! 7 Ekin (a.u.)
 0.3403031723211E-001
! 8 states (diag, MCH)
           3            3
! 9 Random number
 0.9902534566609E+000
! 10 Runtime (sec)
           3
! 11 Geometry in a.u.
-0.1150688035544E+000 -0.1519192939679E+000  0.2473100506545E-001
 0.2638478495650E+001  0.1715372953273E+000 -0.2478913329988E-001
-0.1281620641853E+001  0.3627173679116E+000 -0.1366276431313E+001
 0.3659106492135E+001  0.7330302579300E+000  0.1268066961170E+001
 0.4174016884381E+001 -0.5566427779205E+000 -0.1391458683621E+001
-0.1282213918016E+001 -0.7727469774726E+000  0.1490385941265E+001
! 12 Velocities in a.u.
-0.1802244588049E-003 -0.5502825164409E-004 -0.1343400117697E-003
 0.2753002454861E-003  0.1430863425527E-003  0.1199472287747E-003
-0.1492790618939E-002  0.2347984717027E-002  0.1347176983516E-002
-0.2637360323643E-003  0.2211412046892E-002 -0.1236680239418E-002
 0.1522839266100E-002 -0.3072941381966E-002  0.1642209549574E-003
-0.8992051312551E-003 -0.2535726826165E-002 -0.1032181410477E-003
! 0 Step
          42
! 1 Hamiltonian (MCH) in a.u.
-0.7789633941650E+002  0.0000000000000E+000     0.0000000000000E+000  0.0000000000000E+000     0.0000000000000E+000  0.0000000000000E+000
 0.0000000000000E+000  0.0000000000000E+000    -0.7770951843262E+002  0.0000000000000E+000     0.0000000000000E+000  0.0000000000000E+000
 0.0000000000000E+000  0.0000000000000E+000     0.0000000000000E+000  0.0000000000000E+000    -0.7770314025879E+002  0.0000000000000E+000
! 2 U matrix
 0.1000000000000E+001  0.0000000000000E+000     0.0000000000000E+000  0.0000000000000E+000     0.0000000000000E+000  0.0000000000000E+000
 0.0000000000000E+000  0.0000000000000E+000     0.1000000000000E+001  0.0000000000000E+000     0.0000000000000E+000  0.0000000000000E+000
 0.0000000000000E+000  0.0000000000000E+000     0.0000000000000E+000  0.0000000000000E+000     0.1000000000000E+001  0.0000000000000E+000
! 3 Dipole moments X (MCH) in a.u.
-0.1230000000000E+003  0.0000000000000E+000    -0.1230000000000E+003  0.0000000000000E+000    -0.1230000000000E+003  0.0000000000000E+000
-0.1230000000000E+003  0.0000000000000E+000    -0.1230000000000E+003  0.0000000000000E+000    -0.1230000000000E+003  0.0000000000000E+000
-0.1230000000000E+003  0.0000000000000E+000    -0.1230000000000E+003  0.0000000000000E+000    -0.1230000000000E+003  0.0000000000000E+000
! 3 Dipole moments Y (MCH) in a.u.
-0.1230000000000E+003  0.0000000000000E+000    -0.1230000000000E+003  0.0000000000000E+000    -0.1230000000000E+003  0.0000000000000E+000
-0.1230000000000E+003  0.0000000000000E+000    -0.1230000000000E+003  0.0000000000000E+000    -0.1230000000000E+003  0.0000000000000E+000
-0.1230000000000E+003  0.0000000000000E+000    -0.1230000000000E+003  0.0000000000000E+000    -0.1230000000000E+003  0.0000000000000E+000
! 3 Dipole moments Z (MCH) in a.u.
-0.1230000000000E+003  0.0000000000000E+000    -0.1230000000000E+003  0.0000000000000E+000    -0.1230000000000E+003  0.0000000000000E+000
-0.1230000000000E+003  0.0000000000000E+000    -0.1230000000000E+003  0.0000000000000E+000    -0.1230000000000E+003  0.0000000000000E+000
-0.1230000000000E+003  0.0000000000000E+000    -0.1230000000000E+003  0.0000000000000E+000    -0.1230000000000E+003  0.0000000000000E+000
! 5 Coefficients (diag)
-0.1974757869885E-005  0.4046167905808E-006
-0.1126720436807E+000  0.5379737594086E+000
 0.3605838737845E+000 -0.7535705107839E+000
! 6 Hopping Probabilities (diag)
 0.0000000000000E+000
 0.1655090708394E+000
 0.0000000000000E+000
! 7 Ekin (a.u.)
 0.5134904281805E-001
! 8 states (diag, MCH)
           2            2
! 9 Random number
 0.1443469592977E-001
! 10 Runtime (sec)
           3
! 11 Geometry in a.u.
-0.1180598080500E+000 -0.1529210040363E+000  0.2199474946297E-001
 0.2643588842962E+001  0.1741300943197E+000 -0.2264268463123E-001
-0.1315772816759E+001  0.4169855726070E+000 -0.1340296576347E+001
 0.3656448959222E+001  0.7868991398050E+000  0.1245831560200E+001
 0.4205365373389E+001 -0.6248933976921E+000 -0.1387080886499E+001
-0.1302006105407E+001 -0.8315923389474E+000  0.1489291634812E+001
! 12 Velocities in a.u.
-0.1095087410637E-003 -0.4431216277535E-004 -0.1383518845989E-003
 0.2275785682262E-003  0.1118350715968E-003  0.9132961328671E-004
-0.1918164653546E-002  0.3079899362202E-002  0.1248071242667E-002
 0.3943484584895E-005  0.3188823613851E-002 -0.9728600058559E-003
 0.1573570185396E-002 -0.3729190686801E-002  0.3000220219862E-003
-0.1066230929652E-002 -0.3344113099536E-002 -0.1493130746285E-004
! 0 Step
          43
! 1 Hamiltonian (MCH) in a.u.
-0.7788824462891E+002  0.0000000000000E+000     0.0000000000000E+000  0.0000000000000E+000     0.0000000000000E+000  0.0000000000000E+000
 0.0000000000000E+000  0.0000000000000E+000    -0.7771963500977E+002  0.0000000000000E+000     0.0000000000000E+000  0.0000000000000E+000
 0.0000000000000E+000  0.0000000000000E+000     0.0000000000000E+000  0.0000000000000E+000    -0.7771620941162E+002  0.0000000000000E+000
! 2 U matrix
 0.1000000000000E+001  0.0000000000000E+000     0.0000000000000E+000  0.0000000000000E+000     0.0000000000000E+000  0.0000000000000E+000
 0.0000000000000E+000  0.0000000000000E+000     0.1000000000000E+001  0.0000000000000E+000     0.0000000000000E+000  0.0000000000000E+000
 0.0000000000000E+000  0.0000000000000E+000     0.0000000000000E+000  0.0000000000000E+000     0.1000000000000E+001  0.0000000000000E+000
! 3 Dipole moments X (MCH) in a.u.
-0.1230000000000E+003  0.0000000000000E+000    -0.1230000000000E+003  0.0000000000000E+000    -0.1230000000000E+003  0.0000000000000E+000
-0.1230000000000E+003  0.0000000000000E+000    -0.1230000000000E+003  0.0000000000000E+000    -0.1230000000000E+003  0.0000000000000E+000
-0.1230000000000E+003  0.0000000000000E+000    -0.1230000000000E+003  0.0000000000000E+000    -0.1230000000000E+003  0.0000000000000E+000
! 3 Dipole moments Y (MCH) in a.u.
-0.1230000000000E+003  0.0000000000000E+000    -0.1230000000000E+003  0.0000000000000E+000    -0.1230000000000E+003  0.0000000000000E+000
-0.1230000000000E+003  0.0000000000000E+000    -0.1230000000000E+003  0.0000000000000E+000    -0.1230000000000E+003  0.0000000000000E+000
-0.1230000000000E+003  0.0000000000000E+000    -0.1230000000000E+003  0.0000000000000E+000    -0.1230000000000E+003  0.0000000000000E+000
! 3 Dipole moments Z (MCH) in a.u.
-0.1230000000000E+003  0.0000000000000E+000    -0.1230000000000E+003  0.0000000000000E+000    -0.1230000000000E+003  0.0000000000000E+000
-0.1230000000000E+003  0.0000000000000E+000    -0.1230000000000E+003  0.0000000000000E+000    -0.1230000000000E+003  0.0000000000000E+000
-0.1230000000000E+003  0.0000000000000E+000    -0.1230000000000E+003  0.0000000000000E+000    -0.1230000000000E+003  0.0000000000000E+000
! 5 Coefficients (diag)
-0.1905349037630E-006 -0.1020871672817E-005
 0.6975262090800E+000 -0.1807961298729E+000
-0.6874552688572E+000  0.9041681474681E-001
! 6 Hopping Probabilities (diag)
 0.0000000000000E+000
 0.0000000000000E+000
 0.0000000000000E+000
! 7 Ekin (a.u.)
 0.6144392256724E-001
! 8 states (diag, MCH)
           2            2
! 9 Random number
 0.5107944415275E+000
! 10 Runtime (sec)
           3
! 11 Geometry in a.u.
-0.1192036852049E+000 -0.1537087415426E+000  0.1923302758247E-001
 0.2647184507056E+001  0.1760009673722E+000 -0.2122686267627E-001
-0.1357675987034E+001  0.4850320316086E+000 -0.1316644845267E+001
 0.3659216287662E+001  0.8596391856444E+000  0.1230847781495E+001
 0.4237768277875E+001 -0.7051714028334E+000 -0.1380546199474E+001
-0.1324487869186E+001 -0.9050071264346E+000  0.1490126299015E+001
! 12 Velocities in a.u.
-0.6384533539936E-006 -0.3212010976036E-004 -0.1281342815546E-003
 0.1176712040851E-003  0.6641896652299E-004  0.4497028893425E-004
-0.2113850728773E-002  0.3486073216302E-002  0.1058465170656E-002
 0.2566822267578E-003  0.3839358336628E-002 -0.4878064123459E-003
 0.1547243973675E-002 -0.4005771567714E-002  0.3475854964350E-003
-0.1084599923838E-002 -0.3728353796928E-002  0.7271072789504E-004
! 0 Step
          44
! 1 Hamiltonian (MCH) in a.u.
-0.7788173675537E+002  0.0000000000000E+000     0.0000000000000E+000  0.0000000000000E+000     0.0000000000000E+000  0.0000000000000E+000
 0.0000000000000E+000  0.0000000000000E+000    -0.7773094940186E+002  0.0000000000000E+000     0.0000000000000E+000  0.0000000000000E+000
 0.0000000000000E+000  0.0000000000000E+000     0.0000000000000E+000  0.0000000000000E+000    -0.7772995758057E+002  0.0000000000000E+000
! 2 U matrix
 0.1000000000000E+001  0.0000000000000E+000     0.0000000000000E+000  0.0000000000000E+000     0.0000000000000E+000  0.0000000000000E+000
 0.0000000000000E+000  0.0000000000000E+000     0.1000000000000E+001  0.0000000000000E+000     0.0000000000000E+000  0.0000000000000E+000
 0.0000000000000E+000  0.0000000000000E+000     0.0000000000000E+000  0.0000000000000E+000     0.1000000000000E+001  0.0000000000000E+000
! 3 Dipole moments X (MCH) in a.u.
-0.1230000000000E+003  0.0000000000000E+000    -0.1230000000000E+003  0.0000000000000E+000    -0.1230000000000E+003  0.0000000000000E+000
-0.1230000000000E+003  0.0000000000000E+000    -0.1230000000000E+003  0.0000000000000E+000    -0.1230000000000E+003  0.0000000000000E+000
-0.1230000000000E+003  0.0000000000000E+000    -0.1230000000000E+003  0.0000000000000E+000    -0.1230000000000E+003  0.0000000000000E+000
! 3 Dipole moments Y (MCH) in a.u.
-0.1230000000000E+003  0.0000000000000E+000    -0.1230000000000E+003  0.0000000000000E+000    -0.1230000000000E+003  0.0000000000000E+000
-0.1230000000000E+003  0.0000000000000E+000    -0.1230000000000E+003  0.0000000000000E+000    -0.1230000000000E+003  0.0000000000000E+000
-0.1230000000000E+003  0.0000000000000E+000    -0.1230000000000E+003  0.0000000000000E+000    -0.1230000000000E+003  0.0000000000000E+000
! 3 Dipole moments Z (MCH) in a.u.
-0.1230000000000E+003  0.0000000000000E+000    -0.1230000000000E+003  0.0000000000000E+000    -0.1230000000000E+003  0.0000000000000E+000
-0.1230000000000E+003  0.0000000000000E+000    -0.1230000000000E+003  0.0000000000000E+000    -0.1230000000000E+003  0.0000000000000E+000
-0.1230000000000E+003  0.0000000000000E+000    -0.1230000000000E+003  0.0000000000000E+000    -0.1230000000000E+003  0.0000000000000E+000
! 5 Coefficients (diag)
-0.2638541362647E-004  0.3754132159118E-002
-0.4322664799855E+000 -0.7560237708799E+000
 0.2033557147838E+000  0.4474439710241E+000
! 6 Hopping Probabilities (diag)
 0.0000000000000E+000
 0.0000000000000E+000
 0.0000000000000E+000
! 7 Ekin (a.u.)
 0.7297298871948E-001
! 8 states (diag, MCH)
           2            2
! 9 Random number
 0.4304047278296E+000
! 10 Runtime (sec)
           3
! 11 Geometry in a.u.
-0.1180862025885E+000 -0.1542488934855E+000  0.1669750229219E-001
 0.2648453532141E+001  0.1768759456112E+000 -0.2078355112741E-001
-0.1403162308912E+001  0.5611046269159E+000 -0.1296538172565E+001
 0.3667060554987E+001  0.9456234861671E+000  0.1225664973192E+001
 0.4269330564145E+001 -0.7904974955685E+000 -0.1372711224725E+001
-0.1346844955778E+001 -0.9857276051919E+000  0.1492297596160E+001
! 12 Velocities in a.u.
 0.1079797514142E-003 -0.1972010502449E-004 -0.1166603409169E-003
 0.7059421552800E-005  0.1549906873047E-004 -0.5982704863575E-006
-0.2269237668173E-002  0.3868294672359E-002  0.9035896787308E-003
 0.4822972539511E-003  0.4477962382681E-002 -0.5515704098283E-004
 0.1470399534127E-002 -0.4223824424422E-002  0.4386476995960E-003
-0.1054228732762E-002 -0.4072135878534E-002  0.1101350369445E-003
! 0 Step
          45
! 1 Hamiltonian (MCH) in a.u.
-0.7787644958496E+002  0.0000000000000E+000     0.0000000000000E+000  0.0000000000000E+000     0.0000000000000E+000  0.0000000000000E+000
 0.0000000000000E+000  0.0000000000000E+000    -0.7774472045898E+002  0.0000000000000E+000     0.0000000000000E+000  0.0000000000000E+000
 0.0000000000000E+000  0.0000000000000E+000     0.0000000000000E+000  0.0000000000000E+000    -0.7774173736572E+002  0.0000000000000E+000
! 2 U matrix
 0.1000000000000E+001  0.0000000000000E+000     0.0000000000000E+000  0.0000000000000E+000     0.0000000000000E+000  0.0000000000000E+000
 0.0000000000000E+000  0.0000000000000E+000     0.1000000000000E+001  0.0000000000000E+000     0.0000000000000E+000  0.0000000000000E+000
 0.0000000000000E+000  0.0000000000000E+000     0.0000000000000E+000  0.0000000000000E+000     0.1000000000000E+001  0.0000000000000E+000
! 3 Dipole moments X (MCH) in a.u.
-0.1230000000000E+003  0.0000000000000E+000    -0.1230000000000E+003  0.0000000000000E+000    -0.1230000000000E+003  0.0000000000000E+000
-0.1230000000000E+003  0.0000000000000E+000    -0.1230000000000E+003  0.0000000000000E+000    -0.1230000000000E+003  0.0000000000000E+000
-0.1230000000000E+003  0.0000000000000E+000    -0.1230000000000E+003  0.0000000000000E+000    -0.1230000000000E+003  0.0000000000000E+000
! 3 Dipole moments Y (MCH) in a.u.
-0.1230000000000E+003  0.0000000000000E+000    -0.1230000000000E+003  0.0000000000000E+000    -0.1230000000000E+003  0.0000000000000E+000
-0.1230000000000E+003  0.0000000000000E+000    -0.1230000000000E+003  0.0000000000000E+000    -0.1230000000000E+003  0.0000000000000E+000
-0.1230000000000E+003  0.0000000000000E+000    -0.1230000000000E+003  0.0000000000000E+000    -0.1230000000000E+003  0.0000000000000E+000
! 3 Dipole moments Z (MCH) in a.u.
-0.1230000000000E+003  0.0000000000000E+000    -0.1230000000000E+003  0.0000000000000E+000    -0.1230000000000E+003  0.0000000000000E+000
-0.1230000000000E+003  0.0000000000000E+000    -0.1230000000000E+003  0.0000000000000E+000    -0.1230000000000E+003  0.0000000000000E+000
-0.1230000000000E+003  0.0000000000000E+000    -0.1230000000000E+003  0.0000000000000E+000    -0.1230000000000E+003  0.0000000000000E+000
! 5 Coefficients (diag)
-0.4462694202602E-003  0.3493797330341E-002
-0.8641576844778E+000  0.4973983213093E+000
-0.4439179555504E-001  0.6199491130599E-001
! 6 Hopping Probabilities (diag)
 0.0000000000000E+000
 0.0000000000000E+000
 0.0000000000000E+000
! 7 Ekin (a.u.)
 0.8599166104945E-001
! 8 states (diag, MCH)
           2            2
! 9 Random number
 0.1546943691998E+000
! 10 Runtime (sec)
           3
! 11 Geometry in a.u.
-0.1147396539890E+000 -0.1545239977666E+000  0.1441012887522E-001
 0.2647476353238E+001  0.1766417201589E+000 -0.2125159599980E-001
-0.1451489388660E+001  0.6449526458291E+000 -0.1279289207016E+001
 0.3679155118496E+001  0.1044764300288E+001  0.1228567513671E+001
 0.4298556613967E+001 -0.8797901052657E+000 -0.1362411901163E+001
-0.1368071132808E+001 -0.1073354816061E+001  0.1494679432695E+001
! 12 Velocities in a.u.
 0.2188532429922E-003 -0.5894744907501E-005 -0.1019190013383E-003
-0.9762304311123E-004 -0.4010320067928E-004 -0.4195247440629E-004
-0.2419851125750E-002  0.4239139660793E-002  0.7645167052514E-003
 0.6659612254503E-003  0.5107914530909E-002  0.2822840411503E-003
 0.1297676346758E-002 -0.4392194459506E-002  0.5889871066507E-003
-0.9883263581508E-003 -0.4406762886383E-002  0.7853778769156E-004
! 0 Step
          46
! 1 Hamiltonian (MCH) in a.u.
-0.7787355804443E+002  0.0000000000000E+000     0.0000000000000E+000  0.0000000000000E+000     0.0000000000000E+000  0.0000000000000E+000
 0.0000000000000E+000  0.0000000000000E+000    -0.7775649261475E+002  0.0000000000000E+000     0.0000000000000E+000  0.0000000000000E+000
 0.0000000000000E+000  0.0000000000000E+000     0.0000000000000E+000  0.0000000000000E+000    -0.7775149536133E+002  0.0000000000000E+000
! 2 U matrix
 0.1000000000000E+001  0.0000000000000E+000     0.0000000000000E+000  0.0000000000000E+000     0.0000000000000E+000  0.0000000000000E+000
 0.0000000000000E+000  0.0000000000000E+000     0.1000000000000E+001  0.0000000000000E+000     0.0000000000000E+000  0.0000000000000E+000
 0.0000000000000E+000  0.0000000000000E+000     0.0000000000000E+000  0.0000000000000E+000     0.1000000000000E+001  0.0000000000000E+000
! 3 Dipole moments X (MCH) in a.u.
-0.1230000000000E+003  0.0000000000000E+000    -0.1230000000000E+003  0.0000000000000E+000    -0.1230000000000E+003  0.0000000000000E+000
-0.1230000000000E+003  0.0000000000000E+000    -0.1230000000000E+003  0.0000000000000E+000    -0.1230000000000E+003  0.0000000000000E+000
-0.1230000000000E+003  0.0000000000000E+000    -0.1230000000000E+003  0.0000000000000E+000    -0.1230000000000E+003  0.0000000000000E+000
! 3 Dipole moments Y (MCH) in a.u.
-0.1230000000000E+003  0.0000000000000E+000    -0.1230000000000E+003  0.0000000000000E+000    -0.1230000000000E+003  0.0000000000000E+000
-0.1230000000000E+003  0.0000000000000E+000    -0.1230000000000E+003  0.0000000000000E+000    -0.1230000000000E+003  0.0000000000000E+000
-0.1230000000000E+003  0.0000000000000E+000    -0.1230000000000E+003  0.0000000000000E+000    -0.1230000000000E+003  0.0000000000000E+000
! 3 Dipole moments Z (MCH) in a.u.
-0.1230000000000E+003  0.0000000000000E+000    -0.1230000000000E+003  0.0000000000000E+000    -0.1230000000000E+003  0.0000000000000E+000
-0.1230000000000E+003  0.0000000000000E+000    -0.1230000000000E+003  0.0000000000000E+000    -0.1230000000000E+003  0.0000000000000E+000
-0.1230000000000E+003  0.0000000000000E+000    -0.1230000000000E+003  0.0000000000000E+000    -0.1230000000000E+003  0.0000000000000E+000
! 5 Coefficients (diag)
 0.2367065978621E-001 -0.3913406362659E-001
 0.2388567712127E+000  0.8646581825315E+000
 0.1776472869894E+000  0.4020737949454E+000
! 6 Hopping Probabilities (diag)
 0.7689490489101E-002
 0.0000000000000E+000
 0.1979147148258E+000
! 7 Ekin (a.u.)
 0.9744264349267E-001
! 8 states (diag, MCH)
           2            2
! 9 Random number
 0.6362664829232E+000
! 10 Runtime (sec)
           2
! 11 Geometry in a.u.
-0.1090385089644E+000 -0.1544925903354E+000  0.1248403080791E-001
 0.2644417661469E+001  0.1752180242200E+000 -0.2251792403418E-001
-0.1503202277717E+001  0.7363564822527E+000 -0.1264932002032E+001
 0.3694592306635E+001  0.1156791687754E+001  0.1237334983124E+001
 0.4322978286465E+001 -0.9720768464796E+000 -0.1348361688859E+001
-0.1387703724727E+001 -0.1167909234877E+001  0.1495544456161E+001
! 12 Velocities in a.u.
 0.3258508542729E-003  0.8996589296772E-005 -0.8456637483849E-004
-0.1970879413004E-003 -0.9468770389681E-004 -0.7837923320316E-004
-0.2543322261304E-002  0.4505476845925E-002  0.6486869720308E-003
 0.8368561975057E-003  0.5634557568576E-002  0.5558011509007E-003
 0.1071971668401E-002 -0.4469783920380E-002  0.7539232622391E-003
-0.8998029555694E-003 -0.4649182666449E-002 -0.1680454611040E-004
! 0 Step
          47
! 1 Hamiltonian (MCH) in a.u.
-0.7787181854248E+002  0.0000000000000E+000     0.0000000000000E+000  0.0000000000000E+000     0.0000000000000E+000  0.0000000000000E+000
 0.0000000000000E+000  0.0000000000000E+000    -0.7776238250732E+002  0.0000000000000E+000     0.0000000000000E+000  0.0000000000000E+000
 0.0000000000000E+000  0.0000000000000E+000     0.0000000000000E+000  0.0000000000000E+000    -0.7775878906250E+002  0.0000000000000E+000
! 2 U matrix
 0.1000000000000E+001  0.0000000000000E+000     0.0000000000000E+000  0.0000000000000E+000     0.0000000000000E+000  0.0000000000000E+000
 0.0000000000000E+000  0.0000000000000E+000     0.1000000000000E+001  0.0000000000000E+000     0.0000000000000E+000  0.0000000000000E+000
 0.0000000000000E+000  0.0000000000000E+000     0.0000000000000E+000  0.0000000000000E+000     0.1000000000000E+001  0.0000000000000E+000
! 3 Dipole moments X (MCH) in a.u.
-0.1230000000000E+003  0.0000000000000E+000    -0.1230000000000E+003  0.0000000000000E+000    -0.1230000000000E+003  0.0000000000000E+000
-0.1230000000000E+003  0.0000000000000E+000    -0.1230000000000E+003  0.0000000000000E+000    -0.1230000000000E+003  0.0000000000000E+000
-0.1230000000000E+003  0.0000000000000E+000    -0.1230000000000E+003  0.0000000000000E+000    -0.1230000000000E+003  0.0000000000000E+000
! 3 Dipole moments Y (MCH) in a.u.
-0.1230000000000E+003  0.0000000000000E+000    -0.1230000000000E+003  0.0000000000000E+000    -0.1230000000000E+003  0.0000000000000E+000
-0.1230000000000E+003  0.0000000000000E+000    -0.1230000000000E+003  0.0000000000000E+000    -0.1230000000000E+003  0.0000000000000E+000
-0.1230000000000E+003  0.0000000000000E+000    -0.1230000000000E+003  0.0000000000000E+000    -0.1230000000000E+003  0.0000000000000E+000
! 3 Dipole moments Z (MCH) in a.u.
-0.1230000000000E+003  0.0000000000000E+000    -0.1230000000000E+003  0.0000000000000E+000    -0.1230000000000E+003  0.0000000000000E+000
-0.1230000000000E+003  0.0000000000000E+000    -0.1230000000000E+003  0.0000000000000E+000    -0.1230000000000E+003  0.0000000000000E+000
-0.1230000000000E+003  0.0000000000000E+000    -0.1230000000000E+003  0.0000000000000E+000    -0.1230000000000E+003  0.0000000000000E+000
! 5 Coefficients (diag)
 0.2833414519702E-002 -0.6822981968130E-001
 0.8923753999127E+000  0.1218182253443E+000
 0.4268416415481E+000 -0.4437727023445E-001
! 6 Hopping Probabilities (diag)
 0.1477215163786E-001
 0.0000000000000E+000
 0.0000000000000E+000
! 7 Ekin (a.u.)
 0.1033637921841E+000
! 8 states (diag, MCH)
           2            2
! 9 Random number
 0.2662312129693E-001
! 10 Runtime (sec)
           3
! 11 Geometry in a.u.
-0.1012685321709E+000 -0.1541520664097E+000  0.1091403880142E-001
 0.2639328467077E+001  0.1727272004419E+000 -0.2449190114138E-001
-0.1556633823776E+001  0.8312152461695E+000 -0.1252471596728E+001
 0.3713751902985E+001  0.1277704648309E+001  0.1251545096551E+001
 0.4342873394915E+001 -0.1064577111046E+001 -0.1331243678113E+001
-0.1405270222722E+001 -0.1265558412378E+001  0.1493984709680E+001
! 12 Velocities in a.u.
 0.4138404727161E-003  0.2401076095981E-004 -0.6923166920817E-004
-0.2873387903298E-003 -0.1428434819011E-003 -0.1107980297374E-003
-0.2581750943712E-002  0.4579550078892E-002  0.5998343528465E-003
 0.1030406889294E-002  0.5957036911827E-002  0.7693015629982E-003
 0.8452311979836E-003 -0.4396391601662E-002  0.9298672334112E-003
-0.8012404744381E-003 -0.4724222904890E-002 -0.1538278113169E-003
! 0 Step
          48
! 1 Hamiltonian (MCH) in a.u.
-0.7786782836914E+002  0.0000000000000E+000     0.0000000000000E+000  0.0000000000000E+000     0.0000000000000E+000  0.0000000000000E+000
 0.0000000000000E+000  0.0000000000000E+000    -0.7776266479492E+002  0.0000000000000E+000     0.0000000000000E+000  0.0000000000000E+000
 0.0000000000000E+000  0.0000000000000E+000     0.0000000000000E+000  0.0000000000000E+000    -0.7776210784912E+002  0.0000000000000E+000
! 2 U matrix
 0.1000000000000E+001  0.0000000000000E+000     0.0000000000000E+000  0.0000000000000E+000     0.0000000000000E+000  0.0000000000000E+000
 0.0000000000000E+000  0.0000000000000E+000     0.1000000000000E+001  0.0000000000000E+000     0.0000000000000E+000  0.0000000000000E+000
 0.0000000000000E+000  0.0000000000000E+000     0.0000000000000E+000  0.0000000000000E+000     0.1000000000000E+001  0.0000000000000E+000
! 3 Dipole moments X (MCH) in a.u.
-0.1230000000000E+003  0.0000000000000E+000    -0.1230000000000E+003  0.0000000000000E+000    -0.1230000000000E+003  0.0000000000000E+000
-0.1230000000000E+003  0.0000000000000E+000    -0.1230000000000E+003  0.0000000000000E+000    -0.1230000000000E+003  0.0000000000000E+000
-0.1230000000000E+003  0.0000000000000E+000    -0.1230000000000E+003  0.0000000000000E+000    -0.1230000000000E+003  0.0000000000000E+000
! 3 Dipole moments Y (MCH) in a.u.
-0.1230000000000E+003  0.0000000000000E+000    -0.1230000000000E+003  0.0000000000000E+000    -0.1230000000000E+003  0.0000000000000E+000
-0.1230000000000E+003  0.0000000000000E+000    -0.1230000000000E+003  0.0000000000000E+000    -0.1230000000000E+003  0.0000000000000E+000
-0.1230000000000E+003  0.0000000000000E+000    -0.1230000000000E+003  0.0000000000000E+000    -0.1230000000000E+003  0.0000000000000E+000
! 3 Dipole moments Z (MCH) in a.u.
-0.1230000000000E+003  0.0000000000000E+000    -0.1230000000000E+003  0.0000000000000E+000    -0.1230000000000E+003  0.0000000000000E+000
-0.1230000000000E+003  0.0000000000000E+000    -0.1230000000000E+003  0.0000000000000E+000    -0.1230000000000E+003  0.0000000000000E+000
-0.1230000000000E+003  0.0000000000000E+000    -0.1230000000000E+003  0.0000000000000E+000    -0.1230000000000E+003  0.0000000000000E+000
! 5 Coefficients (diag)
 0.5803128639815E-003 -0.3421047762988E-001
 0.4939123457728E+000 -0.6782645323394E+000
 0.2063830952438E+000 -0.5022381340744E+000
! 6 Hopping Probabilities (diag)
 0.3498660887723E-002
 0.0000000000000E+000
 0.1337625134558E+000
! 7 Ekin (a.u.)
 0.1059003952857E+000
! 8 states (diag, MCH)
           2            2
! 9 Random number
 0.4838710569928E+000
! 10 Runtime (sec)
           3
! 11 Geometry in a.u.
-0.9192977548059E-001 -0.1534999525025E+000  0.9621898524558E-002
 0.2632538681265E+001  0.1693126785063E+000 -0.2709846674636E-001
-0.1609935407340E+001  0.9256813717714E+000 -0.1240134026112E+001
 0.3737190742533E+001  0.1403063774697E+001  0.1269138966247E+001
 0.4357921304975E+001 -0.1153829713012E+001 -0.1309919700410E+001
-0.1420828106312E+001 -0.1363215097707E+001  0.1489185003184E+001
! 12 Velocities in a.u.
 0.4962380316030E-003  0.4373921598853E-004 -0.6115611634041E-004
-0.3717946367686E-003 -0.1838915391338E-003 -0.1237593199593E-003
-0.2508347939825E-002  0.4598677387021E-002  0.5536641940243E-003
 0.1085484642832E-002  0.6116485309824E-002  0.8219317648535E-003
 0.6008125908978E-003 -0.4266275425876E-002  0.1063090992298E-002
-0.6607768183177E-003 -0.4778877315214E-002 -0.2352947462512E-003
! 0 Step
          49
! 1 Hamiltonian (MCH) in a.u.
-0.7786094665527E+002  0.0000000000000E+000     0.0000000000000E+000  0.0000000000000E+000     0.0000000000000E+000  0.0000000000000E+000
 0.0000000000000E+000  0.0000000000000E+000    -0.7776363372803E+002  0.0000000000000E+000     0.0000000000000E+000  0.0000000000000E+000
 0.0000000000000E+000  0.0000000000000E+000     0.0000000000000E+000  0.0000000000000E+000    -0.7775400543213E+002  0.0000000000000E+000
! 2 U matrix
 0.1000000000000E+001  0.0000000000000E+000     0.0000000000000E+000  0.0000000000000E+000     0.0000000000000E+000  0.0000000000000E+000
 0.0000000000000E+000  0.0000000000000E+000     0.1000000000000E+001  0.0000000000000E+000     0.0000000000000E+000  0.0000000000000E+000
 0.0000000000000E+000  0.0000000000000E+000     0.0000000000000E+000  0.0000000000000E+000     0.1000000000000E+001  0.0000000000000E+000
! 3 Dipole moments X (MCH) in a.u.
-0.1230000000000E+003  0.0000000000000E+000    -0.1230000000000E+003  0.0000000000000E+000    -0.1230000000000E+003  0.0000000000000E+000
-0.1230000000000E+003  0.0000000000000E+000    -0.1230000000000E+003  0.0000000000000E+000    -0.1230000000000E+003  0.0000000000000E+000
-0.1230000000000E+003  0.0000000000000E+000    -0.1230000000000E+003  0.0000000000000E+000    -0.1230000000000E+003  0.0000000000000E+000
! 3 Dipole moments Y (MCH) in a.u.
-0.1230000000000E+003  0.0000000000000E+000    -0.1230000000000E+003  0.0000000000000E+000    -0.1230000000000E+003  0.0000000000000E+000
-0.1230000000000E+003  0.0000000000000E+000    -0.1230000000000E+003  0.0000000000000E+000    -0.1230000000000E+003  0.0000000000000E+000
-0.1230000000000E+003  0.0000000000000E+000    -0.1230000000000E+003  0.0000000000000E+000    -0.1230000000000E+003  0.0000000000000E+000
! 3 Dipole moments Z (MCH) in a.u.
-0.1230000000000E+003  0.0000000000000E+000    -0.1230000000000E+003  0.0000000000000E+000    -0.1230000000000E+003  0.0000000000000E+000
-0.1230000000000E+003  0.0000000000000E+000    -0.1230000000000E+003  0.0000000000000E+000    -0.1230000000000E+003  0.0000000000000E+000
-0.1230000000000E+003  0.0000000000000E+000    -0.1230000000000E+003  0.0000000000000E+000    -0.1230000000000E+003  0.0000000000000E+000
! 5 Coefficients (diag)
 0.1873241542495E-001  0.2944870623785E-001
-0.1353580610794E+000 -0.5136499291655E+000
-0.5182249497920E+000 -0.6693778583845E+000
! 6 Hopping Probabilities (diag)
 0.2175071080691E-002
 0.0000000000000E+000
 0.7102648433040E+000
! 7 Ekin (a.u.)
 0.1065874481549E+000
! 8 states (diag, MCH)
           2            2
! 9 Random number
 0.8778649374074E+000
! 10 Runtime (sec)
           3
! 11 Geometry in a.u.
-0.8075337044332E-001 -0.1523438271522E+000  0.8385760964057E-002
 0.2623957966194E+001  0.1651248716694E+000 -0.2960828139153E-001
-0.1660332372411E+001  0.1021330884874E+001 -0.1229582358581E+001
 0.3758627328854E+001  0.1530568551001E+001  0.1285524884498E+001
 0.4367711812540E+001 -0.1240950796178E+001 -0.1287294036511E+001
-0.1432587643859E+001 -0.1463123763589E+001  0.1484257301732E+001
! 12 Velocities in a.u.
 0.5835698252345E-003  0.6892863777212E-004 -0.5877057334214E-004
-0.4554148410055E-003 -0.2196799345902E-003 -0.1146117065685E-003
-0.2368031280392E-002  0.4611132134620E-002  0.4715632438750E-003
 0.9944001237918E-003  0.6154054541782E-002  0.7209635926479E-003
 0.3323091048808E-003 -0.4113007934491E-002  0.1129207931993E-002
-0.4857316060872E-003 -0.4855874843789E-002 -0.2557679094747E-003
! 0 Step
          50
! 1 Hamiltonian (MCH) in a.u.
-0.7785471343994E+002  0.0000000000000E+000     0.0000000000000E+000  0.0000000000000E+000     0.0000000000000E+000  0.0000000000000E+000
 0.0000000000000E+000  0.0000000000000E+000    -0.7775979614258E+002  0.0000000000000E+000     0.0000000000000E+000  0.0000000000000E+000
 0.0000000000000E+000  0.0000000000000E+000     0.0000000000000E+000  0.0000000000000E+000    -0.7773809814453E+002  0.0000000000000E+000
! 2 U matrix
 0.1000000000000E+001  0.0000000000000E+000     0.0000000000000E+000  0.0000000000000E+000     0.0000000000000E+000  0.0000000000000E+000
 0.0000000000000E+000  0.0000000000000E+000     0.1000000000000E+001  0.0000000000000E+000     0.0000000000000E+000  0.0000000000000E+000
 0.0000000000000E+000  0.0000000000000E+000     0.0000000000000E+000  0.0000000000000E+000     0.1000000000000E+001  0.0000000000000E+000
! 3 Dipole moments X (MCH) in a.u.
-0.1230000000000E+003  0.0000000000000E+000    -0.1230000000000E+003  0.0000000000000E+000    -0.1230000000000E+003  0.0000000000000E+000
-0.1230000000000E+003  0.0000000000000E+000    -0.1230000000000E+003  0.0000000000000E+000    -0.1230000000000E+003  0.0000000000000E+000
-0.1230000000000E+003  0.0000000000000E+000    -0.1230000000000E+003  0.0000000000000E+000    -0.1230000000000E+003  0.0000000000000E+000
! 3 Dipole moments Y (MCH) in a.u.
-0.1230000000000E+003  0.0000000000000E+000    -0.1230000000000E+003  0.0000000000000E+000    -0.1230000000000E+003  0.0000000000000E+000
-0.1230000000000E+003  0.0000000000000E+000    -0.1230000000000E+003  0.0000000000000E+000    -0.1230000000000E+003  0.0000000000000E+000
-0.1230000000000E+003  0.0000000000000E+000    -0.1230000000000E+003  0.0000000000000E+000    -0.1230000000000E+003  0.0000000000000E+000
! 3 Dipole moments Z (MCH) in a.u.
-0.1230000000000E+003  0.0000000000000E+000    -0.1230000000000E+003  0.0000000000000E+000    -0.1230000000000E+003  0.0000000000000E+000
-0.1230000000000E+003  0.0000000000000E+000    -0.1230000000000E+003  0.0000000000000E+000    -0.1230000000000E+003  0.0000000000000E+000
-0.1230000000000E+003  0.0000000000000E+000    -0.1230000000000E+003  0.0000000000000E+000    -0.1230000000000E+003  0.0000000000000E+000
! 5 Coefficients (diag)
 0.4746760481120E-001  0.8380505598559E-001
-0.1458889881495E+000 -0.1669342422642E+000
-0.8757924209375E+000  0.4178044236357E+000
! 6 Hopping Probabilities (diag)
 0.4337220662673E-001
 0.0000000000000E+000
 0.7436976280865E+000
! 7 Ekin (a.u.)
 0.8105186465882E-001
! 8 states (diag, MCH)
           3            3
! 9 Random number
 0.2584068148702E+000
! 10 Runtime (sec)
           2
! 11 Geometry in a.u.
-0.6780419746842E-001 -0.1506503479549E+000  0.7192242310898E-002
 0.2613711206300E+001  0.1602308083161E+000 -0.3183667209619E-001
-0.1707833072572E+001  0.1116311906847E+001 -0.1220638953996E+001
 0.3778300609295E+001  0.1657480841034E+001  0.1298944591292E+001
 0.4371659419743E+001 -0.1323867109562E+001 -0.1263236693721E+001
-0.1440908917980E+001 -0.1563963632493E+001  0.1478611206552E+001
! 12 Velocities in a.u.
 0.5841300411703E-003  0.8453997285483E-004 -0.4984774319562E-004
-0.4691470766042E-003 -0.2227700052416E-003 -0.8709210663223E-004
-0.1942981996725E-002  0.3988404793771E-002  0.3798363976025E-003
 0.8096377405519E-003  0.5357124168903E-002  0.4750293413083E-003
 0.3686511165161E-004 -0.3411912557894E-002  0.1072594585113E-002
-0.2736209098268E-003 -0.4286511882367E-002 -0.2957296054822E-003
! 0 Step
          51
! 1 Hamiltonian (MCH) in a.u.
-0.7785058593750E+002  0.0000000000000E+000     0.0000000000000E+000  0.0000000000000E+000     0.0000000000000E+000  0.0000000000000E+000
 0.0000000000000E+000  0.0000000000000E+000    -0.7775342559814E+002  0.0000000000000E+000     0.0000000000000E+000  0.0000000000000E+000
 0.0000000000000E+000  0.0000000000000E+000     0.0000000000000E+000  0.0000000000000E+000    -0.7772264862061E+002  0.0000000000000E+000
! 2 U matrix
 0.1000000000000E+001  0.0000000000000E+000     0.0000000000000E+000  0.0000000000000E+000     0.0000000000000E+000  0.0000000000000E+000
 0.0000000000000E+000  0.0000000000000E+000     0.1000000000000E+001  0.0000000000000E+000     0.0000000000000E+000  0.0000000000000E+000
 0.0000000000000E+000  0.0000000000000E+000     0.0000000000000E+000  0.0000000000000E+000     0.1000000000000E+001  0.0000000000000E+000
! 3 Dipole moments X (MCH) in a.u.
-0.1230000000000E+003  0.0000000000000E+000    -0.1230000000000E+003  0.0000000000000E+000    -0.1230000000000E+003  0.0000000000000E+000
-0.1230000000000E+003  0.0000000000000E+000    -0.1230000000000E+003  0.0000000000000E+000    -0.1230000000000E+003  0.0000000000000E+000
-0.1230000000000E+003  0.0000000000000E+000    -0.1230000000000E+003  0.0000000000000E+000    -0.1230000000000E+003  0.0000000000000E+000
! 3 Dipole moments Y (MCH) in a.u.
-0.1230000000000E+003  0.0000000000000E+000    -0.1230000000000E+003  0.0000000000000E+000    -0.1230000000000E+003  0.0000000000000E+000
-0.1230000000000E+003  0.0000000000000E+000    -0.1230000000000E+003  0.0000000000000E+000    -0.1230000000000E+003  0.0000000000000E+000
-0.1230000000000E+003  0.0000000000000E+000    -0.1230000000000E+003  0.0000000000000E+000    -0.1230000000000E+003  0.0000000000000E+000
! 3 Dipole moments Z (MCH) in a.u.
-0.1230000000000E+003  0.0000000000000E+000    -0.1230000000000E+003  0.0000000000000E+000    -0.1230000000000E+003  0.0000000000000E+000
-0.1230000000000E+003  0.0000000000000E+000    -0.1230000000000E+003  0.0000000000000E+000    -0.1230000000000E+003  0.0000000000000E+000
-0.1230000000000E+003  0.0000000000000E+000    -0.1230000000000E+003  0.0000000000000E+000    -0.1230000000000E+003  0.0000000000000E+000
! 5 Coefficients (diag)
 0.2492371070671E-001  0.5179274246843E-001
-0.1710435269231E+000  0.7284881921887E-001
 0.5871517123421E+000  0.7857393642946E+000
! 6 Hopping Probabilities (diag)
 0.0000000000000E+000
 0.0000000000000E+000
 0.0000000000000E+000
! 7 Ekin (a.u.)
 0.6576219201742E-001
! 8 states (diag, MCH)
           3            3
! 9 Random number
 0.7645005734293E+000
! 10 Runtime (sec)
           3
! 11 Geometry in a.u.
-0.5575546872402E-001 -0.1487253613630E+000  0.6236388362237E-002
 0.2603986141384E+001  0.1554798950835E+000 -0.3354002555925E-001
-0.1742986790802E+001  0.1194240337456E+001 -0.1209713993281E+001
 0.3792285254426E+001  0.1762910457853E+001  0.1304021582562E+001
 0.4367306672735E+001 -0.1388719641621E+001 -0.1237347389211E+001
-0.1443075130030E+001 -0.1648796316977E+001  0.1468406200419E+001
! 12 Velocities in a.u.
 0.5763432221870E-003  0.1008803636881E-003 -0.4305313392465E-004
-0.4649069831671E-003 -0.2345685486078E-003 -0.7417937424964E-004
-0.1443052805721E-002  0.3525733000434E-002  0.6599026731193E-003
 0.5175524467659E-003  0.4802598456345E-002  0.1413003644781E-004
-0.4781986667683E-003 -0.2843278893136E-002  0.1403350280324E-002
 0.7586058448431E-004 -0.3892067233460E-002 -0.6804785391675E-003
! 0 Step
          52
! 1 Hamiltonian (MCH) in a.u.
-0.7784764099121E+002  0.0000000000000E+000     0.0000000000000E+000  0.0000000000000E+000     0.0000000000000E+000  0.0000000000000E+000
 0.0000000000000E+000  0.0000000000000E+000    -0.7774731445312E+002  0.0000000000000E+000     0.0000000000000E+000  0.0000000000000E+000
 0.0000000000000E+000  0.0000000000000E+000     0.0000000000000E+000  0.0000000000000E+000    -0.7770982360840E+002  0.0000000000000E+000
! 2 U matrix
 0.1000000000000E+001  0.0000000000000E+000     0.0000000000000E+000  0.0000000000000E+000     0.0000000000000E+000  0.0000000000000E+000
 0.0000000000000E+000  0.0000000000000E+000     0.1000000000000E+001  0.0000000000000E+000     0.0000000000000E+000  0.0000000000000E+000
 0.0000000000000E+000  0.0000000000000E+000     0.0000000000000E+000  0.0000000000000E+000     0.1000000000000E+001  0.0000000000000E+000
! 3 Dipole moments X (MCH) in a.u.
-0.1230000000000E+003  0.0000000000000E+000    -0.1230000000000E+003  0.0000000000000E+000    -0.1230000000000E+003  0.0000000000000E+000
-0.1230000000000E+003  0.0000000000000E+000    -0.1230000000000E+003  0.0000000000000E+000    -0.1230000000000E+003  0.0000000000000E+000
-0.1230000000000E+003  0.0000000000000E+000    -0.1230000000000E+003  0.0000000000000E+000    -0.1230000000000E+003  0.0000000000000E+000
! 3 Dipole moments Y (MCH) in a.u.
-0.1230000000000E+003  0.0000000000000E+000    -0.1230000000000E+003  0.0000000000000E+000    -0.1230000000000E+003  0.0000000000000E+000
-0.1230000000000E+003  0.0000000000000E+000    -0.1230000000000E+003  0.0000000000000E+000    -0.1230000000000E+003  0.0000000000000E+000
-0.1230000000000E+003  0.0000000000000E+000    -0.1230000000000E+003  0.0000000000000E+000    -0.1230000000000E+003  0.0000000000000E+000
! 3 Dipole moments Z (MCH) in a.u.
-0.1230000000000E+003  0.0000000000000E+000    -0.1230000000000E+003  0.0000000000000E+000    -0.1230000000000E+003  0.0000000000000E+000
-0.1230000000000E+003  0.0000000000000E+000    -0.1230000000000E+003  0.0000000000000E+000    -0.1230000000000E+003  0.0000000000000E+000
-0.1230000000000E+003  0.0000000000000E+000    -0.1230000000000E+003  0.0000000000000E+000    -0.1230000000000E+003  0.0000000000000E+000
! 5 Coefficients (diag)
-0.4146397333783E-002  0.3229452684202E-001
 0.3051104858201E-001  0.1607800360988E+000
 0.4262667606216E+000 -0.8890755736274E+000
! 6 Hopping Probabilities (diag)
 0.0000000000000E+000
 0.0000000000000E+000
 0.0000000000000E+000
! 7 Ekin (a.u.)
 0.5296314107259E-001
! 8 states (diag, MCH)
           3            3
! 9 Random number
 0.8551763637803E+000
! 10 Runtime (sec)
           2
! 11 Geometry in a.u.
-0.4397737715079E-001 -0.1464798151774E+000  0.5412366628070E-002
 0.2594491313143E+001  0.1505334223754E+000 -0.3490334930081E-001
-0.1767490857356E+001  0.1262070551098E+001 -0.1193357671222E+001
 0.3799696938217E+001  0.1856026856796E+001  0.1299528746404E+001
 0.4351890030132E+001 -0.1441412163779E+001 -0.1205220265862E+001
-0.1437772737236E+001 -0.1724867037037E+001  0.1450479289217E+001
! 12 Velocities in a.u.
 0.5581374584719E-003  0.1151620290995E-003 -0.3681633179957E-004
-0.4485089311086E-003 -0.2435181388462E-003 -0.5736670378330E-004
-0.9271708203026E-003  0.3020473184965E-002  0.8987228547114E-003
 0.2027221173452E-003  0.4196392750499E-002 -0.4193196892108E-003
-0.1018356640956E-002 -0.2241321879258E-002  0.1675750412216E-002
 0.4365070275047E-003 -0.3446094024938E-002 -0.1032899129072E-002
! 0 Step
          53
! 1 Hamiltonian (MCH) in a.u.
-0.7784648895264E+002  0.0000000000000E+000     0.0000000000000E+000  0.0000000000000E+000     0.0000000000000E+000  0.0000000000000E+000
 0.0000000000000E+000  0.0000000000000E+000    -0.7774239349365E+002  0.0000000000000E+000     0.0000000000000E+000  0.0000000000000E+000
 0.0000000000000E+000  0.0000000000000E+000     0.0000000000000E+000  0.0000000000000E+000    -0.7770024871826E+002  0.0000000000000E+000
! 2 U matrix
 0.1000000000000E+001  0.0000000000000E+000     0.0000000000000E+000  0.0000000000000E+000     0.0000000000000E+000  0.0000000000000E+000
 0.0000000000000E+000  0.0000000000000E+000     0.1000000000000E+001  0.0000000000000E+000     0.0000000000000E+000  0.0000000000000E+000
 0.0000000000000E+000  0.0000000000000E+000     0.0000000000000E+000  0.0000000000000E+000     0.1000000000000E+001  0.0000000000000E+000
! 3 Dipole moments X (MCH) in a.u.
-0.1230000000000E+003  0.0000000000000E+000    -0.1230000000000E+003  0.0000000000000E+000    -0.1230000000000E+003  0.0000000000000E+000
-0.1230000000000E+003  0.0000000000000E+000    -0.1230000000000E+003  0.0000000000000E+000    -0.1230000000000E+003  0.0000000000000E+000
-0.1230000000000E+003  0.0000000000000E+000    -0.1230000000000E+003  0.0000000000000E+000    -0.1230000000000E+003  0.0000000000000E+000
! 3 Dipole moments Y (MCH) in a.u.
-0.1230000000000E+003  0.0000000000000E+000    -0.1230000000000E+003  0.0000000000000E+000    -0.1230000000000E+003  0.0000000000000E+000
-0.1230000000000E+003  0.0000000000000E+000    -0.1230000000000E+003  0.0000000000000E+000    -0.1230000000000E+003  0.0000000000000E+000
-0.1230000000000E+003  0.0000000000000E+000    -0.1230000000000E+003  0.0000000000000E+000    -0.1230000000000E+003  0.0000000000000E+000
! 3 Dipole moments Z (MCH) in a.u.
-0.1230000000000E+003  0.0000000000000E+000    -0.1230000000000E+003  0.0000000000000E+000    -0.1230000000000E+003  0.0000000000000E+000
-0.1230000000000E+003  0.0000000000000E+000    -0.1230000000000E+003  0.0000000000000E+000    -0.1230000000000E+003  0.0000000000000E+000
-0.1230000000000E+003  0.0000000000000E+000    -0.1230000000000E+003  0.0000000000000E+000    -0.1230000000000E+003  0.0000000000000E+000
! 5 Coefficients (diag)
-0.1553908772040E-001  0.1385700427857E-001
 0.1430020522038E+000 -0.1037245277654E-001
-0.9548908266268E+000  0.2592158457696E+000
! 6 Hopping Probabilities (diag)
 0.0000000000000E+000
 0.0000000000000E+000
 0.0000000000000E+000
! 7 Ekin (a.u.)
 0.4340162274100E-001
! 8 states (diag, MCH)
           3            3
! 9 Random number
 0.1096503401176E+000
! 10 Runtime (sec)
           3
! 11 Geometry in a.u.
-0.3268129968098E-001 -0.1439644049240E+000  0.4714350644479E-002
 0.2585444166219E+001  0.1454125207916E+000 -0.3591164387736E-001
-0.1781317305829E+001  0.1319110847044E+001 -0.1172559556220E+001
 0.3800666065162E+001  0.1936395097212E+001  0.1286686330743E+001
 0.4325206410653E+001 -0.1481378966196E+001 -0.1168069565803E+001
-0.1425029330043E+001 -0.1791262576610E+001  0.1425704731907E+001
! 12 Velocities in a.u.
 0.5295977770208E-003  0.1268132705641E-003 -0.3079364015004E-004
-0.4216017781775E-003 -0.2517026437286E-003 -0.4125142820442E-004
-0.4154100644158E-003  0.2487172429970E-002  0.1091938954988E-002
-0.9979378604481E-004  0.3577767220621E-002 -0.7875847838926E-003
-0.1560686274982E-002 -0.1615853043561E-002  0.1894282138358E-002
 0.7890444876591E-003 -0.2960945112240E-002 -0.1340170703489E-002
! 0 Step
          54
! 1 Hamiltonian (MCH) in a.u.
-0.7784780883789E+002  0.0000000000000E+000     0.0000000000000E+000  0.0000000000000E+000     0.0000000000000E+000  0.0000000000000E+000
 0.0000000000000E+000  0.0000000000000E+000    -0.7773874664307E+002  0.0000000000000E+000     0.0000000000000E+000  0.0000000000000E+000
 0.0000000000000E+000  0.0000000000000E+000     0.0000000000000E+000  0.0000000000000E+000    -0.7769396972656E+002  0.0000000000000E+000
! 2 U matrix
 0.1000000000000E+001  0.0000000000000E+000     0.0000000000000E+000  0.0000000000000E+000     0.0000000000000E+000  0.0000000000000E+000
 0.0000000000000E+000  0.0000000000000E+000     0.1000000000000E+001  0.0000000000000E+000     0.0000000000000E+000  0.0000000000000E+000
 0.0000000000000E+000  0.0000000000000E+000     0.0000000000000E+000  0.0000000000000E+000     0.1000000000000E+001  0.0000000000000E+000
! 3 Dipole moments X (MCH) in a.u.
-0.1230000000000E+003  0.0000000000000E+000    -0.1230000000000E+003  0.0000000000000E+000    -0.1230000000000E+003  0.0000000000000E+000
-0.1230000000000E+003  0.0000000000000E+000    -0.1230000000000E+003  0.0000000000000E+000    -0.1230000000000E+003  0.0000000000000E+000
-0.1230000000000E+003  0.0000000000000E+000    -0.1230000000000E+003  0.0000000000000E+000    -0.1230000000000E+003  0.0000000000000E+000
! 3 Dipole moments Y (MCH) in a.u.
-0.1230000000000E+003  0.0000000000000E+000    -0.1230000000000E+003  0.0000000000000E+000    -0.1230000000000E+003  0.0000000000000E+000
-0.1230000000000E+003  0.0000000000000E+000    -0.1230000000000E+003  0.0000000000000E+000    -0.1230000000000E+003  0.0000000000000E+000
-0.1230000000000E+003  0.0000000000000E+000    -0.1230000000000E+003  0.0000000000000E+000    -0.1230000000000E+003  0.0000000000000E+000
! 3 Dipole moments Z (MCH) in a.u.
-0.1230000000000E+003  0.0000000000000E+000    -0.1230000000000E+003  0.0000000000000E+000    -0.1230000000000E+003  0.0000000000000E+000
-0.1230000000000E+003  0.0000000000000E+000    -0.1230000000000E+003  0.0000000000000E+000    -0.1230000000000E+003  0.0000000000000E+000
-0.1230000000000E+003  0.0000000000000E+000    -0.1230000000000E+003  0.0000000000000E+000    -0.1230000000000E+003  0.0000000000000E+000
! 5 Coefficients (diag)
-0.1623989937468E-001  0.3105541815891E-002
-0.6451889047440E-002 -0.1256752500703E+000
 0.9011656134473E+000  0.4144770959485E+000
! 6 Hopping Probabilities (diag)
 0.0000000000000E+000
 0.0000000000000E+000
 0.0000000000000E+000
! 7 Ekin (a.u.)
 0.3711037273979E-001
! 8 states (diag, MCH)
           3            3
! 9 Random number
 0.5508253724454E+000
! 10 Runtime (sec)
           2
! 11 Geometry in a.u.
-0.2208307773349E-001 -0.1412371804152E+000  0.4139315254278E-002
 0.2577061716633E+001  0.1401276894116E+000 -0.3660873999482E-001
-0.1784664479916E+001  0.1364893675074E+001 -0.1148215415224E+001
 0.3795571326052E+001  0.2003936667171E+001  0.1266968909820E+001
 0.4287369116179E+001 -0.1508213747708E+001 -0.1126908040778E+001
-0.1405152554493E+001 -0.1847276574347E+001  0.1395074791832E+001
! 12 Velocities in a.u.
 0.4907771746013E-003  0.1357542392494E-003 -0.2488245101948E-004
-0.3843098693185E-003 -0.2591883752686E-003 -0.2766901730871E-004
 0.8340546991946E-004  0.1932925718288E-002  0.1244364042884E-002
-0.3824741625183E-003  0.2954070223830E-002 -0.1087057629028E-002
-0.2090911629412E-002 -0.9715389402325E-003  0.2067576418413E-002
 0.1121350109740E-002 -0.2444655615816E-002 -0.1598696634159E-002
! 0 Step
          55
! 1 Hamiltonian (MCH) in a.u.
-0.7785192871094E+002  0.0000000000000E+000     0.0000000000000E+000  0.0000000000000E+000     0.0000000000000E+000  0.0000000000000E+000
 0.0000000000000E+000  0.0000000000000E+000    -0.7773634338379E+002  0.0000000000000E+000     0.0000000000000E+000  0.0000000000000E+000
 0.0000000000000E+000  0.0000000000000E+000     0.0000000000000E+000  0.0000000000000E+000    -0.7769081878662E+002  0.0000000000000E+000
! 2 U matrix
 0.1000000000000E+001  0.0000000000000E+000     0.0000000000000E+000  0.0000000000000E+000     0.0000000000000E+000  0.0000000000000E+000
 0.0000000000000E+000  0.0000000000000E+000     0.1000000000000E+001  0.0000000000000E+000     0.0000000000000E+000  0.0000000000000E+000
 0.0000000000000E+000  0.0000000000000E+000     0.0000000000000E+000  0.0000000000000E+000     0.1000000000000E+001  0.0000000000000E+000
! 3 Dipole moments X (MCH) in a.u.
-0.1230000000000E+003  0.0000000000000E+000    -0.1230000000000E+003  0.0000000000000E+000    -0.1230000000000E+003  0.0000000000000E+000
-0.1230000000000E+003  0.0000000000000E+000    -0.1230000000000E+003  0.0000000000000E+000    -0.1230000000000E+003  0.0000000000000E+000
-0.1230000000000E+003  0.0000000000000E+000    -0.1230000000000E+003  0.0000000000000E+000    -0.1230000000000E+003  0.0000000000000E+000
! 3 Dipole moments Y (MCH) in a.u.
-0.1230000000000E+003  0.0000000000000E+000    -0.1230000000000E+003  0.0000000000000E+000    -0.1230000000000E+003  0.0000000000000E+000
-0.1230000000000E+003  0.0000000000000E+000    -0.1230000000000E+003  0.0000000000000E+000    -0.1230000000000E+003  0.0000000000000E+000
-0.1230000000000E+003  0.0000000000000E+000    -0.1230000000000E+003  0.0000000000000E+000    -0.1230000000000E+003  0.0000000000000E+000
! 3 Dipole moments Z (MCH) in a.u.
-0.1230000000000E+003  0.0000000000000E+000    -0.1230000000000E+003  0.0000000000000E+000    -0.1230000000000E+003  0.0000000000000E+000
-0.1230000000000E+003  0.0000000000000E+000    -0.1230000000000E+003  0.0000000000000E+000    -0.1230000000000E+003  0.0000000000000E+000
-0.1230000000000E+003  0.0000000000000E+000    -0.1230000000000E+003  0.0000000000000E+000    -0.1230000000000E+003  0.0000000000000E+000
! 5 Coefficients (diag)
-0.9399744119708E-002  0.1659875986342E-002
-0.1117605480002E+000  0.1055930458884E-001
-0.5107156950862E+000 -0.8523358782851E+000
! 6 Hopping Probabilities (diag)
 0.8458929763958E-004
 0.1606700628171E-004
 0.0000000000000E+000
! 7 Ekin (a.u.)
 0.3395174341653E-001
! 8 states (diag, MCH)
           3            3
! 9 Random number
 0.3694165323028E+000
! 10 Runtime (sec)
           3
! 11 Geometry in a.u.
-0.1239189728141E-001 -0.1383521382373E+000  0.3685675947388E-002
 0.2569556268435E+001  0.1346973174054E+000 -0.3705551905174E-001
-0.1777869209159E+001  0.1399020650793E+001 -0.1121115837758E+001
 0.3784854058018E+001  0.2058520417194E+001  0.1241745875465E+001
 0.4238765252370E+001 -0.1521543720233E+001 -0.1082593117191E+001
-0.1378671176517E+001 -0.1892327997099E+001  0.1359612417504E+001
! 12 Velocities in a.u.
 0.4416853520543E-003  0.1421577603449E-003 -0.1896371127065E-004
-0.3367074516185E-003 -0.2657289936107E-003 -0.1723007146166E-004
 0.5648561070973E-003  0.1358849996344E-002  0.1360744705923E-002
-0.6424894633525E-003  0.2320446851538E-002 -0.1323980866589E-002
-0.2599190039484E-002 -0.3063075870283E-003  0.2203389743885E-002
 0.1425940478408E-002 -0.1900554247653E-002 -0.1808880241311E-002
! 0 Step
          56
! 1 Hamiltonian (MCH) in a.u.
-0.7785856628418E+002  0.0000000000000E+000     0.0000000000000E+000  0.0000000000000E+000     0.0000000000000E+000  0.0000000000000E+000
 0.0000000000000E+000  0.0000000000000E+000    -0.7773529815674E+002  0.0000000000000E+000     0.0000000000000E+000  0.0000000000000E+000
 0.0000000000000E+000  0.0000000000000E+000     0.0000000000000E+000  0.0000000000000E+000    -0.7769072723389E+002  0.0000000000000E+000
! 2 U matrix
 0.1000000000000E+001  0.0000000000000E+000     0.0000000000000E+000  0.0000000000000E+000     0.0000000000000E+000  0.0000000000000E+000
 0.0000000000000E+000  0.0000000000000E+000     0.1000000000000E+001  0.0000000000000E+000     0.0000000000000E+000  0.0000000000000E+000
 0.0000000000000E+000  0.0000000000000E+000     0.0000000000000E+000  0.0000000000000E+000     0.1000000000000E+001  0.0000000000000E+000
! 3 Dipole moments X (MCH) in a.u.
-0.1230000000000E+003  0.0000000000000E+000    -0.1230000000000E+003  0.0000000000000E+000    -0.1230000000000E+003  0.0000000000000E+000
-0.1230000000000E+003  0.0000000000000E+000    -0.1230000000000E+003  0.0000000000000E+000    -0.1230000000000E+003  0.0000000000000E+000
-0.1230000000000E+003  0.0000000000000E+000    -0.1230000000000E+003  0.0000000000000E+000    -0.1230000000000E+003  0.0000000000000E+000
! 3 Dipole moments Y (MCH) in a.u.
-0.1230000000000E+003  0.0000000000000E+000    -0.1230000000000E+003  0.0000000000000E+000    -0.1230000000000E+003  0.0000000000000E+000
-0.1230000000000E+003  0.0000000000000E+000    -0.1230000000000E+003  0.0000000000000E+000    -0.1230000000000E+003  0.0000000000000E+000
-0.1230000000000E+003  0.0000000000000E+000    -0.1230000000000E+003  0.0000000000000E+000    -0.1230000000000E+003  0.0000000000000E+000
! 3 Dipole moments Z (MCH) in a.u.
-0.1230000000000E+003  0.0000000000000E+000    -0.1230000000000E+003  0.0000000000000E+000    -0.1230000000000E+003  0.0000000000000E+000
-0.1230000000000E+003  0.0000000000000E+000    -0.1230000000000E+003  0.0000000000000E+000    -0.1230000000000E+003  0.0000000000000E+000
-0.1230000000000E+003  0.0000000000000E+000    -0.1230000000000E+003  0.0000000000000E+000    -0.1230000000000E+003  0.0000000000000E+000
! 5 Coefficients (diag)
 0.2715983654653E-003 -0.2160956155326E-002
 0.1654300254416E-001  0.9865822838213E-001
-0.2774552209504E-001  0.9945945533461E+000
! 6 Hopping Probabilities (diag)
 0.0000000000000E+000
 0.0000000000000E+000
 0.0000000000000E+000
! 7 Ekin (a.u.)
 0.3387024897383E-001
! 8 states (diag, MCH)
           3            3
! 9 Random number
 0.2195448838409E+000
! 10 Runtime (sec)
           2
! 11 Geometry in a.u.
-0.3823198697531E-002 -0.1353601833723E+000  0.3355329386817E-002
 0.2563141768171E+001  0.1291420878808E+000 -0.3732105481171E-001
-0.1761312552712E+001  0.1421070400079E+001 -0.1091960360323E+001
 0.3769009929283E+001  0.2099867126764E+001  0.1212233722525E+001
 0.4179915030387E+001 -0.1520876924018E+001 -0.1035816882773E+001
-0.1346202216822E+001 -0.1925848097043E+001  0.1320293198457E+001
! 12 Velocities in a.u.
 0.3819781682451E-003  0.1461425567171E-003 -0.1286194453475E-004
-0.2789271416311E-003 -0.2715341335931E-003 -0.1027677545144E-004
 0.1028356165295E-002  0.7626322913539E-003  0.1443712777278E-002
-0.8758874206047E-003  0.1669714848007E-002 -0.1504150276163E-002
-0.3081362139610E-002  0.3890757669272E-003  0.2308814944602E-002
 0.1700970552389E-002 -0.1327297319417E-002 -0.1972663986035E-002
! 0 Step
          57
! 1 Hamiltonian (MCH) in a.u.
-0.7786690521240E+002  0.0000000000000E+000     0.0000000000000E+000  0.0000000000000E+000     0.0000000000000E+000  0.0000000000000E+000
 0.0000000000000E+000  0.0000000000000E+000    -0.7773594665527E+002  0.0000000000000E+000     0.0000000000000E+000  0.0000000000000E+000
 0.0000000000000E+000  0.0000000000000E+000     0.0000000000000E+000  0.0000000000000E+000    -0.7769386291504E+002  0.0000000000000E+000
! 2 U matrix
 0.1000000000000E+001  0.0000000000000E+000     0.0000000000000E+000  0.0000000000000E+000     0.0000000000000E+000  0.0000000000000E+000
 0.0000000000000E+000  0.0000000000000E+000     0.1000000000000E+001  0.0000000000000E+000     0.0000000000000E+000  0.0000000000000E+000
 0.0000000000000E+000  0.0000000000000E+000     0.0000000000000E+000  0.0000000000000E+000     0.1000000000000E+001  0.0000000000000E+000
! 3 Dipole moments X (MCH) in a.u.
-0.1230000000000E+003  0.0000000000000E+000    -0.1230000000000E+003  0.0000000000000E+000    -0.1230000000000E+003  0.0000000000000E+000
-0.1230000000000E+003  0.0000000000000E+000    -0.1230000000000E+003  0.0000000000000E+000    -0.1230000000000E+003  0.0000000000000E+000
-0.1230000000000E+003  0.0000000000000E+000    -0.1230000000000E+003  0.0000000000000E+000    -0.1230000000000E+003  0.0000000000000E+000
! 3 Dipole moments Y (MCH) in a.u.
-0.1230000000000E+003  0.0000000000000E+000    -0.1230000000000E+003  0.0000000000000E+000    -0.1230000000000E+003  0.0000000000000E+000
-0.1230000000000E+003  0.0000000000000E+000    -0.1230000000000E+003  0.0000000000000E+000    -0.1230000000000E+003  0.0000000000000E+000
-0.1230000000000E+003  0.0000000000000E+000    -0.1230000000000E+003  0.0000000000000E+000    -0.1230000000000E+003  0.0000000000000E+000
! 3 Dipole moments Z (MCH) in a.u.
-0.1230000000000E+003  0.0000000000000E+000    -0.1230000000000E+003  0.0000000000000E+000    -0.1230000000000E+003  0.0000000000000E+000
-0.1230000000000E+003  0.0000000000000E+000    -0.1230000000000E+003  0.0000000000000E+000    -0.1230000000000E+003  0.0000000000000E+000
-0.1230000000000E+003  0.0000000000000E+000    -0.1230000000000E+003  0.0000000000000E+000    -0.1230000000000E+003  0.0000000000000E+000
! 5 Coefficients (diag)
 0.1198166584849E-002 -0.1566262798721E-002
 0.8632527181409E-001 -0.2132826389136E-001
 0.5855434246549E+000 -0.8057468967776E+000
! 6 Hopping Probabilities (diag)
 0.0000000000000E+000
 0.0000000000000E+000
 0.0000000000000E+000
! 7 Ekin (a.u.)
 0.3701528265573E-001
! 8 states (diag, MCH)
           3            3
! 9 Random number
 0.2115055576183E+000
! 10 Runtime (sec)
           3
! 11 Geometry in a.u.
 0.3399604777904E-002 -0.1323104042399E+000  0.3153945496561E-002
 0.2558025037339E+001  0.1234717234153E+000 -0.3748037506236E-001
-0.1735355553008E+001  0.1430548917068E+001 -0.1061430768844E+001
 0.3748643669164E+001  0.2127548722089E+001  0.1179562237346E+001
 0.4111377509776E+001 -0.1505458793697E+001 -0.9871435366042E+000
-0.1308350717878E+001 -0.1947200291108E+001  0.1278059779193E+001
! 12 Velocities in a.u.
 0.3121239364791E-003  0.1476596975569E-003 -0.6472867431252E-005
-0.2119668044488E-003 -0.2771419184385E-003 -0.6905919356859E-005
 0.1472859689821E-002  0.1421452190201E-003  0.1494797532465E-002
-0.1076821651075E-002  0.9957763416033E-003 -0.1632714372069E-002
-0.3536035942769E-002  0.1126657568528E-002  0.2390228188500E-002
 0.1946557830548E-002 -0.7217107587372E-003 -0.2092894075386E-002
! 0 Step
          58
! 1 Hamiltonian (MCH) in a.u.
-0.7787609863281E+002  0.0000000000000E+000     0.0000000000000E+000  0.0000000000000E+000     0.0000000000000E+000  0.0000000000000E+000
 0.0000000000000E+000  0.0000000000000E+000    -0.7773820495605E+002  0.0000000000000E+000     0.0000000000000E+000  0.0000000000000E+000
 0.0000000000000E+000  0.0000000000000E+000     0.0000000000000E+000  0.0000000000000E+000    -0.7770044708252E+002  0.0000000000000E+000
! 2 U matrix
 0.1000000000000E+001  0.0000000000000E+000     0.0000000000000E+000  0.0000000000000E+000     0.0000000000000E+000  0.0000000000000E+000
 0.0000000000000E+000  0.0000000000000E+000     0.1000000000000E+001  0.0000000000000E+000     0.0000000000000E+000  0.0000000000000E+000
 0.0000000000000E+000  0.0000000000000E+000     0.0000000000000E+000  0.0000000000000E+000     0.1000000000000E+001  0.0000000000000E+000
! 3 Dipole moments X (MCH) in a.u.
-0.1230000000000E+003  0.0000000000000E+000    -0.1230000000000E+003  0.0000000000000E+000    -0.1230000000000E+003  0.0000000000000E+000
-0.1230000000000E+003  0.0000000000000E+000    -0.1230000000000E+003  0.0000000000000E+000    -0.1230000000000E+003  0.0000000000000E+000
-0.1230000000000E+003  0.0000000000000E+000    -0.1230000000000E+003  0.0000000000000E+000    -0.1230000000000E+003  0.0000000000000E+000
! 3 Dipole moments Y (MCH) in a.u.
-0.1230000000000E+003  0.0000000000000E+000    -0.1230000000000E+003  0.0000000000000E+000    -0.1230000000000E+003  0.0000000000000E+000
-0.1230000000000E+003  0.0000000000000E+000    -0.1230000000000E+003  0.0000000000000E+000    -0.1230000000000E+003  0.0000000000000E+000
-0.1230000000000E+003  0.0000000000000E+000    -0.1230000000000E+003  0.0000000000000E+000    -0.1230000000000E+003  0.0000000000000E+000
! 3 Dipole moments Z (MCH) in a.u.
-0.1230000000000E+003  0.0000000000000E+000    -0.1230000000000E+003  0.0000000000000E+000    -0.1230000000000E+003  0.0000000000000E+000
-0.1230000000000E+003  0.0000000000000E+000    -0.1230000000000E+003  0.0000000000000E+000    -0.1230000000000E+003  0.0000000000000E+000
-0.1230000000000E+003  0.0000000000000E+000    -0.1230000000000E+003  0.0000000000000E+000    -0.1230000000000E+003  0.0000000000000E+000
! 5 Coefficients (diag)
 0.1101951401823E-002  0.2790334310768E-003
-0.2237477110393E-001 -0.7575547174824E-001
-0.9683148229934E+000  0.2369083990344E+000
! 6 Hopping Probabilities (diag)
 0.0000000000000E+000
 0.0000000000000E+000
 0.0000000000000E+000
! 7 Ekin (a.u.)
 0.4356503400244E-001
! 8 states (diag, MCH)
           3            3
! 9 Random number
 0.2398139999483E+000
! 10 Runtime (sec)
           3
! 11 Geometry in a.u.
 0.9080433487300E-002 -0.1292557286890E+000  0.3087732157793E-002
 0.2554378769373E+001  0.1176846603638E+000 -0.3760655500206E-001
-0.1700422510405E+001  0.1426946878647E+001 -0.1030163377473E+001
 0.3724492643391E+001  0.2141033888261E+001  0.1144735068120E+001
 0.4033730448350E+001 -0.1474299352857E+001 -0.9370015668759E+000
-0.1265728842830E+001 -0.1955684610960E+001  0.1233770083135E+001
! 12 Velocities in a.u.
 0.2343586473951E-003  0.1463471006582E-003  0.9911971814337E-007
-0.1392296125375E-003 -0.2819920058837E-003 -0.6096405134572E-005
 0.1893382821925E-002 -0.5014917388110E-003  0.1516172850467E-002
-0.1237788225579E-002  0.2964983952521E-003 -0.1715998894117E-002
-0.3951669424754E-002  0.1902733151323E-002  0.2445823188498E-002
 0.2162547966625E-002 -0.8143884691589E-004 -0.2174535436288E-002
! 0 Step
          59
! 1 Hamiltonian (MCH) in a.u.
-0.7788532257080E+002  0.0000000000000E+000     0.0000000000000E+000  0.0000000000000E+000     0.0000000000000E+000  0.0000000000000E+000
 0.0000000000000E+000  0.0000000000000E+000    -0.7774163818359E+002  0.0000000000000E+000     0.0000000000000E+000  0.0000000000000E+000
 0.0000000000000E+000  0.0000000000000E+000     0.0000000000000E+000  0.0000000000000E+000    -0.7770993041992E+002  0.0000000000000E+000
! 2 U matrix
 0.1000000000000E+001  0.0000000000000E+000     0.0000000000000E+000  0.0000000000000E+000     0.0000000000000E+000  0.0000000000000E+000
 0.0000000000000E+000  0.0000000000000E+000     0.1000000000000E+001  0.0000000000000E+000     0.0000000000000E+000  0.0000000000000E+000
 0.0000000000000E+000  0.0000000000000E+000     0.0000000000000E+000  0.0000000000000E+000     0.1000000000000E+001  0.0000000000000E+000
! 3 Dipole moments X (MCH) in a.u.
-0.1230000000000E+003  0.0000000000000E+000    -0.1230000000000E+003  0.0000000000000E+000    -0.1230000000000E+003  0.0000000000000E+000
-0.1230000000000E+003  0.0000000000000E+000    -0.1230000000000E+003  0.0000000000000E+000    -0.1230000000000E+003  0.0000000000000E+000
-0.1230000000000E+003  0.0000000000000E+000    -0.1230000000000E+003  0.0000000000000E+000    -0.1230000000000E+003  0.0000000000000E+000
! 3 Dipole moments Y (MCH) in a.u.
-0.1230000000000E+003  0.0000000000000E+000    -0.1230000000000E+003  0.0000000000000E+000    -0.1230000000000E+003  0.0000000000000E+000
-0.1230000000000E+003  0.0000000000000E+000    -0.1230000000000E+003  0.0000000000000E+000    -0.1230000000000E+003  0.0000000000000E+000
-0.1230000000000E+003  0.0000000000000E+000    -0.1230000000000E+003  0.0000000000000E+000    -0.1230000000000E+003  0.0000000000000E+000
! 3 Dipole moments Z (MCH) in a.u.
-0.1230000000000E+003  0.0000000000000E+000    -0.1230000000000E+003  0.0000000000000E+000    -0.1230000000000E+003  0.0000000000000E+000
-0.1230000000000E+003  0.0000000000000E+000    -0.1230000000000E+003  0.0000000000000E+000    -0.1230000000000E+003  0.0000000000000E+000
-0.1230000000000E+003  0.0000000000000E+000    -0.1230000000000E+003  0.0000000000000E+000    -0.1230000000000E+003  0.0000000000000E+000
! 5 Coefficients (diag)
-0.2025619553487E-004  0.6071700975936E-003
-0.6792237268864E-001  0.1900683795862E-001
 0.8061697110903E+000  0.5874651642897E+000
! 6 Hopping Probabilities (diag)
 0.0000000000000E+000
 0.0000000000000E+000
 0.0000000000000E+000
! 7 Ekin (a.u.)
 0.5281999444972E-001
! 8 states (diag, MCH)
           3            3
! 9 Random number
 0.8903543277414E+000
! 10 Runtime (sec)
           2
! 11 Geometry in a.u.
 0.1308831311419E-001 -0.1262602141151E+000  0.3158043241833E-002
 0.2552269093948E+001  0.1118137866225E+000 -0.3773240882303E-001
-0.1657080506901E+001  0.1409816559869E+001 -0.9987501009919E+000
 0.3697471804020E+001  0.2139806372940E+001  0.1108620486421E+001
 0.3948010068790E+001 -0.1426797192131E+001 -0.8860298470567E+000
-0.1218948015035E+001 -0.1950567084882E+001  0.1188161497891E+001
! 12 Velocities in a.u.
 0.1525271927615E-003  0.1415400029385E-003  0.6605115562858E-005
-0.6955759092902E-004 -0.2809834362786E-003 -0.4062237834202E-005
 0.2282491943158E-002 -0.1161368140098E-002  0.1508078897425E-002
-0.1349852059880E-002 -0.4216351908997E-003 -0.1757792934551E-002
-0.4271461307523E-002  0.2652673549728E-002  0.2441508628017E-002
 0.2350182446417E-002  0.5918928142492E-003 -0.2222094676744E-002
! 0 Step
          60
! 1 Hamiltonian (MCH) in a.u.
-0.7789349365234E+002  0.0000000000000E+000     0.0000000000000E+000  0.0000000000000E+000     0.0000000000000E+000  0.0000000000000E+000
 0.0000000000000E+000  0.0000000000000E+000    -0.7774526214600E+002  0.0000000000000E+000     0.0000000000000E+000  0.0000000000000E+000
 0.0000000000000E+000  0.0000000000000E+000     0.0000000000000E+000  0.0000000000000E+000    -0.7771971130371E+002  0.0000000000000E+000
! 2 U matrix
 0.1000000000000E+001  0.0000000000000E+000     0.0000000000000E+000  0.0000000000000E+000     0.0000000000000E+000  0.0000000000000E+000
 0.0000000000000E+000  0.0000000000000E+000     0.1000000000000E+001  0.0000000000000E+000     0.0000000000000E+000  0.0000000000000E+000
 0.0000000000000E+000  0.0000000000000E+000     0.0000000000000E+000  0.0000000000000E+000     0.1000000000000E+001  0.0000000000000E+000
! 3 Dipole moments X (MCH) in a.u.
-0.1230000000000E+003  0.0000000000000E+000    -0.1230000000000E+003  0.0000000000000E+000    -0.1230000000000E+003  0.0000000000000E+000
-0.1230000000000E+003  0.0000000000000E+000    -0.1230000000000E+003  0.0000000000000E+000    -0.1230000000000E+003  0.0000000000000E+000
-0.1230000000000E+003  0.0000000000000E+000    -0.1230000000000E+003  0.0000000000000E+000    -0.1230000000000E+003  0.0000000000000E+000
! 3 Dipole moments Y (MCH) in a.u.
-0.1230000000000E+003  0.0000000000000E+000    -0.1230000000000E+003  0.0000000000000E+000    -0.1230000000000E+003  0.0000000000000E+000
-0.1230000000000E+003  0.0000000000000E+000    -0.1230000000000E+003  0.0000000000000E+000    -0.1230000000000E+003  0.0000000000000E+000
-0.1230000000000E+003  0.0000000000000E+000    -0.1230000000000E+003  0.0000000000000E+000    -0.1230000000000E+003  0.0000000000000E+000
! 3 Dipole moments Z (MCH) in a.u.
-0.1230000000000E+003  0.0000000000000E+000    -0.1230000000000E+003  0.0000000000000E+000    -0.1230000000000E+003  0.0000000000000E+000
-0.1230000000000E+003  0.0000000000000E+000    -0.1230000000000E+003  0.0000000000000E+000    -0.1230000000000E+003  0.0000000000000E+000
-0.1230000000000E+003  0.0000000000000E+000    -0.1230000000000E+003  0.0000000000000E+000    -0.1230000000000E+003  0.0000000000000E+000
! 5 Coefficients (diag)
-0.2925482387491E-002  0.7803703595527E-003
-0.5882645811974E-002  0.1160877059656E+000
 0.1284230921533E+000 -0.9848793738213E+000
! 6 Hopping Probabilities (diag)
 0.4945461845101E-004
 0.1162172042071E-001
 0.0000000000000E+000
! 7 Ekin (a.u.)
 0.6242660559356E-001
! 8 states (diag, MCH)
           3            3
! 9 Random number
 0.7163002504776E+000
! 10 Runtime (sec)
           3
! 11 Geometry in a.u.
 0.1538611710702E-001 -0.1234042705857E+000  0.3360796706199E-002
 0.2551503163038E+001  0.1060684192236E+000 -0.3777449349294E-001
-0.1606061158848E+001  0.1378934324787E+001 -0.9678173247552E+000
 0.3668687905436E+001  0.2123602910423E+001  0.1072065494167E+001
 0.3857142371749E+001 -0.1364634185301E+001 -0.8360662471840E+000
-0.1168569072907E+001 -0.1931214949152E+001  0.1141905637518E+001
! 12 Velocities in a.u.
 0.7165935440709E-004  0.1327288031136E-003  0.1304131731698E-004
-0.1638717014041E-004 -0.2642203312799E-003  0.5064345710896E-005
 0.2631251241136E-002 -0.1820556311287E-002  0.1466942844096E-002
-0.1408512981432E-002 -0.1138182107558E-002 -0.1755676524848E-002
-0.4392602331329E-002  0.3239428902829E-002  0.2309845828217E-002
 0.2511258489215E-002  0.1286120310428E-002 -0.2236853328766E-002
