SHARC Initial conditions file, version 4.0   <Excited>
Ninit     100
Natom     6
Repr      MCH
Eref         -78.0537027235
Eharm           0.0000000000
States    3 0 0


Equilibrium
C 6.0 -1.24471768 -0.00000000 0.00000000 12.01100000 0.00058660 -0.00004759 0.00002449
C 6.0 1.24471768 0.00000000 0.00000000 12.01100000 -0.00027461 -0.00008905 -0.00012145
H 1.0 -2.31902940 1.73159638 -0.00000000 1.00800000 -0.00123362 -0.00000760 0.00020677
H 1.0 -2.31902940 -1.73159638 -0.00000000 1.00800000 -0.00056165 0.00107487 -0.00009576
H 1.0 2.31902940 1.73159638 -0.00000000 1.00800000 -0.00114177 0.00060563 0.00037093
H 1.0 2.31902940 -1.73159638 0.00000000 1.00800000 -0.00078053 -0.00004467 0.00067346


Index     1
Atoms
C 6.0 -1.24955536 0.00554037 0.00930715 12.01100000 -0.00049274 -0.00009880 0.00001170
C 6.0 1.26742954 -0.00985471 -0.02950607 12.01100000 0.00027282 -0.00000301 0.00001612
H 1.0 -2.32178842 1.70785089 0.02816762 1.00800000 0.00023507 0.00156314 -0.00012523
H 1.0 -2.38576614 -1.69931995 -0.03168748 1.00800000 0.00071133 -0.00060761 -0.00002982
H 1.0 2.19200762 1.79546065 0.09232399 1.00800000 0.00103152 -0.00013367 -0.00001251
H 1.0 2.30256393 -1.75258320 0.15187956 1.00800000 0.00064257 0.00039133 -0.00016392
States
001    -78.05319132 -78.05319132   0.00000000   0.00000000   0.00000000   0.00000000   0.00000000   0.00000000   0.00000000   0.00000000
002    -77.68817437 -78.05319132   0.87066677   0.00000000   0.00000000   0.00000000   0.00000000   0.00000000   0.36501695   0.18446998
003    -77.49816530 -78.05319132   0.70788718   0.00000000   0.00000000   0.00000000   0.00000000   0.00000000   0.55502602   0.18541726
Ekin    0.00823785 a.u.
Epot_harm    0.00000000 a.u.
Epot    -0.00051140 a.u.
Etot_harm    0.00823785 a.u.
Etot    0.00772645 a.u.


Index     2
Atoms
C 6.0 -1.26078039 -0.00094929 0.00380392 12.01100000 0.00050874 -0.00006821 -0.00003650
C 6.0 1.22517113 0.00842795 0.00889830 12.01100000 -0.00030003 0.00000908 0.00011981
H 1.0 -2.21954709 1.72728204 -0.05356092 1.00800000 -0.00102225 0.00014066 -0.00014479
H 1.0 -2.26917000 -1.77202983 -0.01901749 1.00800000 -0.00029434 0.00055862 0.00009129
H 1.0 2.48076609 1.60997532 -0.01617403 1.00800000 -0.00032576 0.00005563 -0.00035914
H 1.0 2.43225933 -1.65434089 -0.06260336 1.00800000 -0.00084460 -0.00005042 -0.00058006
States
001    -78.05063430 -78.05063430   0.00000000   0.00000000   0.00000000   0.00000000   0.00000000   0.00000000   0.00000000   0.00000000
002    -77.68340127 -78.05063430   0.70504988   0.00000000   0.00000000   0.00000000   0.00000000   0.00000000   0.36723303   0.12169988
003    -77.48784750 -78.05063430   0.57049220   0.00000000   0.00000000   0.00000000   0.00000000   0.00000000   0.56278680   0.12211023
Ekin    0.00659952 a.u.
Epot_harm    0.00000000 a.u.
Epot    -0.00306842 a.u.
Etot_harm    0.00659952 a.u.
Etot    0.00353109 a.u.


Index     3
Atoms
C 6.0 -1.24175385 0.01153064 -0.01747730 12.01100000 -0.00035469 0.00000441 -0.00004316
C 6.0 1.28124611 0.00096618 0.02880232 12.01100000 0.00033475 -0.00006365 -0.00004065
H 1.0 -2.39244534 1.59455930 0.01113427 1.00800000 -0.00015562 0.00080967 0.00037167
H 1.0 -2.37103380 -1.69798009 0.02502604 1.00800000 0.00032542 -0.00040402 0.00006224
H 1.0 2.17884882 1.81770006 -0.06725522 1.00800000 -0.00010738 0.00021767 0.00014248
H 1.0 2.11405344 -1.86318717 -0.10385030 1.00800000 0.00017523 0.00008261 0.00042220
States
001    -78.05071505 -78.05071505   0.00000000   0.00000000   0.00000000   0.00000000   0.00000000   0.00000000   0.00000000   0.00000000
002    -77.68623642 -78.05071505   0.90707221   0.00000000   0.00000000   0.00000000   0.00000000   0.00000000   0.36447863   0.19992381
003    -77.49936755 -78.05071505   0.73967852   0.00000000   0.00000000   0.00000000   0.00000000   0.00000000   0.55134749   0.20110375
Ekin    0.00396028 a.u.
Epot_harm    0.00000000 a.u.
Epot    -0.00298768 a.u.
Etot_harm    0.00396028 a.u.
Etot    0.00097260 a.u.


Index     4
Atoms
C 6.0 -1.25798654 0.01233428 -0.01249408 12.01100000 0.00030044 -0.00004980 0.00006028
C 6.0 1.21439162 -0.00717238 -0.00642775 12.01100000 -0.00036138 0.00000574 -0.00007950
H 1.0 -2.21251098 1.69634949 0.07397802 1.00800000 0.00028873 -0.00005309 -0.00015991
H 1.0 -2.24756461 -1.76760528 0.00042963 1.00800000 -0.00019671 0.00027562 -0.00016491
H 1.0 2.45897224 1.62871944 0.04999337 1.00800000 0.00038057 -0.00051898 0.00028359
H 1.0 2.52056629 -1.61897119 0.10106548 1.00800000 0.00025347 0.00082148 0.00027025
States
001    -78.04847205 -78.04847205   0.00000000   0.00000000   0.00000000   0.00000000   0.00000000   0.00000000   0.00000000   0.00000000
002    -77.68066481 -78.04847205   0.64114023   0.00000000   0.00000000   0.00000000   0.00000000   0.00000000   0.36780724   0.10079409
003    -77.48181832 -78.04847205   0.51728384   0.00000000   0.00000000   0.00000000   0.00000000   0.00000000   0.56665373   0.10108444
Ekin    0.00398785 a.u.
Epot_harm    0.00000000 a.u.
Epot    -0.00523068 a.u.
Etot_harm    0.00398785 a.u.
Etot    -0.00124283 a.u.


Index     5
Atoms
C 6.0 -1.25239012 -0.00608828 0.01330541 12.01100000 -0.00022611 0.00003026 0.00003474
C 6.0 1.27930961 0.00641766 -0.00989857 12.01100000 0.00038425 -0.00000177 0.00005646
H 1.0 -2.27237924 1.66155430 -0.06758496 1.00800000 -0.00001892 -0.00045502 -0.00035248
H 1.0 -2.44529724 -1.65811428 -0.06692732 1.00800000 -0.00022324 0.00003287 -0.00007268
H 1.0 2.17601867 1.84891367 0.06425700 1.00800000 -0.00075654 0.00065175 -0.00019059
H 1.0 2.22089409 -1.85627850 0.02966054 1.00800000 -0.00088554 -0.00056904 -0.00047100
States
001    -78.05188141 -78.05188141   0.00000000   0.00000000   0.00000000   0.00000000   0.00000000   0.00000000   0.00000000   0.00000000
002    -77.68805774 -78.05188141   0.92999497   0.00000000   0.00000000   0.00000000   0.00000000   0.00000000   0.36382367   0.20977846
003    -77.50256159 -78.05188141   0.75913051   0.00000000   0.00000000   0.00000000   0.00000000   0.00000000   0.54931982   0.21104103
Ekin    0.00476177 a.u.
Epot_harm    0.00000000 a.u.
Epot    -0.00182132 a.u.
Etot_harm    0.00476177 a.u.
Etot    0.00294045 a.u.


Index     6
Atoms
C 6.0 -1.23464251 0.00969961 0.00072233 12.01100000 0.00012665 0.00010941 -0.00008652
C 6.0 1.21628983 -0.00181191 0.01687010 12.01100000 -0.00043276 -0.00002252 0.00003452
H 1.0 -2.29227632 1.67466892 -0.05571961 1.00800000 0.00061158 -0.00080392 0.00049194
H 1.0 -2.28436854 -1.73757645 -0.01827843 1.00800000 0.00067612 -0.00015612 0.00026504
H 1.0 2.38768480 1.70001971 -0.03570294 1.00800000 0.00125555 -0.00072683 -0.00017066
H 1.0 2.40764473 -1.73109955 -0.09992465 1.00800000 0.00110415 0.00065146 0.00003322
States
001    -78.05046383 -78.05046383   0.00000000   0.00000000   0.00000000   0.00000000   0.00000000   0.00000000   0.00000000   0.00000000
002    -77.67708498 -78.05046383   0.72286207   0.00000000   0.00000000   0.00000000   0.00000000   0.00000000   0.37337885   0.13006766
003    -77.47195809 -78.05046383   0.58155804   0.00000000   0.00000000   0.00000000   0.00000000   0.00000000   0.57850575   0.13043752
Ekin    0.00759547 a.u.
Epot_harm    0.00000000 a.u.
Epot    -0.00323889 a.u.
Etot_harm    0.00759547 a.u.
Etot    0.00435658 a.u.


Index     7
Atoms
C 6.0 -1.27599590 0.01030375 -0.02468791 12.01100000 -0.00018000 0.00002990 0.00000397
C 6.0 1.26924727 0.00249544 0.00720704 12.01100000 0.00032784 0.00004154 -0.00005697
H 1.0 -2.34240036 1.69992150 0.12473379 1.00800000 0.00035995 -0.00106171 0.00008241
H 1.0 -2.26538567 -1.77611418 0.06246382 1.00800000 -0.00057900 0.00028928 0.00002118
H 1.0 2.36781871 1.74141214 -0.01375040 1.00800000 -0.00071614 0.00127918 0.00018932
H 1.0 2.32038178 -1.81773043 0.03484920 1.00800000 -0.00082641 -0.00135799 0.00033858
States
001    -78.05389114 -78.05389114   0.00000000   0.00000000   0.00000000   0.00000000   0.00000000   0.00000000   0.00000000   0.00000000
002    -77.69237327 -78.05389114   0.92937778   0.00000000   0.00000000   0.00000000   0.00000000   0.00000000   0.36151787   0.20817237
003    -77.50795376 -78.05389114   0.75840699   0.00000000   0.00000000   0.00000000   0.00000000   0.00000000   0.54593738   0.20934193
Ekin    0.00757637 a.u.
Epot_harm    0.00000000 a.u.
Epot    0.00018841 a.u.
Etot_harm    0.00757637 a.u.
Etot    0.00776478 a.u.


Index     8
Atoms
C 6.0 -1.20609226 -0.00868526 0.00293578 12.01100000 0.00010073 0.00006827 0.00010667
C 6.0 1.22732237 0.00794656 -0.01088463 12.01100000 -0.00043005 0.00000298 -0.00001649
H 1.0 -2.33745130 1.70200623 0.00775419 1.00800000 0.00116273 -0.00082741 -0.00062387
H 1.0 -2.41301606 -1.65903991 -0.01906715 1.00800000 0.00028423 0.00009573 -0.00032700
H 1.0 2.24745833 1.76030309 0.05251704 1.00800000 0.00098183 0.00002101 0.00008364
H 1.0 2.25003790 -1.79446721 0.05351181 1.00800000 0.00149531 -0.00013838 -0.00020739
States
001    -78.04942308 -78.04942308   0.00000000   0.00000000   0.00000000   0.00000000   0.00000000   0.00000000   0.00000000   0.00000000
002    -77.67302066 -78.04942308   0.77823079   0.00000000   0.00000000   0.00000000   0.00000000   0.00000000   0.37640242   0.15197703
003    -77.46381151 -78.04942308   0.62494449   0.00000000   0.00000000   0.00000000   0.00000000   0.00000000   0.58561157   0.15247592
Ekin    0.00772777 a.u.
Epot_harm    0.00000000 a.u.
Epot    -0.00427965 a.u.
Etot_harm    0.00772777 a.u.
Etot    0.00344812 a.u.


Index     9
Atoms
C 6.0 -1.29404386 0.00335137 0.02503243 12.01100000 -0.00021260 0.00011152 -0.00004149
C 6.0 1.26405241 -0.01157274 -0.00203913 12.01100000 0.00019948 0.00000202 0.00004085
H 1.0 -2.23849797 1.84580823 -0.14359895 1.00800000 0.00011574 -0.00105015 0.00022769
H 1.0 -2.27780947 -1.79198743 -0.09285959 1.00800000 -0.00003214 0.00006163 0.00006587
H 1.0 2.37318410 1.68255556 0.02060620 1.00800000 -0.00019291 0.00105820 -0.00014473
H 1.0 2.50049166 -1.63841309 -0.05812832 1.00800000 0.00026566 -0.00142257 -0.00014120
States
001    -78.05189935 -78.05189935   0.00000000   0.00000000   0.00000000   0.00000000   0.00000000   0.00000000   0.00000000   0.00000000
002    -77.69410487 -78.05189935   0.88917189   0.00000000   0.00000000   0.00000000   0.00000000   0.00000000   0.35779449   0.18858790
003    -77.51370481 -78.05189935   0.72669336   0.00000000   0.00000000   0.00000000   0.00000000   0.00000000   0.53819454   0.18947434
Ekin    0.00520993 a.u.
Epot_harm    0.00000000 a.u.
Epot    -0.00180337 a.u.
Etot_harm    0.00520993 a.u.
Etot    0.00340656 a.u.


Index     10
Atoms
C 6.0 -1.19234281 -0.00052805 -0.01403031 12.01100000 0.00019949 0.00001412 -0.00010005
C 6.0 1.23597086 0.00041039 0.00850930 12.01100000 -0.00031024 0.00010735 0.00000916
H 1.0 -2.45966378 1.69809253 0.06872376 1.00800000 0.00060197 -0.00093325 0.00053374
H 1.0 -2.40617699 -1.67098517 0.01550881 1.00800000 0.00004915 0.00018348 0.00031997
H 1.0 2.18695563 1.74280763 -0.01460065 1.00800000 0.00056351 0.00019385 -0.00000539
H 1.0 2.15902735 -1.76851314 -0.00384550 1.00800000 0.00010506 -0.00089146 0.00023473
States
001    -78.04709933 -78.04709933   0.00000000   0.00000000   0.00000000   0.00000000   0.00000000   0.00000000   0.00000000   0.00000000
002    -77.67046364 -78.04709933   0.74630777   0.00000000   0.00000000   0.00000000   0.00000000   0.00000000   0.37663569   0.13985118
003    -77.45952289 -78.04709933   0.59852148   0.00000000   0.00000000   0.00000000   0.00000000   0.00000000   0.58757644   0.14032421
Ekin    0.00436736 a.u.
Epot_harm    0.00000000 a.u.
Epot    -0.00660339 a.u.
Etot_harm    0.00436736 a.u.
Etot    -0.00223603 a.u.


Index     11
Atoms
C 6.0 -1.29151845 -0.00738582 -0.02637993 12.01100000 -0.00027312 0.00007035 0.00006385
C 6.0 1.26757806 0.01026329 0.00872813 12.01100000 0.00011250 -0.00000438 -0.00000772
H 1.0 -2.29608365 1.87682833 0.12674344 1.00800000 0.00032616 -0.00024344 -0.00043078
H 1.0 -2.22658016 -1.84569836 0.05113727 1.00800000 0.00019140 -0.00025737 -0.00018161
H 1.0 2.46387891 1.59246591 0.01234632 1.00800000 0.00041441 0.00011646 0.00009632
H 1.0 2.34405083 -1.65788283 0.02010595 1.00800000 0.00098194 -0.00040165 -0.00015276
States
001    -78.05082271 -78.05082271   0.00000000   0.00000000   0.00000000   0.00000000   0.00000000   0.00000000   0.00000000   0.00000000
002    -77.69268729 -78.05082271   0.91001426   0.00000000   0.00000000   0.00000000   0.00000000   0.00000000   0.35813542   0.19772083
003    -77.51340874 -78.05082271   0.74479016   0.00000000   0.00000000   0.00000000   0.00000000   0.00000000   0.53741397   0.19874012
Ekin    0.00273661 a.u.
Epot_harm    0.00000000 a.u.
Epot    -0.00288001 a.u.
Etot_harm    0.00273661 a.u.
Etot    -0.00014340 a.u.


Index     12
Atoms
C 6.0 -1.19963057 0.00347466 0.01444741 12.01100000 0.00031245 0.00001478 0.00006986
C 6.0 1.23316985 -0.01176179 0.00249771 12.01100000 -0.00013691 0.00001051 -0.00001855
H 1.0 -2.46630135 1.74860697 -0.11282950 1.00800000 -0.00008299 -0.00042674 -0.00031429
H 1.0 -2.39684216 -1.69144879 -0.07719588 1.00800000 -0.00056442 0.00033002 -0.00026884
H 1.0 2.20144297 1.71233357 0.03859185 1.00800000 -0.00104390 0.00030982 0.00003121
H 1.0 2.26205762 -1.67074500 -0.05047899 1.00800000 -0.00040034 -0.00051446 -0.00005947
States
001    -78.04743129 -78.04743129   0.00000000   0.00000000   0.00000000   0.00000000   0.00000000   0.00000000   0.00000000   0.00000000
002    -77.67178252 -78.04743129   0.69285897   0.00000000   0.00000000   0.00000000   0.00000000   0.00000000   0.37564877   0.12022102
003    -77.46166720 -78.04743129   0.55563712   0.00000000   0.00000000   0.00000000   0.00000000   0.00000000   0.58576410   0.12056299
Ekin    0.00354215 a.u.
Epot_harm    0.00000000 a.u.
Epot    -0.00627143 a.u.
Etot_harm    0.00354215 a.u.
Etot    -0.00272928 a.u.


Index     13
Atoms
C 6.0 -1.27317057 -0.01340005 0.00755592 12.01100000 -0.00023963 -0.00003008 -0.00008297
C 6.0 1.27573052 -0.00177846 -0.00381753 12.01100000 0.00007494 0.00007005 -0.00000247
H 1.0 -2.26708391 1.90895632 -0.03090772 1.00800000 0.00028371 0.00071015 0.00052267
H 1.0 -2.33944931 -1.78147152 -0.06771522 1.00800000 0.00016368 -0.00075182 0.00025448
H 1.0 2.26965057 1.71949980 0.03737094 1.00800000 0.00086777 -0.00088293 -0.00004687
H 1.0 2.30637903 -1.66612262 0.01670675 1.00800000 0.00064730 0.00044843 0.00028781
States
001    -78.05273375 -78.05273375   0.00000000   0.00000000   0.00000000   0.00000000   0.00000000   0.00000000   0.00000000   0.00000000
002    -77.69059681 -78.05273375   0.96302784   0.00000000   0.00000000   0.00000000   0.00000000   0.00000000   0.36213693   0.22390266
003    -77.50751413 -78.05273375   0.78740649   0.00000000   0.00000000   0.00000000   0.00000000   0.00000000   0.54521962   0.22536071
Ekin    0.00427672 a.u.
Epot_harm    0.00000000 a.u.
Epot    -0.00096898 a.u.
Etot_harm    0.00427672 a.u.
Etot    0.00330774 a.u.


Index     14
Atoms
C 6.0 -1.21894868 -0.00588597 -0.02596380 12.01100000 0.00031808 0.00003163 -0.00003274
C 6.0 1.22157558 0.00261750 0.00559952 12.01100000 0.00000991 -0.00001910 0.00004444
H 1.0 -2.40808205 1.77517029 0.14139664 1.00800000 -0.00116245 0.00023415 0.00005561
H 1.0 -2.34049682 -1.72603516 0.05613220 1.00800000 -0.00047897 -0.00019354 0.00018592
H 1.0 2.39826021 1.62198206 0.00430848 1.00800000 -0.00114980 -0.00015028 -0.00012116
H 1.0 2.31901733 -1.63217123 0.04081689 1.00800000 -0.00111701 -0.00003961 -0.00025974
States
001    -78.04875018 -78.04875018   0.00000000   0.00000000   0.00000000   0.00000000   0.00000000   0.00000000   0.00000000   0.00000000
002    -77.67461768 -78.04875018   0.64305827   0.00000000   0.00000000   0.00000000   0.00000000   0.00000000   0.37413250   0.10314183
003    -77.46760666 -78.04875018   0.51636785   0.00000000   0.00000000   0.00000000   0.00000000   0.00000000   0.58114351   0.10330243
Ekin    0.00518717 a.u.
Epot_harm    0.00000000 a.u.
Epot    -0.00495255 a.u.
Etot_harm    0.00518717 a.u.
Etot    0.00023463 a.u.


Index     15
Atoms
C 6.0 -1.25570812 0.00854678 -0.00372996 12.01100000 -0.00009149 -0.00006162 0.00009522
C 6.0 1.28241394 -0.00895683 0.01564676 12.01100000 0.00008610 -0.00000071 -0.00001723
H 1.0 -2.42884301 1.76744333 -0.03907791 1.00800000 -0.00025881 0.00155003 -0.00052029
H 1.0 -2.27047986 -1.76756839 0.00671843 1.00800000 0.00004823 -0.00085871 -0.00029770
H 1.0 2.21343918 1.78273127 -0.02684195 1.00800000 0.00005875 -0.00104498 0.00001614
H 1.0 2.16766591 -1.77772026 -0.08279527 1.00800000 0.00021603 0.00109632 -0.00012748
States
001    -78.05325412 -78.05325412   0.00000000   0.00000000   0.00000000   0.00000000   0.00000000   0.00000000   0.00000000   0.00000000
002    -77.68895494 -78.05325412   0.96749469   0.00000000   0.00000000   0.00000000   0.00000000   0.00000000   0.36429919   0.22733386
003    -77.50311785 -78.05325412   0.78996015   0.00000000   0.00000000   0.00000000   0.00000000   0.00000000   0.55013627   0.22887027
Ekin    0.00576421 a.u.
Epot_harm    0.00000000 a.u.
Epot    -0.00044860 a.u.
Etot_harm    0.00576421 a.u.
Etot    0.00531561 a.u.


Index     16
Atoms
C 6.0 -1.23568851 -0.01039261 0.01949765 12.01100000 0.00020259 -0.00011724 0.00000513
C 6.0 1.20939483 0.00191288 -0.00550317 12.01100000 0.00007154 0.00000602 -0.00007229
H 1.0 -2.25834245 1.77733174 -0.09723920 1.00800000 -0.00083498 0.00131203 0.00017138
H 1.0 -2.32618037 -1.70582010 -0.07656787 1.00800000 -0.00085359 -0.00021872 -0.00003162
H 1.0 2.46044828 1.63736019 0.01510141 1.00800000 -0.00079428 -0.00070238 0.00016924
H 1.0 2.43738149 -1.60783009 -0.00804804 1.00800000 -0.00078353 0.00093435 0.00049132
States
001    -78.04901037 -78.04901037   0.00000000   0.00000000   0.00000000   0.00000000   0.00000000   0.00000000   0.00000000   0.00000000
002    -77.67573918 -78.04901037   0.62712078   0.00000000   0.00000000   0.00000000   0.00000000   0.00000000   0.37327119   0.09786685
003    -77.47058537 -78.04901037   0.50416846   0.00000000   0.00000000   0.00000000   0.00000000   0.00000000   0.57842500   0.09801830
Ekin    0.00632408 a.u.
Epot_harm    0.00000000 a.u.
Epot    -0.00469236 a.u.
Etot_harm    0.00632408 a.u.
Etot    0.00163172 a.u.


Index     17
Atoms
C 6.0 -1.25569117 -0.00403173 -0.00359343 12.01100000 0.00005799 -0.00001290 -0.00007920
C 6.0 1.28125380 -0.00550498 -0.01746262 12.01100000 0.00012178 -0.00005821 0.00004600
H 1.0 -2.31408418 1.70600846 0.06945696 1.00800000 -0.00087013 0.00134746 0.00034506
H 1.0 -2.40100124 -1.65439700 0.00953263 1.00800000 0.00007059 -0.00071619 0.00030465
H 1.0 2.17389539 1.87699336 0.05000935 1.00800000 -0.00064660 -0.00077369 -0.00009892
H 1.0 2.23659416 -1.81496869 0.12189805 1.00800000 -0.00069598 0.00098977 -0.00015515
States
001    -78.05237487 -78.05237487   0.00000000   0.00000000   0.00000000   0.00000000   0.00000000   0.00000000   0.00000000   0.00000000
002    -77.69039046 -78.05237487   0.95099184   0.00000000   0.00000000   0.00000000   0.00000000   0.00000000   0.36198441   0.21824896
003    -77.50566590 -78.05237487   0.77625370   0.00000000   0.00000000   0.00000000   0.00000000   0.00000000   0.54670897   0.21962021
Ekin    0.00567436 a.u.
Epot_harm    0.00000000 a.u.
Epot    -0.00132786 a.u.
Etot_harm    0.00567436 a.u.
Etot    0.00434650 a.u.


Index     18
Atoms
C 6.0 -1.23754528 0.01140790 -0.01409798 12.01100000 0.00003416 -0.00007040 0.00002416
C 6.0 1.20348123 -0.00751211 0.01321548 12.01100000 0.00002777 0.00000855 0.00006861
H 1.0 -2.27722823 1.66816466 0.02686590 1.00800000 -0.00070266 0.00106160 -0.00035626
H 1.0 -2.20776529 -1.72231631 0.05898485 1.00800000 -0.00000338 -0.00043469 -0.00008071
H 1.0 2.45785690 1.71417467 -0.02983135 1.00800000 0.00030830 -0.00105803 -0.00020112
H 1.0 2.43303257 -1.70644401 -0.04550392 1.00800000 -0.00034010 0.00116817 -0.00046727
States
001    -78.04864251 -78.04864251   0.00000000   0.00000000   0.00000000   0.00000000   0.00000000   0.00000000   0.00000000   0.00000000
002    -77.67276944 -78.04864251   0.68088581   0.00000000   0.00000000   0.00000000   0.00000000   0.00000000   0.37587307   0.11617121
003    -77.46494198 -78.04864251   0.54709446   0.00000000   0.00000000   0.00000000   0.00000000   0.00000000   0.58370053   0.11647252
Ekin    0.00463296 a.u.
Epot_harm    0.00000000 a.u.
Epot    -0.00506021 a.u.
Etot_harm    0.00463296 a.u.
Etot    -0.00042725 a.u.


Index     19
Atoms
C 6.0 -1.26962884 -0.00025309 0.00322729 12.01100000 0.00010562 -0.00006918 0.00004147
C 6.0 1.27034465 0.00984757 0.01708127 12.01100000 0.00010656 -0.00003459 -0.00006926
H 1.0 -2.32909794 1.61490603 -0.06774714 1.00800000 -0.00045060 0.00046498 -0.00001748
H 1.0 -2.32912929 -1.67906526 -0.02492696 1.00800000 -0.00038498 0.00019439 -0.00022288
H 1.0 2.39608229 1.82849987 -0.05030219 1.00800000 -0.00075340 0.00020980 0.00017342
H 1.0 2.25361551 -1.87866533 -0.09901392 1.00800000 -0.00093929 0.00036740 0.00039807
States
001    -78.05119953 -78.05119953   0.00000000   0.00000000   0.00000000   0.00000000   0.00000000   0.00000000   0.00000000   0.00000000
002    -77.68985214 -78.05119953   0.91071202   0.00000000   0.00000000   0.00000000   0.00000000   0.00000000   0.36134740   0.19980015
003    -77.50544160 -78.05119953   0.74299812   0.00000000   0.00000000   0.00000000   0.00000000   0.00000000   0.54575794   0.20085573
Ekin    0.00265495 a.u.
Epot_harm    0.00000000 a.u.
Epot    -0.00250319 a.u.
Etot_harm    0.00265495 a.u.
Etot    0.00015177 a.u.


Index     20
Atoms
C 6.0 -1.22681914 0.00478535 0.00472426 12.01100000 -0.00011039 0.00001655 -0.00003178
C 6.0 1.20987342 -0.00544557 -0.01852476 12.01100000 -0.00006384 -0.00009649 -0.00004372
H 1.0 -2.22001800 1.64550344 0.01687762 1.00800000 0.00044862 0.00025620 0.00027274
H 1.0 -2.29288436 -1.66511058 -0.04355490 1.00800000 0.00046213 -0.00003476 0.00012838
H 1.0 2.32469042 1.82466807 0.06769350 1.00800000 0.00048524 -0.00007155 0.00021601
H 1.0 2.39013152 -1.79719408 0.12342606 1.00800000 0.00067999 0.00080257 0.00028261
States
001    -78.04747615 -78.04747615   0.00000000   0.00000000   0.00000000   0.00000000   0.00000000   0.00000000   0.00000000   0.00000000
002    -77.67119037 -78.04747615   0.78861731   0.00000000   0.00000000   0.00000000   0.00000000   0.00000000   0.37628578   0.15601242
003    -77.46197225 -78.04747615   0.63333490   0.00000000   0.00000000   0.00000000   0.00000000   0.00000000   0.58550391   0.15656886
Ekin    0.00219479 a.u.
Epot_harm    0.00000000 a.u.
Epot    -0.00622657 a.u.
Etot_harm    0.00219479 a.u.
Etot    -0.00403178 a.u.


Index     21
Atoms
C 6.0 -1.28119484 0.00749035 -0.00733112 12.01100000 0.00003318 -0.00001182 -0.00001538
C 6.0 1.25675023 -0.01016115 -0.00309881 12.01100000 0.00002559 0.00001046 0.00009397
H 1.0 -2.24975686 1.68034012 0.02673331 1.00800000 -0.00009967 -0.00096344 -0.00021614
H 1.0 -2.32991753 -1.68989934 0.01152971 1.00800000 -0.00018517 0.00075834 0.00007952
H 1.0 2.36708117 1.81280745 0.04553665 1.00800000 0.00008232 0.00084431 -0.00025381
H 1.0 2.50386737 -1.77142383 0.04047992 1.00800000 -0.00049779 -0.00062303 -0.00054605
States
001    -78.05223132 -78.05223132   0.00000000   0.00000000   0.00000000   0.00000000   0.00000000   0.00000000   0.00000000   0.00000000
002    -77.68852428 -78.05223132   0.84922605   0.00000000   0.00000000   0.00000000   0.00000000   0.00000000   0.36370703   0.17486668
003    -77.50214887 -78.05223132   0.69197436   0.00000000   0.00000000   0.00000000   0.00000000   0.00000000   0.55008244   0.17559677
Ekin    0.00317026 a.u.
Epot_harm    0.00000000 a.u.
Epot    -0.00147141 a.u.
Etot_harm    0.00317026 a.u.
Etot    0.00169885 a.u.


Index     22
Atoms
C 6.0 -1.21531124 -0.00358925 -0.00846584 12.01100000 -0.00014662 0.00004821 0.00000605
C 6.0 1.22534731 0.01221345 0.03019191 12.01100000 -0.00012019 -0.00000740 0.00002080
H 1.0 -2.30830103 1.63524132 -0.03881609 1.00800000 0.00100169 -0.00088775 0.00002406
H 1.0 -2.34370235 -1.66692677 0.00378438 1.00800000 0.00093729 0.00024247 -0.00009626
H 1.0 2.31760083 1.79709676 -0.07285151 1.00800000 0.00091544 0.00073582 -0.00016480
H 1.0 2.21481605 -1.86817442 -0.15099762 1.00800000 0.00032480 -0.00057673 -0.00008293
States
001    -78.04823877 -78.04823877   0.00000000   0.00000000   0.00000000   0.00000000   0.00000000   0.00000000   0.00000000   0.00000000
002    -77.67468048 -78.04823877   0.83265956   0.00000000   0.00000000   0.00000000   0.00000000   0.00000000   0.37355829   0.17266411
003    -77.46731059 -78.04823877   0.66901737   0.00000000   0.00000000   0.00000000   0.00000000   0.00000000   0.58092819   0.17334287
Ekin    0.00464190 a.u.
Epot_harm    0.00000000 a.u.
Epot    -0.00546395 a.u.
Etot_harm    0.00464190 a.u.
Etot    -0.00082205 a.u.


Index     23
Atoms
C 6.0 -1.27903815 0.01089416 -0.00398492 12.01100000 -0.00007265 0.00007830 0.00001583
C 6.0 1.24877245 -0.00045242 0.00014521 12.01100000 -0.00008861 -0.00006503 -0.00011068
H 1.0 -2.30991342 1.73693992 0.02981757 1.00800000 0.00041185 -0.00156156 0.00017954
H 1.0 -2.21516531 -1.79294305 -0.02326160 1.00800000 0.00003404 0.00099558 -0.00000628
H 1.0 2.45251444 1.68435744 0.00505018 1.00800000 0.00063907 0.00116237 0.00036602
H 1.0 2.43320042 -1.75277490 0.03414669 1.00800000 0.00083655 -0.00075449 0.00059091
States
001    -78.05312852 -78.05312852   0.00000000   0.00000000   0.00000000   0.00000000   0.00000000   0.00000000   0.00000000   0.00000000
002    -77.68957400 -78.05312852   0.86198963   0.00000000   0.00000000   0.00000000   0.00000000   0.00000000   0.36355451   0.18008700
003    -77.50152981 -78.05312852   0.70128957   0.00000000   0.00000000   0.00000000   0.00000000   0.00000000   0.55159871   0.18085343
Ekin    0.00695785 a.u.
Epot_harm    0.00000000 a.u.
Epot    -0.00057421 a.u.
Etot_harm    0.00695785 a.u.
Etot    0.00638365 a.u.


Index     24
Atoms
C 6.0 -1.21388670 0.00134707 0.00400246 12.01100000 -0.00009631 -0.00001735 0.00002235
C 6.0 1.24071938 -0.00275507 -0.02253708 12.01100000 -0.00008709 0.00003122 0.00001005
H 1.0 -2.38813754 1.70176743 0.02718125 1.00800000 0.00131745 -0.00105376 -0.00026753
H 1.0 -2.42008126 -1.67217808 -0.01857716 1.00800000 0.00039550 0.00077948 0.00001927
H 1.0 2.20015871 1.76648195 0.09489872 1.00800000 0.00020346 0.00146442 0.00004792
H 1.0 2.28833071 -1.77929420 0.11734984 1.00800000 0.00026890 -0.00135544 -0.00018569
States
001    -78.05034719 -78.05034719   0.00000000   0.00000000   0.00000000   0.00000000   0.00000000   0.00000000   0.00000000   0.00000000
002    -77.67752461 -78.05034719   0.79156802   0.00000000   0.00000000   0.00000000   0.00000000   0.00000000   0.37282259   0.15573543
003    -77.47313342 -78.05034719   0.63723229   0.00000000   0.00000000   0.00000000   0.00000000   0.00000000   0.57721378   0.15625754
Ekin    0.00738438 a.u.
Epot_harm    0.00000000 a.u.
Epot    -0.00335553 a.u.
Etot_harm    0.00738438 a.u.
Etot    0.00402885 a.u.


Index     25
Atoms
C 6.0 -1.26155009 -0.01205938 0.00513529 12.01100000 -0.00010963 0.00007384 -0.00003093
C 6.0 1.24846300 0.00716327 0.01076681 12.01100000 -0.00016976 0.00000232 0.00009897
H 1.0 -2.21065701 1.86930355 -0.07171503 1.00800000 0.00038744 -0.00128031 0.00002245
H 1.0 -2.33706476 -1.79311972 -0.01771939 1.00800000 0.00049759 0.00058272 0.00002401
H 1.0 2.32963035 1.66832942 -0.01414201 1.00800000 0.00123932 0.00056829 -0.00039113
H 1.0 2.37403309 -1.68617280 -0.08590789 1.00800000 0.00120474 -0.00077820 -0.00046605
States
001    -78.05239281 -78.05239281   0.00000000   0.00000000   0.00000000   0.00000000   0.00000000   0.00000000   0.00000000   0.00000000
002    -77.68741175 -78.05239281   0.90315291   0.00000000   0.00000000   0.00000000   0.00000000   0.00000000   0.36498106   0.19847310
003    -77.49611072 -78.05239281   0.73341016   0.00000000   0.00000000   0.00000000   0.00000000   0.00000000   0.55628210   0.19947922
Ekin    0.00674660 a.u.
Epot_harm    0.00000000 a.u.
Epot    -0.00130991 a.u.
Etot_harm    0.00674660 a.u.
Etot    0.00543669 a.u.


Index     26
Atoms
C 6.0 -1.22451834 0.01013655 -0.01186992 12.01100000 -0.00002491 0.00006922 -0.00003147
C 6.0 1.24928545 -0.00392060 0.01814171 12.01100000 0.00001205 0.00002186 -0.00005068
H 1.0 -2.49577324 1.74386302 0.03019514 1.00800000 0.00021305 -0.00102416 0.00032733
H 1.0 -2.36800455 -1.76340039 0.00812437 1.00800000 0.00025851 0.00043935 0.00007392
H 1.0 2.28116806 1.64671294 -0.05852501 1.00800000 -0.00023116 0.00104794 0.00015958
H 1.0 2.28749297 -1.70124280 -0.05452701 1.00800000 -0.00008719 -0.00154835 0.00041802
States
001    -78.05082271 -78.05082271   0.00000000   0.00000000   0.00000000   0.00000000   0.00000000   0.00000000   0.00000000   0.00000000
002    -77.67887938 -78.05082271   0.73933811   0.00000000   0.00000000   0.00000000   0.00000000   0.00000000   0.37194333   0.13554132
003    -77.47877681 -78.05082271   0.59700262   0.00000000   0.00000000   0.00000000   0.00000000   0.00000000   0.57204590   0.13592273
Ekin    0.00490413 a.u.
Epot_harm    0.00000000 a.u.
Epot    -0.00288001 a.u.
Etot_harm    0.00490413 a.u.
Etot    0.00202411 a.u.


Index     27
Atoms
C 6.0 -1.23980589 0.00017720 -0.00993775 12.01100000 -0.00004999 -0.00003960 0.00004958
C 6.0 1.25475148 0.00405267 -0.01065375 12.01100000 -0.00015713 0.00009086 -0.00005883
H 1.0 -2.37692863 1.84669406 0.08310481 1.00800000 0.00074512 -0.00007145 -0.00024622
H 1.0 -2.28170669 -1.83888924 0.00989379 1.00800000 0.00010667 0.00005114 -0.00009757
H 1.0 2.27137758 1.64245777 0.05723378 1.00800000 0.00067377 -0.00025599 0.00029650
H 1.0 2.20917089 -1.70066434 0.09512906 1.00800000 0.00094230 -0.00033451 0.00015743
States
001    -78.05049972 -78.05049972   0.00000000   0.00000000   0.00000000   0.00000000   0.00000000   0.00000000   0.00000000   0.00000000
002    -77.68163378 -78.05049972   0.89961406   0.00000000   0.00000000   0.00000000   0.00000000   0.00000000   0.36886594   0.19901681
003    -77.48640301 -78.05049972   0.72945571   0.00000000   0.00000000   0.00000000   0.00000000   0.00000000   0.56409671   0.20010602
Ekin    0.00256146 a.u.
Epot_harm    0.00000000 a.u.
Epot    -0.00320300 a.u.
Etot_harm    0.00256146 a.u.
Etot    -0.00064155 a.u.


Index     28
Atoms
C 6.0 -1.23943025 -0.01305551 0.01338578 12.01100000 0.00002033 0.00002505 0.00002164
C 6.0 1.24774918 0.00352780 -0.00482974 12.01100000 0.00013284 -0.00000421 0.00007646
H 1.0 -2.34395795 1.86058787 -0.09562422 1.00800000 -0.00042706 -0.00001946 -0.00027739
H 1.0 -2.42867864 -1.75994077 -0.05774635 1.00800000 -0.00051938 0.00008498 -0.00013227
H 1.0 2.32965843 1.61015936 0.05997180 1.00800000 -0.00089032 0.00007757 -0.00028689
H 1.0 2.34385241 -1.59727712 -0.00855222 1.00800000 0.00001161 -0.00039145 -0.00047243
States
001    -78.04953971 -78.04953971   0.00000000   0.00000000   0.00000000   0.00000000   0.00000000   0.00000000   0.00000000   0.00000000
002    -77.68126593 -78.04953971   0.75190738   0.00000000   0.00000000   0.00000000   0.00000000   0.00000000   0.36827378   0.13880600
003    -77.48505721 -78.04953971   0.60818972   0.00000000   0.00000000   0.00000000   0.00000000   0.00000000   0.56448251   0.13919941
Ekin    0.00193840 a.u.
Epot_harm    0.00000000 a.u.
Epot    -0.00416301 a.u.
Etot_harm    0.00193840 a.u.
Etot    -0.00222461 a.u.


Index     29
Atoms
C 6.0 -1.22926573 0.00366002 -0.00335604 12.01100000 0.00008806 0.00000574 -0.00007717
C 6.0 1.26026671 -0.01416378 0.01874319 12.01100000 -0.00006175 0.00005720 0.00001556
H 1.0 -2.39236536 1.82277181 -0.02811009 1.00800000 -0.00016835 0.00078662 0.00046207
H 1.0 -2.38436398 -1.75953601 -0.03862782 1.00800000 0.00022541 -0.00077149 0.00019067
H 1.0 2.14908575 1.72898799 -0.03899163 1.00800000 -0.00023426 -0.00117397 -0.00009738
H 1.0 2.25824604 -1.66706435 -0.07761872 1.00800000 -0.00013628 0.00040885 0.00017882
States
001    -78.05066121 -78.05066121   0.00000000   0.00000000   0.00000000   0.00000000   0.00000000   0.00000000   0.00000000   0.00000000
002    -77.68005471 -78.05066121   0.85915628   0.00000000   0.00000000   0.00000000   0.00000000   0.00000000   0.37060650   0.18237534
003    -77.48308337 -78.05066121   0.69597021   0.00000000   0.00000000   0.00000000   0.00000000   0.00000000   0.56757785   0.18328017
Ekin    0.00317358 a.u.
Epot_harm    0.00000000 a.u.
Epot    -0.00304151 a.u.
Etot_harm    0.00317358 a.u.
Etot    0.00013207 a.u.


Index     30
Atoms
C 6.0 -1.24920684 -0.00313483 -0.02704576 12.01100000 0.00001723 -0.00005308 -0.00000483
C 6.0 1.23899835 0.00402175 0.00824869 12.01100000 0.00019931 0.00009513 -0.00005897
H 1.0 -2.32878090 1.81670947 0.14261442 1.00800000 -0.00087016 0.00092853 0.00014249
H 1.0 -2.27550071 -1.81191618 0.04743216 1.00800000 -0.00065538 -0.00069333 0.00010622
H 1.0 2.41818662 1.62628133 0.00002680 1.00800000 -0.00048662 -0.00139353 0.00028284
H 1.0 2.30773604 -1.64164313 0.03390635 1.00800000 -0.00056808 0.00065726 0.00022873
States
001    -78.05100215 -78.05100215   0.00000000   0.00000000   0.00000000   0.00000000   0.00000000   0.00000000   0.00000000   0.00000000
002    -77.68380501 -78.05100215   0.81110898   0.00000000   0.00000000   0.00000000   0.00000000   0.00000000   0.36719714   0.16105212
003    -77.48809872 -78.05100215   0.65632323   0.00000000   0.00000000   0.00000000   0.00000000   0.00000000   0.56290343   0.16165093
Ekin    0.00577601 a.u.
Epot_harm    0.00000000 a.u.
Epot    -0.00270057 a.u.
Etot_harm    0.00577601 a.u.
Etot    0.00307544 a.u.


Index     31
Atoms
C 6.0 -1.23389427 -0.00102890 0.00432764 12.01100000 0.00020235 0.00000533 0.00010366
C 6.0 1.25644583 0.00224097 -0.00787857 12.01100000 0.00005989 -0.00004007 0.00000290
H 1.0 -2.43651917 1.70033726 -0.02699799 1.00800000 -0.00074623 0.00127360 -0.00058828
H 1.0 -2.37863992 -1.71224766 -0.01947242 1.00800000 -0.00040388 -0.00085165 -0.00032378
H 1.0 2.33699773 1.74483215 0.07323592 1.00800000 -0.00137103 -0.00111812 -0.00007343
H 1.0 2.20944426 -1.74736448 0.01554606 1.00800000 -0.00060354 0.00111020 -0.00028432
States
001    -78.05271580 -78.05271580   0.00000000   0.00000000   0.00000000   0.00000000   0.00000000   0.00000000   0.00000000   0.00000000
002    -77.68379603 -78.05271580   0.79890147   0.00000000   0.00000000   0.00000000   0.00000000   0.00000000   0.36891977   0.15697378
003    -77.48761423 -78.05271580   0.64669101   0.00000000   0.00000000   0.00000000   0.00000000   0.00000000   0.56510157   0.15755381
Ekin    0.00827730 a.u.
Epot_harm    0.00000000 a.u.
Epot    -0.00098692 a.u.
Etot_harm    0.00827730 a.u.
Etot    0.00729038 a.u.


Index     32
Atoms
C 6.0 -1.25165229 0.00620964 0.02066493 12.01100000 -0.00000305 -0.00006412 -0.00002637
C 6.0 1.23301285 -0.01738860 -0.00046393 12.01100000 0.00013005 0.00000227 0.00002236
H 1.0 -2.22890400 1.77670677 -0.10715598 1.00800000 -0.00043432 0.00162611 0.00016646
H 1.0 -2.24724067 -1.74881960 -0.09339100 1.00800000 -0.00051119 -0.00097368 -0.00000375
H 1.0 2.30895376 1.79510833 0.01285276 1.00800000 -0.00034088 -0.00138905 -0.00019657
H 1.0 2.38929239 -1.68979055 -0.05301449 1.00800000 -0.00022692 0.00147354 0.00008163
States
001    -78.05244664 -78.05244664   0.00000000   0.00000000   0.00000000   0.00000000   0.00000000   0.00000000   0.00000000   0.00000000
002    -77.68257584 -78.05244664   0.88282476   0.00000000   0.00000000   0.00000000   0.00000000   0.00000000   0.36987080   0.19217983
003    -77.48485085 -78.05244664   0.71443487   0.00000000   0.00000000   0.00000000   0.00000000   0.00000000   0.56759579   0.19314043
Ekin    0.00794581 a.u.
Epot_harm    0.00000000 a.u.
Epot    -0.00125608 a.u.
Etot_harm    0.00794581 a.u.
Etot    0.00668973 a.u.


Index     33
Atoms
C 6.0 -1.24674452 -0.00838594 -0.01489839 12.01100000 0.00019470 -0.00005653 -0.00009659
C 6.0 1.24351532 -0.00156188 0.00544602 12.01100000 0.00012595 0.00002329 0.00000109
H 1.0 -2.30498082 1.66937620 0.09390170 1.00800000 -0.00108055 0.00083767 0.00052617
H 1.0 -2.41966900 -1.62399843 0.01934031 1.00800000 -0.00077162 -0.00045791 0.00038532
H 1.0 2.38338799 1.81485773 -0.02206431 1.00800000 -0.00069104 -0.00069873 0.00006867
H 1.0 2.37973984 -1.74170044 0.02145363 1.00800000 -0.00127753 0.00071506 0.00015777
States
001    -78.05178271 -78.05178271   0.00000000   0.00000000   0.00000000   0.00000000   0.00000000   0.00000000   0.00000000   0.00000000
002    -77.68411903 -78.05178271   0.75520215   0.00000000   0.00000000   0.00000000   0.00000000   0.00000000   0.36766369   0.13979316
003    -77.48836788 -78.05178271   0.61087164   0.00000000   0.00000000   0.00000000   0.00000000   0.00000000   0.56341484   0.14016415
Ekin    0.00646320 a.u.
Epot_harm    0.00000000 a.u.
Epot    -0.00192001 a.u.
Etot_harm    0.00646320 a.u.
Etot    0.00454319 a.u.


Index     34
Atoms
C 6.0 -1.24932472 0.00532402 -0.01638442 12.01100000 -0.00002121 0.00003838 0.00007488
C 6.0 1.23727080 -0.00134254 0.00404441 12.01100000 -0.00000384 -0.00007288 -0.00000317
H 1.0 -2.26383345 1.65737173 0.06282621 1.00800000 -0.00020571 0.00101558 -0.00050025
H 1.0 -2.22753253 -1.71133968 0.06011655 1.00800000 0.00054273 -0.00097841 -0.00018941
H 1.0 2.36733245 1.84594327 0.01919822 1.00800000 0.00005912 -0.00065115 0.00004983
H 1.0 2.26766398 -1.83941736 0.00489855 1.00800000 -0.00009765 0.00102515 -0.00021457
States
001    -78.05110084 -78.05110084   0.00000000   0.00000000   0.00000000   0.00000000   0.00000000   0.00000000   0.00000000   0.00000000
002    -77.68019826 -78.05110084   0.90931181   0.00000000   0.00000000   0.00000000   0.00000000   0.00000000   0.37090258   0.20445336
003    -77.48319103 -78.05110084   0.73690622   0.00000000   0.00000000   0.00000000   0.00000000   0.00000000   0.56790981   0.20559500
Ekin    0.00395192 a.u.
Epot_harm    0.00000000 a.u.
Epot    -0.00260188 a.u.
Etot_harm    0.00395192 a.u.
Etot    0.00135004 a.u.


Index     35
Atoms
C 6.0 -1.25589403 0.01292416 0.01774281 12.01100000 0.00006529 -0.00004304 0.00005521
C 6.0 1.22696393 -0.00776585 0.00071037 12.01100000 0.00010061 -0.00002646 -0.00001856
H 1.0 -2.31139805 1.61412858 -0.11294371 1.00800000 -0.00049288 -0.00008557 -0.00019526
H 1.0 -2.24446910 -1.68445136 -0.06861660 1.00800000 -0.00091687 0.00028384 -0.00029740
H 1.0 2.47195798 1.77902555 0.01373016 1.00800000 -0.00011105 0.00026444 -0.00003706
H 1.0 2.42863089 -1.77016735 -0.05205179 1.00800000 -0.00045603 0.00036543 0.00009298
States
001    -78.04965635 -78.04965635   0.00000000   0.00000000   0.00000000   0.00000000   0.00000000   0.00000000   0.00000000   0.00000000
002    -77.67983041 -78.04965635   0.73762765   0.00000000   0.00000000   0.00000000   0.00000000   0.00000000   0.36982594   0.13414685
003    -77.48147738 -78.04965635   0.59592871   0.00000000   0.00000000   0.00000000   0.00000000   0.00000000   0.56817897   0.13451865
Ekin    0.00181366 a.u.
Epot_harm    0.00000000 a.u.
Epot    -0.00404637 a.u.
Etot_harm    0.00181366 a.u.
Etot    -0.00223271 a.u.


Index     36
Atoms
C 6.0 -1.24819287 -0.00850535 0.00488179 12.01100000 -0.00003616 -0.00000537 -0.00010489
C 6.0 1.25087439 0.00283827 -0.00601307 12.01100000 -0.00009983 -0.00005485 0.00000142
H 1.0 -2.25177125 1.64800160 -0.00622746 1.00800000 0.00095588 -0.00002159 0.00059140
H 1.0 -2.37558983 -1.61211891 -0.04890689 1.00800000 0.00047232 -0.00006618 0.00037379
H 1.0 2.29556787 1.89014829 0.01388076 1.00800000 0.00022973 0.00060209 0.00003771
H 1.0 2.29984108 -1.85850392 0.05473361 1.00800000 -0.00003741 0.00020332 0.00023003
States
001    -78.05008701 -78.05008701   0.00000000   0.00000000   0.00000000   0.00000000   0.00000000   0.00000000   0.00000000   0.00000000
002    -77.68300650 -78.05008701   0.89605582   0.00000000   0.00000000   0.00000000   0.00000000   0.00000000   0.36708051   0.19648989
003    -77.48987517 -78.05008701   0.72718274   0.00000000   0.00000000   0.00000000   0.00000000   0.00000000   0.56021183   0.19749138
Ekin    0.00224644 a.u.
Epot_harm    0.00000000 a.u.
Epot    -0.00361572 a.u.
Etot_harm    0.00224644 a.u.
Etot    -0.00136927 a.u.


Index     37
Atoms
C 6.0 -1.25249370 0.00339863 -0.02498095 12.01100000 -0.00010773 0.00008357 -0.00000358
C 6.0 1.21618845 -0.00777499 0.00569509 12.01100000 0.00000614 -0.00009217 0.00004500
H 1.0 -2.19624339 1.70970173 0.10311956 1.00800000 -0.00015689 -0.00120032 -0.00021826
H 1.0 -2.24512076 -1.69396025 0.07735199 1.00800000 0.00023120 0.00062708 0.00009566
H 1.0 2.39791065 1.77300509 0.01292894 1.00800000 0.00082282 0.00088171 -0.00005902
H 1.0 2.47605500 -1.73659931 0.03640353 1.00800000 0.00031347 -0.00020594 -0.00031191
States
001    -78.04989859 -78.04989859   0.00000000   0.00000000   0.00000000   0.00000000   0.00000000   0.00000000   0.00000000   0.00000000
002    -77.67726442 -78.04989859   0.78376332   0.00000000   0.00000000   0.00000000   0.00000000   0.00000000   0.37263418   0.15260237
003    -77.47531361 -78.04989859   0.63231077   0.00000000   0.00000000   0.00000000   0.00000000   0.00000000   0.57458498   0.15315253
Ekin    0.00368618 a.u.
Epot_harm    0.00000000 a.u.
Epot    -0.00380413 a.u.
Etot_harm    0.00368618 a.u.
Etot    -0.00011795 a.u.


Index     38
Atoms
C 6.0 -1.24964558 0.00982098 -0.00353957 12.01100000 -0.00002901 -0.00000386 0.00009140
C 6.0 1.26250824 -0.00092721 0.01741322 12.01100000 -0.00012608 -0.00001075 -0.00000962
H 1.0 -2.42947503 1.62688990 -0.04918638 1.00800000 0.00091738 -0.00121166 -0.00037929
H 1.0 -2.34126613 -1.67136761 0.00710331 1.00800000 0.00053366 0.00082063 -0.00040835
H 1.0 2.32365110 1.79217844 -0.02753359 1.00800000 0.00065642 0.00138582 -0.00008749
H 1.0 2.29382276 -1.85367578 -0.09569711 1.00800000 -0.00025936 -0.00082072 -0.00009943
States
001    -78.05211468 -78.05211468   0.00000000   0.00000000   0.00000000   0.00000000   0.00000000   0.00000000   0.00000000   0.00000000
002    -77.68814746 -78.05211468   0.85190718   0.00000000   0.00000000   0.00000000   0.00000000   0.00000000   0.36396722   0.17609847
003    -77.49768082 -78.05211468   0.69161649   0.00000000   0.00000000   0.00000000   0.00000000   0.00000000   0.55443386   0.17680281
Ekin    0.00642194 a.u.
Epot_harm    0.00000000 a.u.
Epot    -0.00158804 a.u.
Etot_harm    0.00642194 a.u.
Etot    0.00483390 a.u.


Index     39
Atoms
C 6.0 -1.23855453 -0.00581047 0.01679967 12.01100000 -0.00021384 0.00001734 -0.00002889
C 6.0 1.21988377 0.01363016 -0.00617780 12.01100000 -0.00010336 -0.00005275 -0.00006899
H 1.0 -2.24922749 1.77032796 -0.07109567 1.00800000 0.00104876 -0.00109319 0.00038845
H 1.0 -2.23857594 -1.76250266 -0.08992379 1.00800000 0.00058056 0.00087618 0.00010865
H 1.0 2.39149307 1.67837131 0.00753118 1.00800000 0.00116855 0.00123228 0.00020343
H 1.0 2.31878504 -1.77937338 0.02692178 1.00800000 0.00098177 -0.00059340 0.00046580
States
001    -78.05135206 -78.05135206   0.00000000   0.00000000   0.00000000   0.00000000   0.00000000   0.00000000   0.00000000   0.00000000
002    -77.67760535 -78.05135206   0.84816071   0.00000000   0.00000000   0.00000000   0.00000000   0.00000000   0.37374671   0.17924309
003    -77.47373454 -78.05135206   0.68372487   0.00000000   0.00000000   0.00000000   0.00000000   0.00000000   0.57761752   0.18001631
Ekin    0.00808154 a.u.
Epot_harm    0.00000000 a.u.
Epot    -0.00235066 a.u.
Etot_harm    0.00808154 a.u.
Etot    0.00573088 a.u.


Index     40
Atoms
C 6.0 -1.25297799 0.00196303 -0.00672886 12.01100000 0.00002148 0.00004568 -0.00005488
C 6.0 1.26453163 -0.00587287 -0.01339693 12.01100000 -0.00009774 -0.00006697 0.00003380
H 1.0 -2.38201010 1.77047152 0.06815928 1.00800000 0.00023311 -0.00147130 0.00008137
H 1.0 -2.40856202 -1.71295508 0.01522874 1.00800000 0.00010767 0.00128062 0.00030275
H 1.0 2.25530419 1.71578324 0.05425579 1.00800000 0.00008999 0.00161408 0.00001249
H 1.0 2.39759851 -1.72671121 0.10216861 1.00800000 0.00047791 -0.00116970 -0.00014540
States
001    -78.05342459 -78.05342459   0.00000000   0.00000000   0.00000000   0.00000000   0.00000000   0.00000000   0.00000000   0.00000000
002    -77.68865886 -78.05342459   0.82528355   0.00000000   0.00000000   0.00000000   0.00000000   0.00000000   0.36476573   0.16562624
003    -77.49848830 -78.05342459   0.67035134   0.00000000   0.00000000   0.00000000   0.00000000   0.00000000   0.55493630   0.16624816
Ekin    0.00776085 a.u.
Epot_harm    0.00000000 a.u.
Epot    -0.00027813 a.u.
Etot_harm    0.00776085 a.u.
Etot    0.00748272 a.u.


Index     41
Atoms
C 6.0 -1.22274028 -0.00195356 -0.01330518 12.01100000 -0.00020438 -0.00002656 0.00003436
C 6.0 1.23575118 0.00015664 0.01694204 12.01100000 -0.00010973 0.00006931 0.00007263
H 1.0 -2.33229052 1.81898805 0.00646591 1.00800000 0.00105027 -0.00044140 -0.00030431
H 1.0 -2.35763254 -1.75767879 0.05585549 1.00800000 0.00101636 0.00027240 -0.00020107
H 1.0 2.21982757 1.67189906 -0.02361392 1.00800000 0.00108955 0.00063813 -0.00030163
H 1.0 2.31506194 -1.71179677 -0.08204310 1.00800000 0.00058666 -0.00097855 -0.00046784
States
001    -78.05044589 -78.05044589   0.00000000   0.00000000   0.00000000   0.00000000   0.00000000   0.00000000   0.00000000   0.00000000
002    -77.67696834 -78.05044589   0.82625625   0.00000000   0.00000000   0.00000000   0.00000000   0.00000000   0.37347755   0.16998193
003    -77.47306164 -78.05044589   0.66589942   0.00000000   0.00000000   0.00000000   0.00000000   0.00000000   0.57738425   0.17068326
Ekin    0.00599737 a.u.
Epot_harm    0.00000000 a.u.
Epot    -0.00325684 a.u.
Etot_harm    0.00599737 a.u.
Etot    0.00274053 a.u.


Index     42
Atoms
C 6.0 -1.25722871 -0.00610824 0.00542644 12.01100000 0.00008624 0.00002329 0.00002696
C 6.0 1.25742724 0.01483409 0.01232292 12.01100000 -0.00006165 0.00003508 -0.00007880
H 1.0 -2.34809745 1.84836144 -0.05530484 1.00800000 -0.00054802 -0.00084035 0.00011767
H 1.0 -2.30739940 -1.83575341 -0.05104882 1.00800000 -0.00019745 0.00079559 -0.00015484
H 1.0 2.36378970 1.57826564 -0.04539321 1.00800000 0.00008693 0.00034707 0.00020788
H 1.0 2.28934135 -1.69484810 -0.05974870 1.00800000 0.00036548 -0.00099785 0.00044697
States
001    -78.05099318 -78.05099318   0.00000000   0.00000000   0.00000000   0.00000000   0.00000000   0.00000000   0.00000000   0.00000000
002    -77.68590446 -78.05099318   0.86762865   0.00000000   0.00000000   0.00000000   0.00000000   0.00000000   0.36508872   0.18322086
003    -77.49604791 -78.05099318   0.70535091   0.00000000   0.00000000   0.00000000   0.00000000   0.00000000   0.55494527   0.18406421
Ekin    0.00317356 a.u.
Epot_harm    0.00000000 a.u.
Epot    -0.00270954 a.u.
Etot_harm    0.00317356 a.u.
Etot    0.00046401 a.u.


Index     43
Atoms
C 6.0 -1.21621167 0.01157641 0.00338595 12.01100000 -0.00011977 -0.00000118 -0.00002642
C 6.0 1.25323961 -0.00467635 -0.01912116 12.01100000 0.00004278 0.00003634 -0.00004129
H 1.0 -2.50970400 1.73166881 0.03741161 1.00800000 0.00044861 0.00050275 0.00014223
H 1.0 -2.39157593 -1.76305950 -0.03758945 1.00800000 0.00051713 -0.00019376 0.00019200
H 1.0 2.22294575 1.64573047 0.06893532 1.00800000 -0.00053631 -0.00020860 0.00025044
H 1.0 2.23712130 -1.69655853 0.11873813 1.00800000 0.00048801 -0.00051941 0.00022215
States
001    -78.04866046 -78.04866046   0.00000000   0.00000000   0.00000000   0.00000000   0.00000000   0.00000000   0.00000000   0.00000000
002    -77.67747975 -78.04866046   0.72784751   0.00000000   0.00000000   0.00000000   0.00000000   0.00000000   0.37118071   0.13109162
003    -77.47562763 -78.04866046   0.58675045   0.00000000   0.00000000   0.00000000   0.00000000   0.00000000   0.57303282   0.13152100
Ekin    0.00184147 a.u.
Epot_harm    0.00000000 a.u.
Epot    -0.00504227 a.u.
Etot_harm    0.00184147 a.u.
Etot    -0.00320079 a.u.


Index     44
Atoms
C 6.0 -1.25813819 -0.00450609 -0.00670547 12.01100000 0.00013608 -0.00007656 -0.00001379
C 6.0 1.24579719 -0.00247511 -0.00123284 12.01100000 -0.00007046 0.00013144 0.00011422
H 1.0 -2.20464944 1.90543710 0.00736810 1.00800000 -0.00020533 0.00037048 -0.00019685
H 1.0 -2.28915818 -1.84863987 0.02632472 1.00800000 -0.00058402 0.00005596 0.00001126
H 1.0 2.28948607 1.64358896 0.05663384 1.00800000 -0.00030197 -0.00117314 -0.00039694
H 1.0 2.35137314 -1.61720050 0.00426368 1.00800000 0.00030947 0.00009277 -0.00061420
States
001    -78.05045486 -78.05045486   0.00000000   0.00000000   0.00000000   0.00000000   0.00000000   0.00000000   0.00000000   0.00000000
002    -77.68397547 -78.05045486   0.91098671   0.00000000   0.00000000   0.00000000   0.00000000   0.00000000   0.36647938   0.20276004
003    -77.49260266 -78.05045486   0.74041908   0.00000000   0.00000000   0.00000000   0.00000000   0.00000000   0.55785220   0.20388398
Ekin    0.00310753 a.u.
Epot_harm    0.00000000 a.u.
Epot    -0.00324786 a.u.
Etot_harm    0.00310753 a.u.
Etot    -0.00014034 a.u.


Index     45
Atoms
C 6.0 -1.22328730 -0.00912012 -0.00780362 12.01100000 -0.00004202 0.00003091 -0.00000016
C 6.0 1.25818721 0.00077074 0.02816565 12.01100000 0.00025884 0.00006199 -0.00000676
H 1.0 -2.43345772 1.73173648 -0.02970334 1.00800000 -0.00078110 0.00064912 0.00009828
H 1.0 -2.51889810 -1.67174450 -0.02046150 1.00800000 -0.00016786 -0.00060461 -0.00013222
H 1.0 2.27640028 1.70921268 -0.06957541 1.00800000 -0.00114288 -0.00106101 -0.00002988
H 1.0 2.26009943 -1.66971625 -0.12288713 1.00800000 -0.00049171 -0.00009045 0.00014623
States
001    -78.05041000 -78.05041000   0.00000000   0.00000000   0.00000000   0.00000000   0.00000000   0.00000000   0.00000000   0.00000000
002    -77.68102369 -78.05041000   0.68009770   0.00000000   0.00000000   0.00000000   0.00000000   0.00000000   0.36938631   0.11390221
003    -77.48298468 -78.05041000   0.54942332   0.00000000   0.00000000   0.00000000   0.00000000   0.00000000   0.56742532   0.11419094
Ekin    0.00462453 a.u.
Epot_harm    0.00000000 a.u.
Epot    -0.00329272 a.u.
Etot_harm    0.00462453 a.u.
Etot    0.00133181 a.u.


Index     46
Atoms
C 6.0 -1.25359127 0.01354799 -0.00728909 12.01100000 0.00018129 -0.00001464 0.00000844
C 6.0 1.24148260 -0.01298916 0.00148440 12.01100000 -0.00015001 0.00007001 -0.00010222
H 1.0 -2.29793201 1.80204429 0.05486100 1.00800000 -0.00027402 0.00108398 0.00016253
H 1.0 -2.17669088 -1.85050066 -0.03493484 1.00800000 0.00019450 -0.00084985 0.00005186
H 1.0 2.32839734 1.72645052 0.00733858 1.00800000 -0.00035134 -0.00188229 0.00041818
H 1.0 2.29050850 -1.68465308 0.04190188 1.00800000 0.00005810 0.00098832 0.00048485
States
001    -78.05243767 -78.05243767   0.00000000   0.00000000   0.00000000   0.00000000   0.00000000   0.00000000   0.00000000   0.00000000
002    -77.68411005 -78.05243767   0.92778341   0.00000000   0.00000000   0.00000000   0.00000000   0.00000000   0.36832762   0.21136653
003    -77.48935480 -78.05243767   0.75257267   0.00000000   0.00000000   0.00000000   0.00000000   0.00000000   0.56308287   0.21260719
Ekin    0.00729652 a.u.
Epot_harm    0.00000000 a.u.
Epot    -0.00126505 a.u.
Etot_harm    0.00729652 a.u.
Etot    0.00603147 a.u.


Index     47
Atoms
C 6.0 -1.23997522 -0.00318162 0.00177886 12.01100000 -0.00003160 -0.00007759 0.00002594
C 6.0 1.24713404 0.00211275 -0.01748065 12.01100000 0.00040491 0.00006534 0.00004997
H 1.0 -2.38625939 1.69303102 0.00190367 1.00800000 -0.00105447 0.00088306 -0.00029844
H 1.0 -2.39842517 -1.71009698 -0.00936167 1.00800000 -0.00131642 -0.00036090 -0.00001110
H 1.0 2.41716838 1.73533688 0.11902909 1.00800000 -0.00119246 -0.00074020 -0.00017428
H 1.0 2.28221404 -1.70553456 0.07552629 1.00800000 -0.00088492 0.00036401 -0.00042076
States
001    -78.05268889 -78.05268889   0.00000000   0.00000000   0.00000000   0.00000000   0.00000000   0.00000000   0.00000000   0.00000000
002    -77.68343715 -78.05268889   0.74047468   0.00000000   0.00000000   0.00000000   0.00000000   0.00000000   0.36925173   0.13497449
003    -77.48704899 -78.05268889   0.59908140   0.00000000   0.00000000   0.00000000   0.00000000   0.00000000   0.56563989   0.13533822
Ekin    0.00832635 a.u.
Epot_harm    0.00000000 a.u.
Epot    -0.00101384 a.u.
Etot_harm    0.00832635 a.u.
Etot    0.00731251 a.u.


Index     48
Atoms
C 6.0 -1.24669210 -0.00253112 0.00316557 12.01100000 0.00023321 0.00003357 -0.00002024
C 6.0 1.24868200 -0.00882776 0.01391802 12.01100000 -0.00024843 -0.00005067 0.00006185
H 1.0 -2.25821044 1.72474672 -0.05857856 1.00800000 0.00011768 0.00129850 0.00007904
H 1.0 -2.35738338 -1.70421415 -0.03102927 1.00800000 0.00029003 -0.00115402 -0.00004716
H 1.0 2.29413124 1.85273638 -0.01826390 1.00800000 -0.00040239 -0.00130319 -0.00035704
H 1.0 2.29775158 -1.73792027 -0.09569074 1.00800000 0.00017598 0.00136245 -0.00017074
States
001    -78.05285936 -78.05285936   0.00000000   0.00000000   0.00000000   0.00000000   0.00000000   0.00000000   0.00000000   0.00000000
002    -77.68472015 -78.05285936   0.89693756   0.00000000   0.00000000   0.00000000   0.00000000   0.00000000   0.36813920   0.19744459
003    -77.48973162 -78.05285936   0.72708208   0.00000000   0.00000000   0.00000000   0.00000000   0.00000000   0.56312773   0.19846436
Ekin    0.00781508 a.u.
Epot_harm    0.00000000 a.u.
Epot    -0.00084337 a.u.
Etot_harm    0.00781508 a.u.
Etot    0.00697171 a.u.


Index     49
Atoms
C 6.0 -1.25780592 0.01030479 -0.01210982 12.01100000 -0.00011376 -0.00000917 -0.00003344
C 6.0 1.22998813 -0.01974966 0.01521035 12.01100000 0.00039669 0.00002151 -0.00006931
H 1.0 -2.24405622 1.71197395 0.06349132 1.00800000 -0.00111821 0.00048845 0.00035230
H 1.0 -2.25313097 -1.72919890 -0.00280367 1.00800000 -0.00098339 -0.00059363 0.00015694
H 1.0 2.39577830 1.80675241 -0.06716990 1.00800000 -0.00034636 -0.00024940 0.00025939
H 1.0 2.43287654 -1.67698563 -0.03046265 1.00800000 -0.00092336 0.00020752 0.00045574
States
001    -78.05170197 -78.05170197   0.00000000   0.00000000   0.00000000   0.00000000   0.00000000   0.00000000   0.00000000   0.00000000
002    -77.68247715 -78.05170197   0.81257154   0.00000000   0.00000000   0.00000000   0.00000000   0.00000000   0.36922482   0.16252600
003    -77.48527254 -78.05170197   0.65736107   0.00000000   0.00000000   0.00000000   0.00000000   0.00000000   0.56642943   0.16317834
Ekin    0.00589490 a.u.
Epot_harm    0.00000000 a.u.
Epot    -0.00200076 a.u.
Etot_harm    0.00589490 a.u.
Etot    0.00389414 a.u.


Index     50
Atoms
C 6.0 -1.24198310 -0.00222840 -0.00453508 12.01100000 0.00026384 -0.00000217 0.00006179
C 6.0 1.25713802 0.00278345 -0.01640006 12.01100000 -0.00026910 -0.00002166 -0.00003406
H 1.0 -2.38191450 1.58617740 0.05063345 1.00800000 0.00017362 0.00039183 -0.00038594
H 1.0 -2.38850785 -1.62217520 0.02535172 1.00800000 0.00005138 -0.00059957 -0.00008282
H 1.0 2.38147576 1.85483384 0.08727628 1.00800000 0.00020696 -0.00033553 0.00021303
H 1.0 2.20836562 -1.82545000 0.08619474 1.00800000 -0.00036929 0.00082718 -0.00007475
States
001    -78.05006009 -78.05006009   0.00000000   0.00000000   0.00000000   0.00000000   0.00000000   0.00000000   0.00000000   0.00000000
002    -77.68406519 -78.05006009   0.82302098   0.00000000   0.00000000   0.00000000   0.00000000   0.00000000   0.36599490   0.16527440
003    -77.49184901 -78.05006009   0.66767144   0.00000000   0.00000000   0.00000000   0.00000000   0.00000000   0.55821108   0.16589481
Ekin    0.00320263 a.u.
Epot_harm    0.00000000 a.u.
Epot    -0.00364263 a.u.
Etot_harm    0.00320263 a.u.
Etot    -0.00044000 a.u.


Index     51
Atoms
C 6.0 -1.26654207 0.00556640 0.01688720 12.01100000 -0.00026774 0.00005890 0.00001738
C 6.0 1.22166455 -0.00556298 -0.00606215 12.01100000 0.00025187 -0.00012799 0.00006442
H 1.0 -2.17664188 1.71829057 -0.09760214 1.00800000 0.00010930 0.00003602 -0.00015541
H 1.0 -2.14463400 -1.75077972 -0.04890078 1.00800000 -0.00006821 -0.00033630 -0.00019791
H 1.0 2.46698449 1.76817427 0.04444335 1.00800000 0.00017459 0.00067443 -0.00031479
H 1.0 2.38903731 -1.73572590 -0.02692835 1.00800000 -0.00002657 0.00044914 -0.00030660
States
001    -78.04992551 -78.04992551   0.00000000   0.00000000   0.00000000   0.00000000   0.00000000   0.00000000   0.00000000   0.00000000
002    -77.68003677 -78.04992551   0.85134003   0.00000000   0.00000000   0.00000000   0.00000000   0.00000000   0.36988874   0.17872527
003    -77.48225794 -78.04992551   0.68889360   0.00000000   0.00000000   0.00000000   0.00000000   0.00000000   0.56766757   0.17960033
Ekin    0.00273308 a.u.
Epot_harm    0.00000000 a.u.
Epot    -0.00377721 a.u.
Etot_harm    0.00273308 a.u.
Etot    -0.00104413 a.u.


Index     52
Atoms
C 6.0 -1.23953594 0.00458997 -0.00128666 12.01100000 0.00026860 -0.00001302 -0.00009454
C 6.0 1.25440415 -0.01301951 0.01668859 12.01100000 -0.00022503 -0.00006946 0.00001518
H 1.0 -2.38196469 1.61407442 -0.01008556 1.00800000 0.00010362 -0.00097740 0.00054315
H 1.0 -2.42146626 -1.58552030 -0.04254235 1.00800000 -0.00051275 0.00077370 0.00027490
H 1.0 2.26950010 1.86030419 -0.07503749 1.00800000 0.00030112 0.00091615 -0.00008924
H 1.0 2.35676608 -1.78841451 -0.05585892 1.00800000 -0.00041106 0.00027040 0.00021683
States
001    -78.05048177 -78.05048177   0.00000000   0.00000000   0.00000000   0.00000000   0.00000000   0.00000000   0.00000000   0.00000000
002    -77.68404725 -78.05048177   0.78388172   0.00000000   0.00000000   0.00000000   0.00000000   0.00000000   0.36643452   0.15010881
003    -77.49055705 -78.05048177   0.63508463   0.00000000   0.00000000   0.00000000   0.00000000   0.00000000   0.55992473   0.15055722
Ekin    0.00464611 a.u.
Epot_harm    0.00000000 a.u.
Epot    -0.00322095 a.u.
Etot_harm    0.00464611 a.u.
Etot    0.00142516 a.u.


Index     53
Atoms
C 6.0 -1.26214468 -0.00918082 -0.02489924 12.01100000 -0.00039221 0.00004452 0.00001582
C 6.0 1.23494328 0.00539487 0.00478800 12.01100000 0.00009456 -0.00007543 -0.00004201
H 1.0 -2.17222478 1.76812412 0.11399196 1.00800000 0.00114927 -0.00034057 -0.00018422
H 1.0 -2.25875884 -1.72109388 0.06255256 1.00800000 0.00109938 -0.00032226 0.00008135
H 1.0 2.38449734 1.75955453 0.01903971 1.00800000 0.00120541 0.00102385 0.00032502
H 1.0 2.37060940 -1.76147270 0.04405471 1.00800000 0.00009260 0.00000726 0.00008993
States
001    -78.05232104 -78.05232104   0.00000000   0.00000000   0.00000000   0.00000000   0.00000000   0.00000000   0.00000000   0.00000000
002    -77.68379603 -78.05232104   0.88866083   0.00000000   0.00000000   0.00000000   0.00000000   0.00000000   0.36852500   0.19402057
003    -77.48874470 -78.05232104   0.72046734   0.00000000   0.00000000   0.00000000   0.00000000   0.00000000   0.56357633   0.19502491
Ekin    0.00686149 a.u.
Epot_harm    0.00000000 a.u.
Epot    -0.00138169 a.u.
Etot_harm    0.00686149 a.u.
Etot    0.00547981 a.u.


Index     54
Atoms
C 6.0 -1.23957296 0.00564127 0.00174701 12.01100000 0.00029376 0.00007691 0.00008819
C 6.0 1.23667206 0.00100828 -0.00357980 12.01100000 -0.00021525 -0.00012141 0.00000173
H 1.0 -2.38111713 1.70410177 -0.04610720 1.00800000 -0.00061361 -0.00177521 -0.00044193
H 1.0 -2.28075750 -1.71007691 -0.00386370 1.00800000 -0.00058453 0.00120278 -0.00038494
H 1.0 2.35776590 1.70907400 0.07211692 1.00800000 0.00047591 0.00141796 -0.00004605
H 1.0 2.33867503 -1.78233267 -0.00030704 1.00800000 -0.00021326 -0.00031528 -0.00019856
States
001    -78.05253636 -78.05253636   0.00000000   0.00000000   0.00000000   0.00000000   0.00000000   0.00000000   0.00000000   0.00000000
002    -77.68232463 -78.05253636   0.79285489   0.00000000   0.00000000   0.00000000   0.00000000   0.00000000   0.37021174   0.15514806
003    -77.48286804 -78.05253636   0.64028350   0.00000000   0.00000000   0.00000000   0.00000000   0.00000000   0.56966832   0.15569527
Ekin    0.00918956 a.u.
Epot_harm    0.00000000 a.u.
Epot    -0.00116636 a.u.
Etot_harm    0.00918956 a.u.
Etot    0.00802320 a.u.


Index     55
Atoms
C 6.0 -1.25289604 0.00691528 0.01469419 12.01100000 -0.00040232 -0.00005004 -0.00005509
C 6.0 1.26555586 0.00021445 0.00431568 12.01100000 0.00005731 -0.00004917 0.00001919
H 1.0 -2.41991767 1.71823805 -0.08519751 1.00800000 0.00153195 0.00036389 0.00039837
H 1.0 -2.31152409 -1.71596645 -0.09868378 1.00800000 0.00111196 -0.00013338 0.00012027
H 1.0 2.27950497 1.72057878 -0.01392199 1.00800000 0.00100810 0.00126883 -0.00019144
H 1.0 2.30108658 -1.80780584 -0.02871222 1.00800000 0.00045909 -0.00031721 0.00010064
States
001    -78.05363095 -78.05363095   0.00000000   0.00000000   0.00000000   0.00000000   0.00000000   0.00000000   0.00000000   0.00000000
002    -77.68838970 -78.05363095   0.86813497   0.00000000   0.00000000   0.00000000   0.00000000   0.00000000   0.36524125   0.18351141
003    -77.49884718 -78.05363095   0.70605446   0.00000000   0.00000000   0.00000000   0.00000000   0.00000000   0.55478377   0.18437791
Ekin    0.00823012 a.u.
Epot_harm    0.00000000 a.u.
Epot    -0.00007178 a.u.
Etot_harm    0.00823012 a.u.
Etot    0.00815834 a.u.


Index     56
Atoms
C 6.0 -1.24131714 -0.01193343 -0.01820999 12.01100000 0.00030106 -0.00002505 -0.00005815
C 6.0 1.21557506 0.01148199 0.00510787 12.01100000 -0.00025862 -0.00003877 -0.00000883
H 1.0 -2.16665285 1.84391410 0.10515048 1.00800000 -0.00050958 -0.00094793 0.00022922
H 1.0 -2.27179802 -1.76455328 0.02963036 1.00800000 -0.00058831 0.00120462 0.00037271
H 1.0 2.33741273 1.61221918 -0.00980479 1.00800000 0.00037981 0.00091738 0.00014424
H 1.0 2.40777224 -1.68620098 0.03114437 1.00800000 0.00021241 -0.00041366 0.00005183
States
001    -78.04939616 -78.04939616   0.00000000   0.00000000   0.00000000   0.00000000   0.00000000   0.00000000   0.00000000   0.00000000
002    -77.67766816 -78.04939616   0.80377081   0.00000000   0.00000000   0.00000000   0.00000000   0.00000000   0.37172801   0.16010264
003    -77.47465866 -78.04939616   0.64771636   0.00000000   0.00000000   0.00000000   0.00000000   0.00000000   0.57473750   0.16074890
Ekin    0.00580280 a.u.
Epot_harm    0.00000000 a.u.
Epot    -0.00430656 a.u.
Etot_harm    0.00580280 a.u.
Etot    0.00149624 a.u.


Index     57
Atoms
C 6.0 -1.25117113 0.00302131 -0.01195465 12.01100000 -0.00031628 0.00003983 0.00008982
C 6.0 1.29295880 -0.00041453 0.00338034 12.01100000 0.00018463 -0.00002410 -0.00000367
H 1.0 -2.47878583 1.69721073 0.03009105 1.00800000 0.00029101 0.00018425 -0.00050589
H 1.0 -2.47617003 -1.65152152 0.06692129 1.00800000 0.00088876 -0.00021900 -0.00030427
H 1.0 2.16717439 1.71808149 0.02987445 1.00800000 0.00010861 0.00059888 -0.00000418
H 1.0 2.28985333 -1.79483221 -0.02471796 1.00800000 0.00028029 -0.00075154 -0.00021213
States
001    -78.05110981 -78.05110981   0.00000000   0.00000000   0.00000000   0.00000000   0.00000000   0.00000000   0.00000000   0.00000000
002    -77.69041737 -78.05110981   0.80542887   0.00000000   0.00000000   0.00000000   0.00000000   0.00000000   0.36069244   0.15599123
003    -77.50677843 -78.05110981   0.65703913   0.00000000   0.00000000   0.00000000   0.00000000   0.00000000   0.54433139   0.15665872
Ekin    0.00375219 a.u.
Epot_harm    0.00000000 a.u.
Epot    -0.00259291 a.u.
Etot_harm    0.00375219 a.u.
Etot    0.00115928 a.u.


Index     58
Atoms
C 6.0 -1.23624808 0.00486225 0.02289861 12.01100000 0.00025681 -0.00007479 0.00002889
C 6.0 1.20510195 0.00444295 -0.00161785 12.01100000 -0.00034084 0.00012331 -0.00001820
H 1.0 -2.22540286 1.82405540 -0.12001035 1.00800000 0.00011741 -0.00015251 0.00000299
H 1.0 -2.14568318 -1.83133877 -0.09132617 1.00800000 0.00014203 0.00051167 -0.00022860
H 1.0 2.35732910 1.56089139 -0.00662740 1.00800000 0.00036662 -0.00072060 -0.00009303
H 1.0 2.38488409 -1.66448570 -0.03561049 1.00800000 0.00037523 -0.00021662 0.00019125
States
001    -78.04694681 -78.04694681   0.00000000   0.00000000   0.00000000   0.00000000   0.00000000   0.00000000   0.00000000   0.00000000
002    -77.67347823 -78.04694681   0.79742689   0.00000000   0.00000000   0.00000000   0.00000000   0.00000000   0.37346857   0.15832320
003    -77.46807321 -78.04694681   0.64180479   0.00000000   0.00000000   0.00000000   0.00000000   0.00000000   0.57887360   0.15896386
Ekin    0.00338992 a.u.
Epot_harm    0.00000000 a.u.
Epot    -0.00675592 a.u.
Etot_harm    0.00338992 a.u.
Etot    -0.00336600 a.u.


Index     59
Atoms
C 6.0 -1.26138321 -0.00841591 0.00333847 12.01100000 -0.00020360 -0.00001253 -0.00009915
C 6.0 1.29939471 0.01576574 -0.00779142 12.01100000 0.00036910 0.00004435 0.00000142
H 1.0 -2.45808110 1.70686942 0.02060055 1.00800000 -0.00057030 0.00003183 0.00044262
H 1.0 -2.46872685 -1.69535751 -0.04171064 1.00800000 -0.00031912 0.00041725 0.00044267
H 1.0 2.28215508 1.70406853 0.00250659 1.00800000 -0.00104359 -0.00001856 0.00011655
H 1.0 2.19172020 -1.80315862 0.07166346 1.00800000 -0.00003911 -0.00080973 0.00016264
States
001    -78.05195318 -78.05195318   0.00000000   0.00000000   0.00000000   0.00000000   0.00000000   0.00000000   0.00000000   0.00000000
002    -77.69343197 -78.05195318   0.84816845   0.00000000   0.00000000   0.00000000   0.00000000   0.00000000   0.35852122   0.17194432
003    -77.51277172 -78.05195318   0.69324085   0.00000000   0.00000000   0.00000000   0.00000000   0.00000000   0.53918146   0.17274758
Ekin    0.00463082 a.u.
Epot_harm    0.00000000 a.u.
Epot    -0.00174954 a.u.
Etot_harm    0.00463082 a.u.
Etot    0.00288128 a.u.


Index     60
Atoms
C 6.0 -1.22143185 0.00930887 -0.02417880 12.01100000 0.00021395 -0.00001870 0.00000136
C 6.0 1.21055929 -0.01267403 0.00517810 12.01100000 -0.00041426 0.00005340 0.00005203
H 1.0 -2.27622461 1.78281761 0.08087108 1.00800000 0.00059275 0.00067536 -0.00020952
H 1.0 -2.27823307 -1.77231255 0.10469927 1.00800000 0.00088198 -0.00016437 0.00002670
H 1.0 2.26613839 1.67216838 0.02728850 1.00800000 -0.00006809 -0.00139457 -0.00009102
H 1.0 2.41787315 -1.64257525 0.01354737 1.00800000 0.00098020 0.00047009 -0.00036235
States
001    -78.04895653 -78.04895653   0.00000000   0.00000000   0.00000000   0.00000000   0.00000000   0.00000000   0.00000000   0.00000000
002    -77.67247337 -78.04895653   0.74973971   0.00000000   0.00000000   0.00000000   0.00000000   0.00000000   0.37648317   0.14108321
003    -77.46334496 -78.04895653   0.60212302   0.00000000   0.00000000   0.00000000   0.00000000   0.00000000   0.58561157   0.14154315
Ekin    0.00697189 a.u.
Epot_harm    0.00000000 a.u.
Epot    -0.00474619 a.u.
Etot_harm    0.00697189 a.u.
Etot    0.00222570 a.u.


Index     61
Atoms
C 6.0 -1.28008020 -0.00257252 -0.00070160 12.01100000 -0.00012313 -0.00007995 0.00007451
C 6.0 1.28245116 0.00028227 0.01733873 12.01100000 0.00043097 0.00017700 -0.00001356
H 1.0 -2.28798337 1.79277146 -0.06627356 1.00800000 -0.00111291 0.00007962 -0.00026520
H 1.0 -2.36468643 -1.77829427 -0.02038731 1.00800000 -0.00096070 0.00035730 -0.00044191
H 1.0 2.30260927 1.75021883 -0.02972414 1.00800000 -0.00094084 -0.00050646 -0.00006093
H 1.0 2.32180900 -1.73740613 -0.08185759 1.00800000 -0.00065366 -0.00108690 0.00004186
States
001    -78.05417824 -78.05417824   0.00000000   0.00000000   0.00000000   0.00000000   0.00000000   0.00000000   0.00000000   0.00000000
002    -77.69462524 -78.05417824   0.95681046   0.00000000   0.00000000   0.00000000   0.00000000   0.00000000   0.35955300   0.21944389
003    -77.51429696 -78.05417824   0.78324504   0.00000000   0.00000000   0.00000000   0.00000000   0.00000000   0.53988127   0.22080165
Ekin    0.00755990 a.u.
Epot_harm    0.00000000 a.u.
Epot    0.00047552 a.u.
Etot_harm    0.00755990 a.u.
Etot    0.00803542 a.u.


Index     62
Atoms
C 6.0 -1.20438259 -0.00077095 0.00964106 12.01100000 0.00021285 0.00004012 -0.00003567
C 6.0 1.22510554 0.00429622 -0.00253168 12.01100000 -0.00037892 0.00006741 -0.00005944
H 1.0 -2.40891772 1.64516975 -0.03315772 1.00800000 0.00030830 0.00075927 0.00033503
H 1.0 -2.42229494 -1.68137704 -0.10517766 1.00800000 0.00090122 -0.00071736 0.00014550
H 1.0 2.34055952 1.73135064 0.00469616 1.00800000 -0.00012443 -0.00150188 0.00025506
H 1.0 2.24372542 -1.73714924 0.04892631 1.00800000 0.00089371 0.00017867 0.00039772
States
001    -78.04860663 -78.04860663   0.00000000   0.00000000   0.00000000   0.00000000   0.00000000   0.00000000   0.00000000   0.00000000
002    -77.67326290 -78.04860663   0.66607429   0.00000000   0.00000000   0.00000000   0.00000000   0.00000000   0.37534372   0.11101540
003    -77.46311169 -78.04860663   0.53380371   0.00000000   0.00000000   0.00000000   0.00000000   0.00000000   0.58549494   0.11122312
Ekin    0.00720107 a.u.
Epot_harm    0.00000000 a.u.
Epot    -0.00509610 a.u.
Etot_harm    0.00720107 a.u.
Etot    0.00210497 a.u.


Index     63
Atoms
C 6.0 -1.29944077 0.01443535 -0.01507627 12.01100000 -0.00013244 -0.00002197 -0.00004842
C 6.0 1.26253740 -0.01381541 -0.00655863 12.01100000 0.00032530 0.00007987 0.00005333
H 1.0 -2.20941000 1.80974078 0.06765813 1.00800000 -0.00057338 0.00032023 0.00004503
H 1.0 -2.12576840 -1.87054189 0.03832952 1.00800000 -0.00072165 -0.00006952 0.00030287
H 1.0 2.41057641 1.74284930 0.08867349 1.00800000 -0.00092727 -0.00021930 -0.00006778
H 1.0 2.36433056 -1.68943521 0.06313327 1.00800000 -0.00007575 -0.00072137 -0.00033857
States
001    -78.05223132 -78.05223132   0.00000000   0.00000000   0.00000000   0.00000000   0.00000000   0.00000000   0.00000000   0.00000000
002    -77.69179009 -78.05223132   0.99413894   0.00000000   0.00000000   0.00000000   0.00000000   0.00000000   0.36044123   0.23748565
003    -77.51200013 -78.05223132   0.81488385   0.00000000   0.00000000   0.00000000   0.00000000   0.00000000   0.54023118   0.23915519
Ekin    0.00387474 a.u.
Epot_harm    0.00000000 a.u.
Epot    -0.00147141 a.u.
Etot_harm    0.00387474 a.u.
Etot    0.00240333 a.u.


Index     64
Atoms
C 6.0 -1.19308197 -0.00626486 -0.01206976 12.01100000 0.00022773 -0.00004922 0.00005547
C 6.0 1.23128641 -0.00583604 0.01964799 12.01100000 -0.00023471 0.00008020 0.00003983
H 1.0 -2.42455670 1.59565513 0.00106291 1.00800000 0.00010852 0.00018364 -0.00023718
H 1.0 -2.55064246 -1.56278896 0.02979138 1.00800000 -0.00021152 0.00007988 -0.00031929
H 1.0 2.27628705 1.82598374 -0.01542721 1.00800000 -0.00011261 -0.00069892 -0.00030340
H 1.0 2.24368041 -1.71465963 -0.10572683 1.00800000 0.00029875 0.00006625 -0.00027562
States
001    -78.04499988 -78.04499988   0.00000000   0.00000000   0.00000000   0.00000000   0.00000000   0.00000000   0.00000000   0.00000000
002    -77.67180047 -78.04499988   0.60586289   0.00000000   0.00000000   0.00000000   0.00000000   0.00000000   0.37319941   0.09132683
003    -77.46196327 -78.04499988   0.48480484   0.00000000   0.00000000   0.00000000   0.00000000   0.00000000   0.58303661   0.09135629
Ekin    0.00225377 a.u.
Epot_harm    0.00000000 a.u.
Epot    -0.00870284 a.u.
Etot_harm    0.00225377 a.u.
Etot    -0.00644908 a.u.


Index     65
Atoms
C 6.0 -1.30550777 0.00096884 0.00877659 12.01100000 -0.00020826 0.00007255 0.00002493
C 6.0 1.26122676 -0.00935318 0.00786995 12.01100000 0.00012767 -0.00001691 -0.00009168
H 1.0 -2.09546344 1.84211775 -0.01522433 1.00800000 0.00021408 0.00013566 0.00014679
H 1.0 -2.18649539 -1.86036449 -0.09398632 1.00800000 0.00063831 -0.00053517 -0.00009615
H 1.0 2.42364910 1.77589433 -0.04999975 1.00800000 -0.00004142 -0.00013686 0.00024487
H 1.0 2.38594793 -1.65774257 -0.03914428 1.00800000 0.00014925 -0.00012665 0.00049983
States
001    -78.05117262 -78.05117262   0.00000000   0.00000000   0.00000000   0.00000000   0.00000000   0.00000000   0.00000000   0.00000000
002    -77.69147607 -78.05117262   1.01235170   0.00000000   0.00000000   0.00000000   0.00000000   0.00000000   0.35969655   0.24575810
003    -77.51267303 -78.05117262   0.83041473   0.00000000   0.00000000   0.00000000   0.00000000   0.00000000   0.53849959   0.24756213
Ekin    0.00187618 a.u.
Epot_harm    0.00000000 a.u.
Epot    -0.00253010 a.u.
Etot_harm    0.00187618 a.u.
Etot    -0.00065392 a.u.


Index     66
Atoms
C 6.0 -1.19203994 0.01516804 0.00516931 12.01100000 0.00024603 0.00003791 -0.00003025
C 6.0 1.21891406 -0.01461229 -0.02333105 12.01100000 -0.00005633 0.00000465 -0.00001519
H 1.0 -2.47618912 1.58966080 0.03435660 1.00800000 -0.00065348 -0.00107460 0.00001591
H 1.0 -2.41007858 -1.67531668 -0.02393176 1.00800000 -0.00095782 0.00044300 0.00030123
H 1.0 2.32320479 1.79173853 0.10609040 1.00800000 -0.00008972 0.00019914 0.00023787
H 1.0 2.24283961 -1.71270476 0.09989408 1.00800000 -0.00055939 -0.00007464 -0.00001353
States
001    -78.04582531 -78.04582531   0.00000000   0.00000000   0.00000000   0.00000000   0.00000000   0.00000000   0.00000000   0.00000000
002    -77.66773615 -78.04582531   0.62408545   0.00000000   0.00000000   0.00000000   0.00000000   0.00000000   0.37808915   0.09817278
003    -77.45348473 -78.04582531   0.49874546   0.00000000   0.00000000   0.00000000   0.00000000   0.00000000   0.59234057   0.09822864
Ekin    0.00367453 a.u.
Epot_harm    0.00000000 a.u.
Epot    -0.00787742 a.u.
Etot_harm    0.00367453 a.u.
Etot    -0.00420289 a.u.


Index     67
Atoms
C 6.0 -1.29555460 -0.00057841 -0.00434762 12.01100000 -0.00022962 0.00001569 -0.00000975
C 6.0 1.28144137 -0.00079743 0.00045763 12.01100000 -0.00002886 -0.00003638 0.00009981
H 1.0 -2.28603658 1.80481484 -0.00528626 1.00800000 0.00141605 0.00047744 -0.00013501
H 1.0 -2.25451149 -1.83151967 0.03798438 1.00800000 0.00063025 -0.00097496 -0.00005867
H 1.0 2.42972079 1.77845351 0.04827198 1.00800000 0.00068888 0.00017052 -0.00041014
H 1.0 2.27899593 -1.73535472 -0.03461844 1.00800000 0.00034473 0.00057346 -0.00046925
States
001    -78.05337076 -78.05337076   0.00000000   0.00000000   0.00000000   0.00000000   0.00000000   0.00000000   0.00000000   0.00000000
002    -77.69534300 -78.05337076   1.01476611   0.00000000   0.00000000   0.00000000   0.00000000   0.00000000   0.35802776   0.24578612
003    -77.51777810 -78.05337076   0.83259535   0.00000000   0.00000000   0.00000000   0.00000000   0.00000000   0.53559266   0.24752058
Ekin    0.00525429 a.u.
Epot_harm    0.00000000 a.u.
Epot    -0.00033196 a.u.
Etot_harm    0.00525429 a.u.
Etot    0.00492232 a.u.


Index     68
Atoms
C 6.0 -1.20139760 -0.00434758 -0.00394807 12.01100000 0.00025587 0.00007215 0.00000309
C 6.0 1.19532855 -0.00711401 0.02373950 12.01100000 0.00002145 -0.00013122 -0.00002245
H 1.0 -2.27225976 1.76496183 -0.00439420 1.00800000 -0.00098109 -0.00078471 0.00014666
H 1.0 -2.34977632 -1.71553833 -0.03120943 1.00800000 -0.00136573 0.00026106 -0.00013524
H 1.0 2.34577585 1.73571947 -0.10337201 1.00800000 -0.00030353 0.00106553 -0.00008929
H 1.0 2.34857712 -1.64857041 -0.09685258 1.00800000 -0.00065411 0.00016198 0.00030855
States
001    -78.04630082 -78.04630082   0.00000000   0.00000000   0.00000000   0.00000000   0.00000000   0.00000000   0.00000000   0.00000000
002    -77.66424604 -78.04630082   0.69555614   0.00000000   0.00000000   0.00000000   0.00000000   0.00000000   0.38205478   0.12322498
003    -77.44567012 -78.04630082   0.55525354   0.00000000   0.00000000   0.00000000   0.00000000   0.00000000   0.60063070   0.12345223
Ekin    0.00587544 a.u.
Epot_harm    0.00000000 a.u.
Epot    -0.00740190 a.u.
Etot_harm    0.00587544 a.u.
Etot    -0.00152646 a.u.


Index     69
Atoms
C 6.0 -1.28307867 0.00532243 -0.00346553 12.01100000 -0.00013917 0.00003678 0.00000816
C 6.0 1.30938887 -0.01394661 -0.00812439 12.01100000 -0.00003858 -0.00008677 -0.00008461
H 1.0 -2.42395850 1.74347981 0.04509603 1.00800000 0.00069007 0.00063084 -0.00001974
H 1.0 -2.41606002 -1.70397506 -0.01365270 1.00800000 0.00043220 -0.00127421 0.00013571
H 1.0 2.22300718 1.83532684 0.03347338 1.00800000 0.00103918 0.00048177 0.00049453
H 1.0 2.30350763 -1.77206864 0.07318505 1.00800000 -0.00004346 0.00075719 0.00030037
States
001    -78.05273375 -78.05273375   0.00000000   0.00000000   0.00000000   0.00000000   0.00000000   0.00000000   0.00000000   0.00000000
002    -77.69743348 -78.05273375   0.96323641   0.00000000   0.00000000   0.00000000   0.00000000   0.00000000   0.35530027   0.21977083
003    -77.52350224 -78.05273375   0.79164642   0.00000000   0.00000000   0.00000000   0.00000000   0.00000000   0.52923151   0.22111435
Ekin    0.00492974 a.u.
Epot_harm    0.00000000 a.u.
Epot    -0.00096898 a.u.
Etot_harm    0.00492974 a.u.
Etot    0.00396076 a.u.


Index     70
Atoms
C 6.0 -1.21346448 -0.00739690 0.00242656 12.01100000 0.00017667 0.00001572 0.00001196
C 6.0 1.17773197 0.01197289 -0.01404671 12.01100000 -0.00002655 -0.00004893 0.00006808
H 1.0 -2.20838433 1.79608449 -0.03485804 1.00800000 -0.00050569 -0.00008277 -0.00025389
H 1.0 -2.18142274 -1.76919013 0.00920631 1.00800000 -0.00073769 -0.00045623 -0.00007374
H 1.0 2.45489413 1.58235446 0.10636658 1.00800000 0.00038524 0.00068917 -0.00019407
H 1.0 2.36068989 -1.66377490 0.05774718 1.00800000 -0.00093063 0.00024551 -0.00043202
States
001    -78.04317856 -78.04317856   0.00000000   0.00000000   0.00000000   0.00000000   0.00000000   0.00000000   0.00000000   0.00000000
002    -77.66379744 -78.04317856   0.68070776   0.00000000   0.00000000   0.00000000   0.00000000   0.00000000   0.37938112   0.11719413
003    -77.44436021 -78.04317856   0.54245237   0.00000000   0.00000000   0.00000000   0.00000000   0.00000000   0.59881836   0.11747003
Ekin    0.00305712 a.u.
Epot_harm    0.00000000 a.u.
Epot    -0.01052416 a.u.
Etot_harm    0.00305712 a.u.
Etot    -0.00746704 a.u.


Index     71
Atoms
C 6.0 -1.27883464 0.00278168 -0.00206439 12.01100000 -0.00000536 0.00006660 -0.00003379
C 6.0 1.32114180 0.00222527 0.02332939 12.01100000 0.00005876 -0.00015831 0.00006047
H 1.0 -2.51148332 1.66252411 -0.05165200 1.00800000 -0.00032865 0.00027153 0.00021700
H 1.0 -2.40874611 -1.65363064 -0.04085629 1.00800000 -0.00038890 -0.00049222 -0.00006667
H 1.0 2.22745531 1.79230009 -0.06905638 1.00800000 -0.00001484 0.00054753 -0.00040807
H 1.0 2.18865585 -1.86085466 -0.09182215 1.00800000 0.00009612 0.00076598 -0.00006028
States
001    -78.05051766 -78.05051766   0.00000000   0.00000000   0.00000000   0.00000000   0.00000000   0.00000000   0.00000000   0.00000000
002    -77.69661703 -78.05051766   0.92499534   0.00000000   0.00000000   0.00000000   0.00000000   0.00000000   0.35390064   0.20186879
003    -77.52557477 -78.05051766   0.76164866   0.00000000   0.00000000   0.00000000   0.00000000   0.00000000   0.52494289   0.20301595
Ekin    0.00196893 a.u.
Epot_harm    0.00000000 a.u.
Epot    -0.00318506 a.u.
Etot_harm    0.00196893 a.u.
Etot    -0.00121613 a.u.


Index     72
Atoms
C 6.0 -1.21673445 0.00118926 -0.01636223 12.01100000 0.00002558 -0.00006461 -0.00001602
C 6.0 1.17895731 -0.00776048 0.01518144 12.01100000 -0.00009808 -0.00002600 -0.00009107
H 1.0 -2.20353475 1.78915947 0.07543477 1.00800000 0.00063108 0.00073791 0.00020549
H 1.0 -2.19512941 -1.71165967 0.00654656 1.00800000 0.00015259 -0.00049496 0.00023525
H 1.0 2.35093115 1.62479522 -0.05742335 1.00800000 0.00042027 0.00006265 0.00044077
H 1.0 2.49787318 -1.62399452 -0.01048809 1.00800000 -0.00034009 0.00077397 0.00039454
States
001    -78.04322342 -78.04322342   0.00000000   0.00000000   0.00000000   0.00000000   0.00000000   0.00000000   0.00000000   0.00000000
002    -77.66471259 -78.04322342   0.63166727   0.00000000   0.00000000   0.00000000   0.00000000   0.00000000   0.37851084   0.10068478
003    -77.44630713 -78.04322342   0.50368565   0.00000000   0.00000000   0.00000000   0.00000000   0.00000000   0.59691629   0.10095814
Ekin    0.00260545 a.u.
Epot_harm    0.00000000 a.u.
Epot    -0.01047930 a.u.
Etot_harm    0.00260545 a.u.
Etot    -0.00787384 a.u.


Index     73
Atoms
C 6.0 -1.28489828 -0.01608660 -0.00279196 12.01100000 0.00010058 -0.00002157 0.00006963
C 6.0 1.30532592 0.01414413 -0.01869595 12.01100000 0.00015120 -0.00003815 -0.00003124
H 1.0 -2.32588100 1.74654919 0.02010323 1.00800000 -0.00122899 -0.00019401 -0.00038196
H 1.0 -2.40601495 -1.64284363 0.04210287 1.00800000 -0.00077187 0.00046433 -0.00014118
H 1.0 2.22348959 1.78351764 0.11428423 1.00800000 -0.00025482 0.00022491 0.00017653
H 1.0 2.26499722 -1.86407721 0.07955241 1.00800000 -0.00074443 0.00021633 -0.00011090
States
001    -78.05215057 -78.05215057   0.00000000   0.00000000   0.00000000   0.00000000   0.00000000   0.00000000   0.00000000   0.00000000
002    -77.69594413 -78.05215057   0.96596118   0.00000000   0.00000000   0.00000000   0.00000000   0.00000000   0.35620644   0.22157964
003    -77.52215644 -78.05215057   0.79452652   0.00000000   0.00000000   0.00000000   0.00000000   0.00000000   0.52999413   0.22304711
Ekin    0.00346406 a.u.
Epot_harm    0.00000000 a.u.
Epot    -0.00155216 a.u.
Etot_harm    0.00346406 a.u.
Etot    0.00191191 a.u.


Index     74
Atoms
C 6.0 -1.20968384 0.00823924 0.01729111 12.01100000 -0.00011090 0.00000431 0.00000241
C 6.0 1.19713213 0.00300181 -0.00489934 12.01100000 -0.00012401 -0.00004334 0.00007640
H 1.0 -2.36322979 1.65548023 -0.09517303 1.00800000 0.00050422 0.00093311 -0.00001275
H 1.0 -2.25462767 -1.67431647 -0.06156973 1.00800000 0.00146673 -0.00054790 -0.00020936
H 1.0 2.36353052 1.63990131 0.02860255 1.00800000 0.00048707 -0.00054328 -0.00049195
H 1.0 2.40388891 -1.75500970 -0.01951594 1.00800000 0.00034108 0.00062316 -0.00022508
States
001    -78.04645335 -78.04645335   0.00000000   0.00000000   0.00000000   0.00000000   0.00000000   0.00000000   0.00000000   0.00000000
002    -77.66646213 -78.04645335   0.58854067   0.00000000   0.00000000   0.00000000   0.00000000   0.00000000   0.37999122   0.08774760
003    -77.45113407 -78.04645335   0.47076196   0.00000000   0.00000000   0.00000000   0.00000000   0.00000000   0.59531928   0.08795518
Ekin    0.00493561 a.u.
Epot_harm    0.00000000 a.u.
Epot    -0.00724938 a.u.
Etot_harm    0.00493561 a.u.
Etot    -0.00231377 a.u.


Index     75
Atoms
C 6.0 -1.29653355 0.00321000 -0.00514357 12.01100000 0.00013585 -0.00011829 -0.00008569
C 6.0 1.27727675 0.00821216 0.01676969 12.01100000 0.00010628 0.00006230 0.00000279
H 1.0 -2.25689073 1.76123012 0.02735713 1.00800000 -0.00071910 -0.00021310 0.00042675
H 1.0 -2.18256170 -1.76920589 -0.03587182 1.00800000 -0.00104232 0.00110833 0.00035514
H 1.0 2.33490979 1.72467886 -0.09063467 1.00800000 -0.00066233 0.00018185 0.00006569
H 1.0 2.33400032 -1.85280585 -0.03938378 1.00800000 -0.00046136 -0.00040983 0.00014023
States
001    -78.05311057 -78.05311057   0.00000000   0.00000000   0.00000000   0.00000000   0.00000000   0.00000000   0.00000000   0.00000000
002    -77.69362038 -78.05311057   1.00050807   0.00000000   0.00000000   0.00000000   0.00000000   0.00000000   0.35949019   0.23990372
003    -77.51549024 -78.05311057   0.82112956   0.00000000   0.00000000   0.00000000   0.00000000   0.00000000   0.53762033   0.24166168
Ekin    0.00433385 a.u.
Epot_harm    0.00000000 a.u.
Epot    -0.00059215 a.u.
Etot_harm    0.00433385 a.u.
Etot    0.00374170 a.u.


Index     76
Atoms
C 6.0 -1.20073293 -0.01162061 -0.01930918 12.01100000 -0.00019673 -0.00004046 0.00004044
C 6.0 1.21814318 0.00988215 0.00111936 12.01100000 -0.00003897 0.00001528 -0.00005108
H 1.0 -2.35500782 1.62118563 0.08126115 1.00800000 0.00061784 0.00057808 -0.00026488
H 1.0 -2.47793101 -1.54416678 0.08259488 1.00800000 0.00117554 0.00020573 -0.00000427
H 1.0 2.27131198 1.73483442 0.02733727 1.00800000 0.00012280 -0.00039801 0.00034150
H 1.0 2.35417190 -1.79113853 0.02555067 1.00800000 0.00089235 -0.00008568 0.00005448
States
001    -78.04639951 -78.04639951   0.00000000   0.00000000   0.00000000   0.00000000   0.00000000   0.00000000   0.00000000   0.00000000
002    -77.66901017 -78.04639951   0.59168348   0.00000000   0.00000000   0.00000000   0.00000000   0.00000000   0.37738934   0.08807999
003    -77.45811429 -78.04639951   0.47405212   0.00000000   0.00000000   0.00000000   0.00000000   0.00000000   0.58828523   0.08813509
Ekin    0.00354553 a.u.
Epot_harm    0.00000000 a.u.
Epot    -0.00730321 a.u.
Etot_harm    0.00354553 a.u.
Etot    -0.00375768 a.u.


Index     77
Atoms
C 6.0 -1.30151567 0.00947291 0.01158009 12.01100000 0.00006582 -0.00004027 0.00007362
C 6.0 1.25940078 -0.00781058 -0.00799161 12.01100000 -0.00006717 0.00006762 0.00001416
H 1.0 -2.13913755 1.80694495 -0.08317025 1.00800000 -0.00037234 -0.00052636 -0.00032219
H 1.0 -2.16806553 -1.81863085 -0.02396169 1.00800000 0.00055195 0.00126244 -0.00043375
H 1.0 2.33381430 1.72702821 0.06233305 1.00800000 -0.00034647 -0.00015244 -0.00020993
H 1.0 2.47521604 -1.73515010 0.00203986 1.00800000 0.00018303 -0.00090954 -0.00008016
States
001    -78.05207879 -78.05207879   0.00000000   0.00000000   0.00000000   0.00000000   0.00000000   0.00000000   0.00000000   0.00000000
002    -77.69136840 -78.05207879   0.97652672   0.00000000   0.00000000   0.00000000   0.00000000   0.00000000   0.36071039   0.22931668
003    -77.51058256 -78.05207879   0.79973854   0.00000000   0.00000000   0.00000000   0.00000000   0.00000000   0.54149624   0.23088740
Ekin    0.00358928 a.u.
Epot_harm    0.00000000 a.u.
Epot    -0.00162393 a.u.
Etot_harm    0.00358928 a.u.
Etot    0.00196534 a.u.


Index     78
Atoms
C 6.0 -1.19633204 0.00802160 0.01198872 12.01100000 -0.00019911 -0.00007498 -0.00009716
C 6.0 1.22851220 0.00663489 0.00515292 12.01100000 0.00010624 0.00014540 0.00003177
H 1.0 -2.46042294 1.56148117 -0.06051735 1.00800000 0.00011780 -0.00057879 0.00048027
H 1.0 -2.43882721 -1.65707083 -0.11406066 1.00800000 0.00057395 0.00111404 0.00030497
H 1.0 2.29778389 1.73810546 -0.03550502 1.00800000 0.00010390 -0.00022811 -0.00009598
H 1.0 2.21801795 -1.81715769 0.00582873 1.00800000 0.00031099 -0.00114629 0.00008991
States
001    -78.04648923 -78.04648923   0.00000000   0.00000000   0.00000000   0.00000000   0.00000000   0.00000000   0.00000000   0.00000000
002    -77.67214140 -78.04648923   0.66356548   0.00000000   0.00000000   0.00000000   0.00000000   0.00000000   0.37434783   0.10988835
003    -77.46183767 -78.04648923   0.53128299   0.00000000   0.00000000   0.00000000   0.00000000   0.00000000   0.58465157   0.11001647
Ekin    0.00439543 a.u.
Epot_harm    0.00000000 a.u.
Epot    -0.00721349 a.u.
Etot_harm    0.00439543 a.u.
Etot    -0.00281806 a.u.


Index     79
Atoms
C 6.0 -1.29124574 0.00508884 -0.02970689 12.01100000 -0.00001642 -0.00000850 -0.00004558
C 6.0 1.26284881 0.00718395 0.01237841 12.01100000 -0.00022422 0.00005662 0.00000037
H 1.0 -2.23113907 1.78747769 0.10735755 1.00800000 0.00097671 -0.00052057 0.00008165
H 1.0 -2.23600170 -1.88827633 0.07250514 1.00800000 0.00092151 0.00091400 0.00031711
H 1.0 2.44942357 1.67979492 0.00742296 1.00800000 -0.00015215 -0.00029085 0.00020668
H 1.0 2.35608572 -1.72523484 0.01919487 1.00800000 0.00112139 -0.00067602 -0.00006665
States
001    -78.05253636 -78.05253636   0.00000000   0.00000000   0.00000000   0.00000000   0.00000000   0.00000000   0.00000000   0.00000000
002    -77.69241813 -78.05253636   0.96470224   0.00000000   0.00000000   0.00000000   0.00000000   0.00000000   0.36011823   0.22342946
003    -77.51063639 -78.05253636   0.78884155   0.00000000   0.00000000   0.00000000   0.00000000   0.00000000   0.54189998   0.22480576
Ekin    0.00510107 a.u.
Epot_harm    0.00000000 a.u.
Epot    -0.00116636 a.u.
Etot_harm    0.00510107 a.u.
Etot    0.00393471 a.u.


Index     80
Atoms
C 6.0 -1.20084638 0.00978340 -0.01627778 12.01100000 -0.00013034 0.00001125 0.00011175
C 6.0 1.22248059 -0.01414702 0.00839959 12.01100000 0.00020317 0.00006731 -0.00001241
H 1.0 -2.34275210 1.71285825 0.01952221 1.00800000 -0.00018662 -0.00102756 -0.00047705
H 1.0 -2.44518404 -1.75435890 0.06781592 1.00800000 -0.00032967 0.00105129 -0.00047594
H 1.0 2.22233739 1.78026497 0.04391905 1.00800000 -0.00068983 0.00035958 -0.00008687
H 1.0 2.30781250 -1.68676888 -0.03738324 1.00800000 0.00033829 -0.00131932 -0.00014382
States
001    -78.04815803 -78.04815803   0.00000000   0.00000000   0.00000000   0.00000000   0.00000000   0.00000000   0.00000000   0.00000000
002    -77.67067897 -78.04815803   0.76499674   0.00000000   0.00000000   0.00000000   0.00000000   0.00000000   0.37747906   0.14727220
003    -77.45755802 -78.04815803   0.61240229   0.00000000   0.00000000   0.00000000   0.00000000   0.00000000   0.59060000   0.14766440
Ekin    0.00564797 a.u.
Epot_harm    0.00000000 a.u.
Epot    -0.00554470 a.u.
Etot_harm    0.00564797 a.u.
Etot    0.00010327 a.u.


Index     81
Atoms
C 6.0 -1.27083283 0.00124225 0.02473873 12.01100000 -0.00000208 0.00001600 0.00002009
C 6.0 1.27979534 -0.00600067 -0.00173146 12.01100000 -0.00028021 0.00011542 -0.00003068
H 1.0 -2.32099262 1.79136375 -0.09804948 1.00800000 0.00099210 -0.00034849 0.00012495
H 1.0 -2.44672770 -1.82219128 -0.15459126 1.00800000 0.00075016 -0.00022669 -0.00017449
H 1.0 2.33064870 1.76160957 -0.01126855 1.00800000 0.00083139 -0.00058324 -0.00004882
H 1.0 2.33027716 -1.67408216 -0.01023765 1.00800000 0.00079002 -0.00040758 0.00022459
States
001    -78.05287730 -78.05287730   0.00000000   0.00000000   0.00000000   0.00000000   0.00000000   0.00000000   0.00000000   0.00000000
002    -77.69170037 -78.05287730   0.92465504   0.00000000   0.00000000   0.00000000   0.00000000   0.00000000   0.36117693   0.20586771
003    -77.50834853 -78.05287730   0.75501284   0.00000000   0.00000000   0.00000000   0.00000000   0.00000000   0.54452877   0.20693704
Ekin    0.00436754 a.u.
Epot_harm    0.00000000 a.u.
Epot    -0.00082542 a.u.
Etot_harm    0.00436754 a.u.
Etot    0.00354212 a.u.


Index     82
Atoms
C 6.0 -1.21563359 0.00513187 0.00063274 12.01100000 -0.00006098 0.00011003 -0.00009621
C 6.0 1.21153023 0.00269205 -0.00736506 12.01100000 0.00022380 -0.00000266 0.00001197
H 1.0 -2.30363666 1.78661749 0.03570670 1.00800000 -0.00045908 -0.00074150 0.00034132
H 1.0 -2.28472324 -1.88335524 -0.03730087 1.00800000 -0.00049095 -0.00022618 0.00051953
H 1.0 2.40539387 1.66065354 0.03313716 1.00800000 -0.00052601 0.00061231 0.00017160
H 1.0 2.23186023 -1.65714311 0.04867708 1.00800000 -0.00046404 -0.00092400 -0.00002867
States
001    -78.04754793 -78.04754793   0.00000000   0.00000000   0.00000000   0.00000000   0.00000000   0.00000000   0.00000000   0.00000000
002    -77.67023037 -78.04754793   0.82342613   0.00000000   0.00000000   0.00000000   0.00000000   0.00000000   0.37731756   0.17055523
003    -77.45917298 -78.04754793   0.66059214   0.00000000   0.00000000   0.00000000   0.00000000   0.00000000   0.58837495   0.17117082
Ekin    0.00375542 a.u.
Epot_harm    0.00000000 a.u.
Epot    -0.00615479 a.u.
Etot_harm    0.00375542 a.u.
Etot    -0.00239937 a.u.


Index     83
Atoms
C 6.0 -1.25302671 0.01704306 -0.02461506 12.01100000 0.00010204 0.00006327 0.00001279
C 6.0 1.29071987 -0.01437991 0.00774801 12.01100000 -0.00019590 -0.00002262 0.00004574
H 1.0 -2.51421196 1.70015466 0.08176244 1.00800000 0.00051202 0.00004710 -0.00020688
H 1.0 -2.42546407 -1.78913188 0.11871379 1.00800000 -0.00048096 -0.00082071 0.00000244
H 1.0 2.26859603 1.76955695 0.04085161 1.00800000 0.00036941 -0.00027119 -0.00018114
H 1.0 2.22194051 -1.71231304 -0.04034571 1.00800000 0.00071790 0.00056042 -0.00031183
States
001    -78.05155841 -78.05155841   0.00000000   0.00000000   0.00000000   0.00000000   0.00000000   0.00000000   0.00000000   0.00000000
002    -77.68998672 -78.05155841   0.86483147   0.00000000   0.00000000   0.00000000   0.00000000   0.00000000   0.36157170   0.18028772
003    -77.50470589 -78.05155841   0.70477002   0.00000000   0.00000000   0.00000000   0.00000000   0.00000000   0.54685252   0.18108138
Ekin    0.00279628 a.u.
Epot_harm    0.00000000 a.u.
Epot    -0.00214431 a.u.
Etot_harm    0.00279628 a.u.
Etot    0.00065197 a.u.


Index     84
Atoms
C 6.0 -1.23141388 -0.00813287 0.00770772 12.01100000 -0.00005220 0.00004786 0.00008653
C 6.0 1.20992251 -0.00423803 0.01092109 12.01100000 0.00018147 -0.00000259 -0.00004504
H 1.0 -2.17717386 1.86656423 -0.03976152 1.00800000 0.00036627 0.00024920 -0.00017783
H 1.0 -2.31022812 -1.81126589 -0.06480855 1.00800000 -0.00082912 -0.00127364 -0.00051438
H 1.0 2.37327739 1.66121772 -0.04903102 1.00800000 -0.00032851 0.00030777 -0.00007233
H 1.0 2.37020859 -1.56910841 -0.06837373 1.00800000 -0.00074897 0.00017726 0.00027022
States
001    -78.04766457 -78.04766457   0.00000000   0.00000000   0.00000000   0.00000000   0.00000000   0.00000000   0.00000000   0.00000000
002    -77.67400758 -78.04766457   0.80042723   0.00000000   0.00000000   0.00000000   0.00000000   0.00000000   0.37365699   0.15959731
003    -77.46802835 -78.04766457   0.64374974   0.00000000   0.00000000   0.00000000   0.00000000   0.00000000   0.57963622   0.16013947
Ekin    0.00389630 a.u.
Epot_harm    0.00000000 a.u.
Epot    -0.00603816 a.u.
Etot_harm    0.00389630 a.u.
Etot    -0.00214186 a.u.


Index     85
Atoms
C 6.0 -1.24704543 -0.00559850 0.01720951 12.01100000 0.00024670 0.00014672 -0.00003640
C 6.0 1.28374149 -0.00538697 -0.01390974 12.01100000 -0.00005224 -0.00009929 -0.00004478
H 1.0 -2.41516340 1.74779188 -0.02712634 1.00800000 -0.00085137 -0.00017432 0.00019566
H 1.0 -2.45462604 -1.67881644 -0.10335585 1.00800000 -0.00110414 -0.00116860 0.00019766
H 1.0 2.20799083 1.79659857 0.02672753 1.00800000 0.00009804 -0.00032671 0.00034401
H 1.0 2.22454032 -1.73467468 0.06443579 1.00800000 -0.00045962 0.00110445 0.00023001
States
001    -78.05234795 -78.05234795   0.00000000   0.00000000   0.00000000   0.00000000   0.00000000   0.00000000   0.00000000   0.00000000
002    -77.68933176 -78.05234795   0.86964159   0.00000000   0.00000000   0.00000000   0.00000000   0.00000000   0.36301619   0.18302707
003    -77.50191560 -78.05234795   0.70795101   0.00000000   0.00000000   0.00000000   0.00000000   0.00000000   0.55043235   0.18391582
Ekin    0.00579479 a.u.
Epot_harm    0.00000000 a.u.
Epot    -0.00135477 a.u.
Etot_harm    0.00579479 a.u.
Etot    0.00444002 a.u.


Index     86
Atoms
C 6.0 -1.24070526 0.00841807 -0.01363655 12.01100000 -0.00011180 0.00005406 -0.00006995
C 6.0 1.21984229 -0.00582395 -0.00756074 12.01100000 0.00014145 -0.00003818 0.00008955
H 1.0 -2.36396921 1.76154536 0.04833785 1.00800000 0.00027187 0.00102666 0.00004860
H 1.0 -2.17484698 -1.76201774 0.06543679 1.00800000 -0.00000152 -0.00193595 0.00033954
H 1.0 2.42264586 1.63454405 0.09625673 1.00800000 0.00018549 -0.00036517 -0.00017599
H 1.0 2.36476684 -1.66498260 0.04254853 1.00800000 -0.00080917 0.00108528 -0.00044576
States
001    -78.05046383 -78.05046383   0.00000000   0.00000000   0.00000000   0.00000000   0.00000000   0.00000000   0.00000000   0.00000000
002    -77.67858330 -78.05046383   0.73030435   0.00000000   0.00000000   0.00000000   0.00000000   0.00000000   0.37188053   0.13222694
003    -77.47639923 -78.05046383   0.58873744   0.00000000   0.00000000   0.00000000   0.00000000   0.00000000   0.57406460   0.13265170
Ekin    0.00718169 a.u.
Epot_harm    0.00000000 a.u.
Epot    -0.00323889 a.u.
Etot_harm    0.00718169 a.u.
Etot    0.00394280 a.u.


Index     87
Atoms
C 6.0 -1.25284089 -0.01287867 -0.01619078 12.01100000 0.00032185 -0.00000080 0.00004288
C 6.0 1.26061188 0.01093057 0.02764148 12.01100000 0.00001353 -0.00007680 0.00002657
H 1.0 -2.33584135 1.74615747 0.01301817 1.00800000 -0.00081615 0.00025563 -0.00010446
H 1.0 -2.30037739 -1.66515986 0.01974492 1.00800000 -0.00175829 -0.00048529 -0.00036759
H 1.0 2.32149032 1.74947989 -0.05763221 1.00800000 -0.00058784 -0.00008709 -0.00034697
H 1.0 2.22213177 -1.80726452 -0.11157368 1.00800000 -0.00083403 0.00124141 -0.00000861
States
001    -78.05321824 -78.05321824   0.00000000   0.00000000   0.00000000   0.00000000   0.00000000   0.00000000   0.00000000   0.00000000
002    -77.68686446 -78.05321824   0.87819466   0.00000000   0.00000000   0.00000000   0.00000000   0.00000000   0.36635378   0.18836100
003    -77.49620044 -78.05321824   0.71409261   0.00000000   0.00000000   0.00000000   0.00000000   0.00000000   0.55701780   0.18935941
Ekin    0.00758144 a.u.
Epot_harm    0.00000000 a.u.
Epot    -0.00048449 a.u.
Etot_harm    0.00758144 a.u.
Etot    0.00709695 a.u.


Index     88
Atoms
C 6.0 -1.24313607 -0.00798740 0.00433456 12.01100000 -0.00017149 0.00003730 0.00003855
C 6.0 1.23671373 -0.00613269 0.00874002 12.01100000 0.00012568 -0.00012223 -0.00011073
H 1.0 -2.31817761 1.72925570 -0.00570686 1.00800000 0.00015087 0.00128417 0.00003167
H 1.0 -2.33147587 -1.57990094 -0.08250225 1.00800000 0.00032646 -0.00125882 -0.00006100
H 1.0 2.29238604 1.75526743 -0.05301627 1.00800000 0.00012043 -0.00034018 0.00042189
H 1.0 2.43379417 -1.73637186 -0.01456705 1.00800000 -0.00005193 0.00132691 0.00046745
States
001    -78.05086757 -78.05086757   0.00000000   0.00000000   0.00000000   0.00000000   0.00000000   0.00000000   0.00000000   0.00000000
002    -77.68184014 -78.05086757   0.72447758   0.00000000   0.00000000   0.00000000   0.00000000   0.00000000   0.36902743   0.12912707
003    -77.48360374 -78.05086757   0.58536184   0.00000000   0.00000000   0.00000000   0.00000000   0.00000000   0.56726383   0.12958139
Ekin    0.00602225 a.u.
Epot_harm    0.00000000 a.u.
Epot    -0.00283515 a.u.
Etot_harm    0.00602225 a.u.
Etot    0.00318710 a.u.


Index     89
Atoms
C 6.0 -1.26342637 -0.00279239 0.00613993 12.01100000 0.00025224 -0.00009049 -0.00002484
C 6.0 1.23727872 -0.00460222 -0.02639290 12.01100000 -0.00003146 0.00001993 0.00000063
H 1.0 -2.23388235 1.75946447 0.00230276 1.00800000 -0.00088203 0.00024147 -0.00003601
H 1.0 -2.19656884 -1.64888830 -0.00599852 1.00800000 -0.00035663 0.00040825 0.00029440
H 1.0 2.30976406 1.74877629 0.13449466 1.00800000 -0.00022539 -0.00013944 0.00017168
H 1.0 2.43225402 -1.77124058 0.11052876 1.00800000 -0.00116664 0.00033047 -0.00014157
States
001    -78.05075991 -78.05075991   0.00000000   0.00000000   0.00000000   0.00000000   0.00000000   0.00000000   0.00000000   0.00000000
002    -77.68219005 -78.05075991   0.84185998   0.00000000   0.00000000   0.00000000   0.00000000   0.00000000   0.36856986   0.17414391
003    -77.48824227 -78.05075991   0.68319254   0.00000000   0.00000000   0.00000000   0.00000000   0.00000000   0.56251764   0.17503750
Ekin    0.00338802 a.u.
Epot_harm    0.00000000 a.u.
Epot    -0.00294282 a.u.
Etot_harm    0.00338802 a.u.
Etot    0.00044521 a.u.


Index     90
Atoms
C 6.0 -1.23817660 -0.00711351 -0.00431647 12.01100000 -0.00022396 -0.00008791 -0.00001762
C 6.0 1.24921245 0.01762844 0.00561063 12.01100000 0.00012811 -0.00002630 0.00010897
H 1.0 -2.40832387 1.60870590 -0.01365365 1.00800000 -0.00030294 0.00063387 0.00000638
H 1.0 -2.32005775 -1.59011039 0.02375168 1.00800000 0.00092224 0.00053056 -0.00015411
H 1.0 2.36361944 1.75134904 0.02180474 1.00800000 0.00039957 -0.00021801 -0.00057046
H 1.0 2.23326259 -1.89523717 -0.04732343 1.00800000 0.00012320 0.00041452 -0.00037025
States
001    -78.04967429 -78.04967429   0.00000000   0.00000000   0.00000000   0.00000000   0.00000000   0.00000000   0.00000000   0.00000000
002    -77.68208238 -78.04967429   0.78653329   0.00000000   0.00000000   0.00000000   0.00000000   0.00000000   0.36759191   0.15160339
003    -77.48667217 -78.04967429   0.63668232   0.00000000   0.00000000   0.00000000   0.00000000   0.00000000   0.56300213   0.15214734
Ekin    0.00325675 a.u.
Epot_harm    0.00000000 a.u.
Epot    -0.00402843 a.u.
Etot_harm    0.00325675 a.u.
Etot    -0.00077167 a.u.


Index     91
Atoms
C 6.0 -1.26590162 0.00820103 -0.00839233 12.01100000 0.00009730 -0.00013721 -0.00000043
C 6.0 1.22904321 0.00050380 0.02752254 12.01100000 -0.00014706 -0.00004628 -0.00003858
H 1.0 -2.25987999 1.71354188 0.02349115 1.00800000 0.00005483 0.00021388 0.00013969
H 1.0 -2.17312061 -1.73316714 -0.03010621 1.00800000 0.00078694 0.00172417 -0.00000821
H 1.0 2.41700581 1.68883528 -0.13144136 1.00800000 -0.00040970 0.00025990 0.00007397
H 1.0 2.45518761 -1.77293398 -0.08989299 1.00800000 0.00016086 -0.00001151 0.00025930
States
001    -78.05094832 -78.05094832   0.00000000   0.00000000   0.00000000   0.00000000   0.00000000   0.00000000   0.00000000   0.00000000
002    -77.68281809 -78.05094832   0.80824652   0.00000000   0.00000000   0.00000000   0.00000000   0.00000000   0.36813023   0.16032377
003    -77.48732713 -78.05094832   0.65458113   0.00000000   0.00000000   0.00000000   0.00000000   0.00000000   0.56362119   0.16099894
Ekin    0.00425610 a.u.
Epot_harm    0.00000000 a.u.
Epot    -0.00275440 a.u.
Etot_harm    0.00425610 a.u.
Etot    0.00150170 a.u.


Index     92
Atoms
C 6.0 -1.23303173 0.00073790 -0.00130206 12.01100000 -0.00021300 -0.00018184 0.00003206
C 6.0 1.24964824 -0.00095871 -0.01424916 12.01100000 0.00014236 0.00005451 -0.00009807
H 1.0 -2.30145722 1.66845116 0.02621455 1.00800000 -0.00016135 -0.00009922 -0.00017291
H 1.0 -2.42070857 -1.65632900 0.01155239 1.00800000 0.00071772 0.00193434 0.00013071
H 1.0 2.19112837 1.83139140 0.06223771 1.00800000 0.00006304 0.00030310 0.00054692
H 1.0 2.33304051 -1.84088236 0.08529868 1.00800000 0.00022239 -0.00062100 0.00028184
States
001    -78.05137897 -78.05137897   0.00000000   0.00000000   0.00000000   0.00000000   0.00000000   0.00000000   0.00000000   0.00000000
002    -77.68165173 -78.05137897   0.86684226   0.00000000   0.00000000   0.00000000   0.00000000   0.00000000   0.36972725   0.18521252
003    -77.48426767 -78.05137897   0.70144925   0.00000000   0.00000000   0.00000000   0.00000000   0.00000000   0.56711130   0.18602425
Ekin    0.00605221 a.u.
Epot_harm    0.00000000 a.u.
Epot    -0.00232375 a.u.
Etot_harm    0.00605221 a.u.
Etot    0.00372846 a.u.


Index     93
Atoms
C 6.0 -1.25413645 -0.00019990 0.00910427 12.01100000 -0.00003974 -0.00006434 0.00000785
C 6.0 1.23565212 0.00861296 -0.01906089 12.01100000 -0.00023486 0.00003567 0.00007281
H 1.0 -2.23838553 1.71885728 -0.06279584 1.00800000 0.00030940 -0.00028295 -0.00014466
H 1.0 -2.39315854 -1.77720949 0.00898476 1.00800000 0.00169043 0.00131287 -0.00017698
H 1.0 2.41278142 1.69711528 0.11417854 1.00800000 0.00058481 -0.00004061 -0.00035308
H 1.0 2.43901592 -1.73901038 0.05827252 1.00800000 0.00068746 -0.00064768 -0.00028636
States
001    -78.05198907 -78.05198907   0.00000000   0.00000000   0.00000000   0.00000000   0.00000000   0.00000000   0.00000000   0.00000000
002    -77.68377809 -78.05198907   0.80090968   0.00000000   0.00000000   0.00000000   0.00000000   0.00000000   0.36821098   0.15746084
003    -77.48697722 -78.05198907   0.64750152   0.00000000   0.00000000   0.00000000   0.00000000   0.00000000   0.56501185   0.15792391
Ekin    0.00648270 a.u.
Epot_harm    0.00000000 a.u.
Epot    -0.00171365 a.u.
Etot_harm    0.00648270 a.u.
Etot    0.00476904 a.u.


Index     94
Atoms
C 6.0 -1.23541431 0.02431477 -0.00160455 12.01100000 -0.00009811 -0.00003619 -0.00006512
C 6.0 1.24327289 -0.00119319 0.02433257 12.01100000 0.00010383 0.00003958 0.00007872
H 1.0 -2.35736253 1.67370131 -0.03272182 1.00800000 -0.00032676 -0.00078196 0.00030664
H 1.0 -2.28623489 -1.87668155 -0.05713950 1.00800000 0.00039132 0.00146341 0.00006340
H 1.0 2.30469347 1.74735272 -0.11051455 1.00800000 -0.00024954 0.00074300 -0.00038328
H 1.0 2.24526362 -1.81988168 -0.07044370 1.00800000 0.00011685 -0.00146486 -0.00014874
States
001    -78.05175580 -78.05175580   0.00000000   0.00000000   0.00000000   0.00000000   0.00000000   0.00000000   0.00000000   0.00000000
002    -77.68076350 -78.05175580   0.93805519   0.00000000   0.00000000   0.00000000   0.00000000   0.00000000   0.37099230   0.21763584
003    -77.48090317 -78.05175580   0.75836131   0.00000000   0.00000000   0.00000000   0.00000000   0.00000000   0.57085263   0.21886942
Ekin    0.00593097 a.u.
Epot_harm    0.00000000 a.u.
Epot    -0.00194692 a.u.
Etot_harm    0.00593097 a.u.
Etot    0.00398405 a.u.


Index     95
Atoms
C 6.0 -1.23698672 0.01414248 -0.02236850 12.01100000 -0.00007000 -0.00006848 -0.00000184
C 6.0 1.24849655 0.00225017 0.01772268 12.01100000 -0.00022784 0.00007875 -0.00008421
H 1.0 -2.37442283 1.67492882 0.07258071 1.00800000 0.00100383 -0.00016429 0.00002760
H 1.0 -2.45095194 -1.84101163 0.03999037 1.00800000 0.00043620 0.00059511 0.00021659
H 1.0 2.36465068 1.70558401 -0.05200048 1.00800000 0.00076489 0.00015705 0.00050942
H 1.0 2.32357669 -1.73483083 -0.00521247 1.00800000 0.00134406 -0.00071032 0.00027177
States
001    -78.05218646 -78.05218646   0.00000000   0.00000000   0.00000000   0.00000000   0.00000000   0.00000000   0.00000000   0.00000000
002    -77.68180425 -78.05218646   0.80913264   0.00000000   0.00000000   0.00000000   0.00000000   0.00000000   0.37038220   0.16165841
003    -77.48438431 -78.05218646   0.65447772   0.00000000   0.00000000   0.00000000   0.00000000   0.00000000   0.56780215   0.16214199
Ekin    0.00530311 a.u.
Epot_harm    0.00000000 a.u.
Epot    -0.00151627 a.u.
Etot_harm    0.00530311 a.u.
Etot    0.00378684 a.u.


Index     96
Atoms
C 6.0 -1.24407674 0.00423081 -0.00307702 12.01100000 -0.00000766 0.00007481 0.00008106
C 6.0 1.23955049 -0.00164340 -0.01505367 12.01100000 0.00002769 0.00000891 -0.00004042
H 1.0 -2.18243437 1.80165344 -0.01451629 1.00800000 0.00007317 -0.00067231 -0.00036673
H 1.0 -2.41122555 -1.88869320 0.04592416 1.00800000 -0.00013103 0.00011248 -0.00025803
H 1.0 2.30017912 1.71647235 0.12543730 1.00800000 -0.00045394 0.00095540 0.00013319
H 1.0 2.34741409 -1.66026332 0.05919425 1.00800000 0.00027309 -0.00139319 0.00000732
States
001    -78.05084065 -78.05084065   0.00000000   0.00000000   0.00000000   0.00000000   0.00000000   0.00000000   0.00000000   0.00000000
002    -77.68131976 -78.05084065   0.90738092   0.00000000   0.00000000   0.00000000   0.00000000   0.00000000   0.36952089   0.20282759
003    -77.48328075 -78.05084065   0.73402323   0.00000000   0.00000000   0.00000000   0.00000000   0.00000000   0.56755990   0.20386377
Ekin    0.00368933 a.u.
Epot_harm    0.00000000 a.u.
Epot    -0.00286207 a.u.
Etot_harm    0.00368933 a.u.
Etot    0.00082727 a.u.


Index     97
Atoms
C 6.0 -1.22311569 0.01762910 0.01928209 12.01100000 0.00001034 0.00011014 -0.00001717
C 6.0 1.25695438 -0.01182400 -0.00191348 12.01100000 -0.00012869 0.00004978 0.00007495
H 1.0 -2.40729154 1.68724256 -0.09051410 1.00800000 0.00016541 -0.00063698 0.00017984
H 1.0 -2.48224350 -1.80828254 -0.11902066 1.00800000 -0.00028749 -0.00070868 -0.00021766
H 1.0 2.22104283 1.74196852 0.00524800 1.00800000 0.00085441 0.00006026 -0.00047034
H 1.0 2.26528147 -1.69010014 -0.00267194 1.00800000 0.00067792 -0.00062014 -0.00018023
States
001    -78.05074196 -78.05074196   0.00000000   0.00000000   0.00000000   0.00000000   0.00000000   0.00000000   0.00000000   0.00000000
002    -77.67920237 -78.05074196   0.79597201   0.00000000   0.00000000   0.00000000   0.00000000   0.00000000   0.37153959   0.15693125
003    -77.48029308 -78.05074196   0.64352895   0.00000000   0.00000000   0.00000000   0.00000000   0.00000000   0.57044889   0.15749314
Ekin    0.00309828 a.u.
Epot_harm    0.00000000 a.u.
Epot    -0.00296076 a.u.
Etot_harm    0.00309828 a.u.
Etot    0.00013751 a.u.


Index     98
Atoms
C 6.0 -1.25607501 0.00968103 -0.01344861 12.01100000 0.00001517 0.00011419 -0.00008726
C 6.0 1.24449006 0.00575749 0.01772115 12.01100000 -0.00001002 0.00005618 0.00000402
H 1.0 -2.31516395 1.77677481 0.06042019 1.00800000 0.00057939 -0.00031085 0.00034688
H 1.0 -2.26831526 -1.91344376 -0.01597669 1.00800000 -0.00054158 -0.00144058 0.00044460
H 1.0 2.43771773 1.59391966 -0.06540002 1.00800000 0.00008847 0.00026595 0.00017614
H 1.0 2.28380392 -1.64121104 -0.02995348 1.00800000 -0.00018769 -0.00054462 0.00002428
States
001    -78.05041897 -78.05041897   0.00000000   0.00000000   0.00000000   0.00000000   0.00000000   0.00000000   0.00000000   0.00000000
002    -77.68441510 -78.05041897   0.84584979   0.00000000   0.00000000   0.00000000   0.00000000   0.00000000   0.36600387   0.17457454
003    -77.49173238 -78.05041897   0.68606228   0.00000000   0.00000000   0.00000000   0.00000000   0.00000000   0.55868659   0.17530894
Ekin    0.00353601 a.u.
Epot_harm    0.00000000 a.u.
Epot    -0.00328375 a.u.
Etot_harm    0.00353601 a.u.
Etot    0.00025226 a.u.


Index     99
Atoms
C 6.0 -1.22092242 0.00133687 -0.02472155 12.01100000 0.00012704 0.00017492 0.00005040
C 6.0 1.25266576 0.00020316 0.00361945 12.01100000 0.00002614 -0.00006295 -0.00005326
H 1.0 -2.38549925 1.71724816 0.09000206 1.00800000 0.00000671 -0.00041234 -0.00031129
H 1.0 -2.41121257 -1.74607173 0.10904585 1.00800000 -0.00156017 -0.00133790 0.00004774
H 1.0 2.24146183 1.71288945 0.06185340 1.00800000 -0.00045762 0.00010834 0.00026076
H 1.0 2.17700673 -1.70241626 -0.00945541 1.00800000 0.00018572 0.00030766 0.00003693
States
001    -78.05037411 -78.05037411   0.00000000   0.00000000   0.00000000   0.00000000   0.00000000   0.00000000   0.00000000   0.00000000
002    -77.67921134 -78.05037411   0.78315686   0.00000000   0.00000000   0.00000000   0.00000000   0.00000000   0.37116277   0.15176466
003    -77.47920746 -78.05037411   0.63271767   0.00000000   0.00000000   0.00000000   0.00000000   0.00000000   0.57116665   0.15243739
Ekin    0.00513515 a.u.
Epot_harm    0.00000000 a.u.
Epot    -0.00332861 a.u.
Etot_harm    0.00513515 a.u.
Etot    0.00180654 a.u.


Index     100
Atoms
C 6.0 -1.25987616 0.00212874 0.01916099 12.01100000 0.00001341 0.00014999 0.00009702
C 6.0 1.25351171 -0.01700901 -0.00901900 12.01100000 -0.00000348 -0.00001340 0.00000083
H 1.0 -2.30006986 1.80822810 -0.07855353 1.00800000 0.00062698 0.00014747 -0.00023802
H 1.0 -2.33270618 -1.72562522 -0.08602379 1.00800000 -0.00080250 -0.00209731 -0.00065961
H 1.0 2.28953915 1.68633528 0.04648486 1.00800000 0.00016003 -0.00055619 -0.00029316
H 1.0 2.41907358 -1.59162960 -0.00275622 1.00800000 -0.00010275 0.00087843 0.00002483
States
001    -78.05241973 -78.05241973   0.00000000   0.00000000   0.00000000   0.00000000   0.00000000   0.00000000   0.00000000   0.00000000
002    -77.68721437 -78.05241973   0.76923013   0.00000000   0.00000000   0.00000000   0.00000000   0.00000000   0.36520536   0.14406499
003    -77.49714250 -78.05241973   0.62517268   0.00000000   0.00000000   0.00000000   0.00000000   0.00000000   0.55527723   0.14468336
Ekin    0.00692513 a.u.
Epot_harm    0.00000000 a.u.
Epot    -0.00128300 a.u.
Etot_harm    0.00692513 a.u.
Etot    0.00564213 a.u.


